config_id,strategy,search_scope,query_id,specificity,target_document_codes,gold_unit_count,top_k,precision,recall,f1,r_precision,mrr,ndcg,retrieved_answer_unit_count,relevant_retrieved_count
fs_128_25,fixed_size,all_acts,q4eu_001,H,E,3,5,0.375,1.0,0.5454545454545454,0.6666666666666666,1.0,0.9060254355346823,8,3
fs_128_25,fixed_size,all_acts,q4eu_001,H,E,3,10,0.21428571428571427,1.0,0.35294117647058826,0.6666666666666666,1.0,0.9060254355346823,14,3
fs_128_25,fixed_size,all_acts,q4eu_002,N,E,2,5,0.14285714285714285,0.5,0.22222222222222224,0.5,1.0,0.6131471927654584,7,1
fs_128_25,fixed_size,all_acts,q4eu_002,N,E,2,10,0.11764705882352941,1.0,0.21052631578947367,0.5,1.0,0.7741900178546666,17,2
fs_128_25,fixed_size,all_acts,q4eu_003,L,E,2,5,0.125,0.5,0.2,0.0,0.16666666666666666,0.21840743681816419,8,1
fs_128_25,fixed_size,all_acts,q4eu_003,L,E,2,10,0.14285714285714285,1.0,0.25,0.0,0.16666666666666666,0.3841032025833937,14,2
fs_128_25,fixed_size,all_acts,q4eu_004,N,E,2,5,0.3333333333333333,1.0,0.5,0.5,0.5,0.6934264036172708,6,2
fs_128_25,fixed_size,all_acts,q4eu_004,N,E,2,10,0.2,1.0,0.33333333333333337,0.5,0.5,0.6934264036172708,10,2
fs_128_25,fixed_size,all_acts,q4eu_005,L,E,2,5,0.14285714285714285,0.5,0.22222222222222224,0.0,0.2,0.23719771276929622,7,1
fs_128_25,fixed_size,all_acts,q4eu_005,L,E,2,10,0.18181818181818182,1.0,0.3076923076923077,0.0,0.2,0.4082307968370143,11,2
fs_128_25,fixed_size,all_acts,q4eu_006,N,E,2,5,0.16666666666666666,1.0,0.2857142857142857,0.5,1.0,0.8175295903539445,12,2
fs_128_25,fixed_size,all_acts,q4eu_006,N,E,2,10,0.1,1.0,0.18181818181818182,0.5,1.0,0.8175295903539445,20,2
fs_128_25,fixed_size,all_acts,q4eu_007,H,E,1,5,0.16666666666666666,1.0,0.2857142857142857,1.0,1.0,1.0,6,1
fs_128_25,fixed_size,all_acts,q4eu_007,H,E,1,10,0.07692307692307693,1.0,0.14285714285714288,1.0,1.0,1.0,13,1
fs_128_25,fixed_size,all_acts,q4eu_008,L,E,2,5,0.0,0.0,0.0,0.0,0.0,0.0,15,0
fs_128_25,fixed_size,all_acts,q4eu_008,L,E,2,10,0.0,0.0,0.0,0.0,0.0,0.0,21,0
fs_128_25,fixed_size,all_acts,q4eu_009,H,E,2,5,0.2,1.0,0.33333333333333337,0.5,0.5,0.6509209298071326,10,2
fs_128_25,fixed_size,all_acts,q4eu_009,H,E,2,10,0.15384615384615385,1.0,0.2666666666666667,0.5,0.5,0.6509209298071326,13,2
fs_128_25,fixed_size,all_acts,q4eu_010,H,E,1,5,0.25,1.0,0.4,1.0,1.0,1.0,4,1
fs_128_25,fixed_size,all_acts,q4eu_010,H,E,1,10,0.1111111111111111,1.0,0.19999999999999998,1.0,1.0,1.0,9,1
fs_128_25,fixed_size,all_acts,q4eu_011,L,E,5,5,0.16666666666666666,0.4,0.23529411764705882,0.2,0.3333333333333333,0.29039140533630226,12,2
fs_128_25,fixed_size,all_acts,q4eu_011,L,E,5,10,0.10526315789473684,0.4,0.16666666666666666,0.2,0.3333333333333333,0.29039140533630226,19,2
fs_128_25,fixed_size,all_acts,q4eu_012,N,E,4,5,0.6666666666666666,1.0,0.8,0.75,1.0,0.9558295932317544,6,4
fs_128_25,fixed_size,all_acts,q4eu_012,N,E,4,10,0.2857142857142857,1.0,0.4444444444444445,0.75,1.0,0.9558295932317544,14,4
fs_128_25,fixed_size,all_acts,q4eu_013,N,E,2,5,0.25,1.0,0.4,0.5,1.0,0.9197207891481876,8,2
fs_128_25,fixed_size,all_acts,q4eu_013,N,E,2,10,0.13333333333333333,1.0,0.23529411764705882,0.5,1.0,0.9197207891481876,15,2
fs_128_25,fixed_size,all_acts,q4eu_014,N,E,2,5,0.14285714285714285,0.5,0.22222222222222224,0.0,0.2,0.23719771276929622,7,1
fs_128_25,fixed_size,all_acts,q4eu_014,N,E,2,10,0.16666666666666666,1.0,0.2857142857142857,0.0,0.2,0.42177340954886444,12,2
fs_128_25,fixed_size,all_acts,q4eu_015,H,E,1,5,0.16666666666666666,1.0,0.2857142857142857,1.0,1.0,1.0,6,1
fs_128_25,fixed_size,all_acts,q4eu_015,H,E,1,10,0.08333333333333333,1.0,0.15384615384615385,1.0,1.0,1.0,12,1
fs_128_25,fixed_size,all_acts,q4eu_016,N,E,2,5,0.2857142857142857,1.0,0.4444444444444445,0.5,1.0,0.8772153153380493,7,2
fs_128_25,fixed_size,all_acts,q4eu_016,N,E,2,10,0.18181818181818182,1.0,0.3076923076923077,0.5,1.0,0.8772153153380493,11,2
fs_128_25,fixed_size,all_acts,q4eu_017,L,E,2,5,0.3333333333333333,1.0,0.5,0.0,0.25,0.48247555939075504,6,2
fs_128_25,fixed_size,all_acts,q4eu_017,L,E,2,10,0.16666666666666666,1.0,0.2857142857142857,0.0,0.25,0.48247555939075504,12,2
fs_128_25,fixed_size,all_acts,q4eu_018,H,G,1,5,0.125,1.0,0.2222222222222222,0.0,0.14285714285714285,0.3333333333333333,8,1
fs_128_25,fixed_size,all_acts,q4eu_018,H,G,1,10,0.09090909090909091,1.0,0.16666666666666669,0.0,0.14285714285714285,0.3333333333333333,11,1
fs_128_25,fixed_size,all_acts,q4eu_019,N,G,1,5,0.0,0.0,0.0,0.0,0.0,0.0,8,0
fs_128_25,fixed_size,all_acts,q4eu_019,N,G,1,10,0.09090909090909091,1.0,0.16666666666666669,0.0,0.1,0.2890648263178879,11,1
fs_128_25,fixed_size,all_acts,q4eu_020,L,G,6,5,0.2,0.16666666666666666,0.1818181818181818,0.16666666666666666,0.3333333333333333,0.16958010263680806,5,1
fs_128_25,fixed_size,all_acts,q4eu_020,L,G,6,10,0.23076923076923078,0.5,0.3157894736842105,0.3333333333333333,0.3333333333333333,0.3385687444805136,13,3
fs_128_25,fixed_size,all_acts,q4eu_021,N,G,2,5,0.0,0.0,0.0,0.0,0.0,0.0,4,0
fs_128_25,fixed_size,all_acts,q4eu_021,N,G,2,10,0.0,0.0,0.0,0.0,0.0,0.0,7,0
fs_128_25,fixed_size,all_acts,q4eu_022,L,G,5,5,0.2,0.2,0.20000000000000004,0.2,0.3333333333333333,0.16958010263680806,5,1
fs_128_25,fixed_size,all_acts,q4eu_022,L,G,5,10,0.08333333333333333,0.2,0.11764705882352941,0.2,0.3333333333333333,0.16958010263680806,12,1
fs_128_25,fixed_size,all_acts,q4eu_023,N,G,2,5,0.125,0.5,0.2,0.5,0.5,0.38685280723454163,8,1
fs_128_25,fixed_size,all_acts,q4eu_023,N,G,2,10,0.15384615384615385,1.0,0.2666666666666667,0.5,0.5,0.5714285040141098,13,2
fs_128_25,fixed_size,all_acts,q4eu_024,H,G,3,5,0.25,0.6666666666666666,0.36363636363636365,0.3333333333333333,1.0,0.6713860725233041,8,2
fs_128_25,fixed_size,all_acts,q4eu_024,H,G,3,10,0.1875,1.0,0.3157894736842105,0.3333333333333333,1.0,0.8070380459557518,16,3
fs_128_25,fixed_size,all_acts,q4eu_025,L,G,8,5,0.25,0.25,0.25,0.25,0.16666666666666666,0.17441424290825341,8,2
fs_128_25,fixed_size,all_acts,q4eu_025,L,G,8,10,0.2857142857142857,0.5,0.36363636363636365,0.25,0.16666666666666666,0.3189123527974267,14,4
fs_128_25,fixed_size,all_acts,q4eu_026,H,G,1,5,0.16666666666666666,1.0,0.2857142857142857,0.0,0.25,0.43067655807339306,6,1
fs_128_25,fixed_size,all_acts,q4eu_026,H,G,1,10,0.1,1.0,0.18181818181818182,0.0,0.25,0.43067655807339306,10,1
fs_128_25,fixed_size,all_acts,q4eu_027,H,G,1,5,0.14285714285714285,1.0,0.25,0.0,0.5,0.6309297535714575,7,1
fs_128_25,fixed_size,all_acts,q4eu_027,H,G,1,10,0.06666666666666667,1.0,0.125,0.0,0.5,0.6309297535714575,15,1
fs_128_25,fixed_size,all_acts,q4eu_028,N,G,4,5,0.16666666666666666,0.25,0.2,0.25,0.3333333333333333,0.19519002499605084,6,1
fs_128_25,fixed_size,all_acts,q4eu_028,N,G,4,10,0.15384615384615385,0.5,0.23529411764705882,0.25,0.3333333333333333,0.30408378606428305,13,2
fs_128_25,fixed_size,all_acts,q4eu_029,N,G,2,5,0.2,0.5,0.28571428571428575,0.5,1.0,0.6131471927654584,5,1
fs_128_25,fixed_size,all_acts,q4eu_029,N,G,2,10,0.09090909090909091,0.5,0.15384615384615385,0.5,1.0,0.6131471927654584,11,1
fs_128_25,fixed_size,all_acts,q4eu_030,N,G,4,5,0.14285714285714285,0.25,0.18181818181818182,0.25,0.3333333333333333,0.19519002499605084,7,1
fs_128_25,fixed_size,all_acts,q4eu_030,N,G,4,10,0.18181818181818182,0.5,0.26666666666666666,0.25,0.3333333333333333,0.30408378606428305,11,2
fs_128_25,fixed_size,all_acts,q4eu_031,H,G,3,5,0.1111111111111111,0.3333333333333333,0.16666666666666666,0.3333333333333333,0.3333333333333333,0.23463936301137822,9,1
fs_128_25,fixed_size,all_acts,q4eu_031,H,G,3,10,0.13333333333333333,0.6666666666666666,0.2222222222222222,0.3333333333333333,0.3333333333333333,0.3655413531795754,15,2
fs_128_25,fixed_size,all_acts,q4eu_032,N,G,3,5,0.3333333333333333,0.6666666666666666,0.4444444444444444,0.3333333333333333,1.0,0.6364391809889587,6,2
fs_128_25,fixed_size,all_acts,q4eu_032,N,G,3,10,0.25,1.0,0.4,0.3333333333333333,1.0,0.7777061538487877,12,3
fs_128_25,fixed_size,all_acts,q4eu_033,L,G,6,5,1.0,1.0,1.0,1.0,1.0,1.0,6,6
fs_128_25,fixed_size,all_acts,q4eu_033,L,G,6,10,0.6666666666666666,1.0,0.8,1.0,1.0,1.0,9,6
fs_128_25,fixed_size,all_acts,q4eu_034,L,B,3,5,0.0,0.0,0.0,0.0,0.0,0.0,12,0
fs_128_25,fixed_size,all_acts,q4eu_034,L,B,3,10,0.05263157894736842,0.3333333333333333,0.09090909090909091,0.0,0.07692307692307693,0.12325583919272352,19,1
fs_128_25,fixed_size,all_acts,q4eu_035,N,B,4,5,0.2222222222222222,0.5,0.30769230769230765,0.5,1.0,0.5585075862632192,9,2
fs_128_25,fixed_size,all_acts,q4eu_035,N,B,4,10,0.1111111111111111,0.5,0.1818181818181818,0.5,1.0,0.5585075862632192,18,2
fs_128_25,fixed_size,all_acts,q4eu_036,N,RI,4,5,0.0,0.0,0.0,0.0,0.0,0.0,13,0
fs_128_25,fixed_size,all_acts,q4eu_036,N,RI,4,10,0.0,0.0,0.0,0.0,0.0,0.0,19,0
fs_128_25,fixed_size,all_acts,q4eu_037,H,B,3,5,0.25,0.6666666666666666,0.36363636363636365,0.6666666666666666,1.0,0.7039180890341347,8,2
fs_128_25,fixed_size,all_acts,q4eu_037,H,B,3,10,0.2,1.0,0.33333333333333337,0.6666666666666666,1.0,0.8348200792023318,15,3
fs_128_25,fixed_size,all_acts,q4eu_038,H,B,3,5,0.4,0.6666666666666666,0.5,0.6666666666666666,0.5,0.5307212739772434,5,2
fs_128_25,fixed_size,all_acts,q4eu_038,H,B,3,10,0.25,1.0,0.4,0.6666666666666666,0.5,0.657538290809637,12,3
fs_128_25,fixed_size,all_acts,q4eu_039,N,RII,22,5,0.3333333333333333,0.18181818181818182,0.23529411764705885,0.18181818181818182,1.0,0.4387620512889228,12,4
fs_128_25,fixed_size,all_acts,q4eu_039,N,RII,22,10,0.5,0.36363636363636365,0.4210526315789474,0.36363636363636365,1.0,0.531896514869969,16,8
fs_128_25,fixed_size,all_acts,q4eu_040,H,RI,4,5,0.2222222222222222,0.5,0.30769230769230765,0.25,0.5,0.3973220069685352,9,2
fs_128_25,fixed_size,all_acts,q4eu_040,H,RI,4,10,0.125,0.5,0.2,0.25,0.5,0.3973220069685352,16,2
fs_128_25,fixed_size,all_acts,q4eu_041,N,B,5,5,0.42857142857142855,0.6,0.5,0.4,1.0,0.6217937096682962,7,3
fs_128_25,fixed_size,all_acts,q4eu_041,N,B,5,10,0.2727272727272727,0.6,0.37499999999999994,0.4,1.0,0.6217937096682962,11,3
fs_128_25,fixed_size,all_acts,q4eu_042,L,RI,2,5,0.1111111111111111,0.5,0.1818181818181818,0.5,1.0,0.6131471927654584,9,1
fs_128_25,fixed_size,all_acts,q4eu_042,L,RI,2,10,0.1111111111111111,1.0,0.19999999999999998,0.5,1.0,0.7741900178546666,18,2
fs_128_25,fixed_size,all_acts,q4eu_043,N,B;RI,2,5,0.18181818181818182,1.0,0.3076923076923077,0.0,0.2,0.42177340954886444,11,2
fs_128_25,fixed_size,all_acts,q4eu_043,N,B;RI,2,10,0.08333333333333333,1.0,0.15384615384615385,0.0,0.2,0.42177340954886444,24,2
fs_128_25,fixed_size,all_acts,q4eu_044,L,RI,4,5,0.375,0.75,0.5,0.75,1.0,0.8318724637288826,8,3
fs_128_25,fixed_size,all_acts,q4eu_044,L,RI,4,10,0.15789473684210525,0.75,0.2608695652173913,0.75,1.0,0.8318724637288826,19,3
fs_128_25,fixed_size,all_acts,q4eu_045,N,B,4,5,0.25,0.5,0.3333333333333333,0.5,1.0,0.5585075862632192,8,2
fs_128_25,fixed_size,all_acts,q4eu_045,N,B,4,10,0.25,1.0,0.4,0.5,1.0,0.7849174520878786,16,4
fs_128_25,fixed_size,all_acts,q4eu_046,H,B,5,5,0.5,0.6,0.5454545454545454,0.6,1.0,0.6992148198508501,6,3
fs_128_25,fixed_size,all_acts,q4eu_046,H,B,5,10,0.21428571428571427,0.6,0.3157894736842105,0.6,1.0,0.6992148198508501,14,3
fs_128_25,fixed_size,all_acts,q4eu_047,N,W,5,5,0.2222222222222222,0.4,0.2857142857142857,0.4,1.0,0.4703652827859579,9,2
fs_128_25,fixed_size,all_acts,q4eu_047,N,W,5,10,0.23076923076923078,0.6,0.33333333333333337,0.4,1.0,0.5594455530041923,13,3
fs_128_25,fixed_size,all_acts,q4eu_048,L,W,3,5,0.4,0.6666666666666666,0.5,0.3333333333333333,1.0,0.6508205185601091,5,2
fs_128_25,fixed_size,all_acts,q4eu_048,L,W,3,10,0.2857142857142857,0.6666666666666666,0.4,0.3333333333333333,1.0,0.6508205185601091,7,2
fs_128_25,fixed_size,all_acts,q4eu_049,N,W,3,5,0.2,0.3333333333333333,0.25,0.3333333333333333,1.0,0.46927872602275644,5,1
fs_128_25,fixed_size,all_acts,q4eu_049,N,W,3,10,0.14285714285714285,0.6666666666666666,0.23529411764705882,0.3333333333333333,1.0,0.617319681505689,14,2
fs_128_25,fixed_size,all_acts,q4eu_050,H,W,2,5,0.2,0.5,0.28571428571428575,0.0,0.2,0.23719771276929622,5,1
fs_128_25,fixed_size,all_acts,q4eu_050,H,W,2,10,0.1,0.5,0.16666666666666669,0.0,0.2,0.23719771276929622,10,1
fs_128_25,fixed_size,all_acts,q4eu_051,L,W,5,5,0.2222222222222222,0.4,0.2857142857142857,0.4,1.0,0.48522855511632257,9,2
fs_128_25,fixed_size,all_acts,q4eu_051,L,W,5,10,0.15384615384615385,0.4,0.2222222222222222,0.4,1.0,0.48522855511632257,13,2
fs_128_25,fixed_size,all_acts,q4eu_052,H,W,1,5,0.14285714285714285,1.0,0.25,0.0,0.2,0.38685280723454163,7,1
fs_128_25,fixed_size,all_acts,q4eu_052,H,W,1,10,0.07692307692307693,1.0,0.14285714285714288,0.0,0.2,0.38685280723454163,13,1
fs_128_25,fixed_size,all_acts,q4eu_053,N,W,2,5,0.125,0.5,0.2,0.0,0.3333333333333333,0.3065735963827292,8,1
fs_128_25,fixed_size,all_acts,q4eu_053,N,W,2,10,0.125,0.5,0.2,0.0,0.3333333333333333,0.3065735963827292,8,1
fs_128_25,fixed_size,all_acts,q4eu_054,L,W,4,5,0.0,0.0,0.0,0.0,0.0,0.0,4,0
fs_128_25,fixed_size,all_acts,q4eu_054,L,W,4,10,0.0,0.0,0.0,0.0,0.0,0.0,7,0
fs_128_25,fixed_size,all_acts,q4eu_055,H,W,1,5,0.1111111111111111,1.0,0.19999999999999998,0.0,0.3333333333333333,0.5,9,1
fs_128_25,fixed_size,all_acts,q4eu_055,H,W,1,10,0.09090909090909091,1.0,0.16666666666666669,0.0,0.3333333333333333,0.5,11,1
fs_128_25,fixed_size,all_acts,q4eu_056,L,W,4,5,0.6666666666666666,0.5,0.5714285714285715,0.5,0.5,0.5307212739772434,3,2
fs_128_25,fixed_size,all_acts,q4eu_056,L,W,4,10,0.16666666666666666,0.5,0.25,0.5,0.5,0.44149241373678083,12,2
fs_128_25,fixed_size,all_acts,q4eu_057,N,W,4,5,0.4,0.5,0.4444444444444445,0.5,0.5,0.44149241373678083,5,2
fs_128_25,fixed_size,all_acts,q4eu_057,N,W,4,10,0.2222222222222222,0.5,0.30769230769230765,0.5,0.5,0.44149241373678083,9,2
fs_128_25,fixed_size,all_acts,q4eu_058,N,W,4,5,0.3333333333333333,0.25,0.28571428571428575,0.25,1.0,0.46927872602275644,3,1
fs_128_25,fixed_size,all_acts,q4eu_058,N,W,4,10,0.1,0.25,0.14285714285714288,0.25,1.0,0.3903800499921017,10,1
fs_128_25,fixed_size,all_acts,q4eu_059,H,W,3,5,0.14285714285714285,0.3333333333333333,0.2,0.3333333333333333,1.0,0.46927872602275644,7,1
fs_128_25,fixed_size,all_acts,q4eu_059,H,W,3,10,0.08333333333333333,0.3333333333333333,0.13333333333333333,0.3333333333333333,1.0,0.46927872602275644,12,1
fs_128_25,fixed_size,all_acts,q4eu_060,L,W,4,5,0.0,0.0,0.0,0.0,0.0,0.0,9,0
fs_128_25,fixed_size,all_acts,q4eu_060,L,W,4,10,0.0,0.0,0.0,0.0,0.0,0.0,20,0
fs_128_25,fixed_size,all_acts,q4eu_061,H,W,2,5,0.16666666666666666,0.5,0.25,0.5,1.0,0.6131471927654584,6,1
fs_128_25,fixed_size,all_acts,q4eu_061,H,W,2,10,0.07692307692307693,0.5,0.13333333333333336,0.5,1.0,0.6131471927654584,13,1
fs_128_25,fixed_size,all_acts,q4eu_062,H,W,2,5,0.125,0.5,0.2,0.5,1.0,0.6131471927654584,8,1
fs_128_25,fixed_size,all_acts,q4eu_062,H,W,2,10,0.08333333333333333,0.5,0.14285714285714285,0.5,1.0,0.6131471927654584,12,1
fs_128_25,fixed_size,all_acts,q4eu_063,N,W,2,5,0.16666666666666666,0.5,0.25,0.5,1.0,0.6131471927654584,6,1
fs_128_25,fixed_size,all_acts,q4eu_063,N,W,2,10,0.08333333333333333,0.5,0.14285714285714285,0.5,1.0,0.6131471927654584,12,1
fs_128_25,fixed_size,all_acts,q4eu_064,N,W,3,5,0.5,1.0,0.6666666666666666,0.6666666666666666,1.0,0.9060254355346823,6,3
fs_128_25,fixed_size,all_acts,q4eu_064,N,W,3,10,0.25,1.0,0.4,0.6666666666666666,1.0,0.9060254355346823,12,3
fs_128_25,fixed_size,all_acts,q4eu_065,L,W,6,5,0.4,0.3333333333333333,0.3636363636363636,0.3333333333333333,1.0,0.5531464700081437,5,2
fs_128_25,fixed_size,all_acts,q4eu_065,L,W,6,10,0.25,0.5,0.3333333333333333,0.3333333333333333,1.0,0.5846156829012062,12,3
fs_128_25,fixed_size,all_acts,q4eu_066,H,W,1,5,0.125,1.0,0.2222222222222222,0.0,0.5,0.6309297535714575,8,1
fs_128_25,fixed_size,all_acts,q4eu_066,H,W,1,10,0.058823529411764705,1.0,0.1111111111111111,0.0,0.5,0.6309297535714575,17,1
fs_128_25,fixed_size,all_acts,q4eu_067,L,W,3,5,0.16666666666666666,0.3333333333333333,0.2222222222222222,0.3333333333333333,1.0,0.46927872602275644,6,1
fs_128_25,fixed_size,all_acts,q4eu_067,L,W,3,10,0.07692307692307693,0.3333333333333333,0.125,0.3333333333333333,1.0,0.46927872602275644,13,1
fs_128_25,fixed_size,all_acts,q4eu_068,L,B;RI;RII,6,5,0.0,0.0,0.0,0.0,0.0,0.0,11,0
fs_128_25,fixed_size,all_acts,q4eu_068,L,B;RI;RII,6,10,0.0,0.0,0.0,0.0,0.0,0.0,21,0
fs_128_25,fixed_size,all_acts,q4eu_069,L,RI,5,5,0.07692307692307693,0.2,0.1111111111111111,0.0,0.125,0.10699313236726378,13,1
fs_128_25,fixed_size,all_acts,q4eu_069,L,RI,5,10,0.05,0.2,0.08000000000000002,0.0,0.125,0.10699313236726378,20,1
fs_128_25,fixed_size,all_acts,q4eu_070,H,RII,4,5,0.23076923076923078,0.75,0.3529411764705882,0.25,0.25,0.3898664386882849,13,3
fs_128_25,fixed_size,all_acts,q4eu_070,H,RII,4,10,0.2,1.0,0.33333333333333337,0.25,0.25,0.4853731295509927,20,4
fs_128_25,fixed_size,all_acts,q4eu_071,N,B,2,5,0.0,0.0,0.0,0.0,0.0,0.0,11,0
fs_128_25,fixed_size,all_acts,q4eu_071,N,B,2,10,0.0,0.0,0.0,0.0,0.0,0.0,22,0
fs_128_25,fixed_size,all_acts,q4eu_072,L,G,3,5,0.16666666666666666,0.3333333333333333,0.2222222222222222,0.3333333333333333,0.3333333333333333,0.23463936301137822,6,1
fs_128_25,fixed_size,all_acts,q4eu_072,L,G,3,10,0.14285714285714285,0.6666666666666666,0.23529411764705882,0.3333333333333333,0.3333333333333333,0.39106560501896365,14,2
fs_128_25,fixed_size,pil_acts,q4eu_034,L,B,3,5,0.0,0.0,0.0,0.0,0.0,0.0,12,0
fs_128_25,fixed_size,pil_acts,q4eu_034,L,B,3,10,0.05263157894736842,0.3333333333333333,0.09090909090909091,0.0,0.07692307692307693,0.12325583919272352,19,1
fs_128_25,fixed_size,pil_acts,q4eu_035,N,B,4,5,0.2222222222222222,0.5,0.30769230769230765,0.5,1.0,0.5585075862632192,9,2
fs_128_25,fixed_size,pil_acts,q4eu_035,N,B,4,10,0.1111111111111111,0.5,0.1818181818181818,0.5,1.0,0.5585075862632192,18,2
fs_128_25,fixed_size,pil_acts,q4eu_036,N,RI,4,5,0.0,0.0,0.0,0.0,0.0,0.0,13,0
fs_128_25,fixed_size,pil_acts,q4eu_036,N,RI,4,10,0.0,0.0,0.0,0.0,0.0,0.0,19,0
fs_128_25,fixed_size,pil_acts,q4eu_037,H,B,3,5,0.25,0.6666666666666666,0.36363636363636365,0.6666666666666666,1.0,0.7039180890341347,8,2
fs_128_25,fixed_size,pil_acts,q4eu_037,H,B,3,10,0.2,1.0,0.33333333333333337,0.6666666666666666,1.0,0.8451850618939637,15,3
fs_128_25,fixed_size,pil_acts,q4eu_038,H,B,3,5,0.4,0.6666666666666666,0.5,0.6666666666666666,0.5,0.5307212739772434,5,2
fs_128_25,fixed_size,pil_acts,q4eu_038,H,B,3,10,0.25,1.0,0.4,0.6666666666666666,0.5,0.657538290809637,12,3
fs_128_25,fixed_size,pil_acts,q4eu_039,N,RII,22,5,0.3333333333333333,0.18181818181818182,0.23529411764705885,0.18181818181818182,1.0,0.4387620512889228,12,4
fs_128_25,fixed_size,pil_acts,q4eu_039,N,RII,22,10,0.5,0.36363636363636365,0.4210526315789474,0.36363636363636365,1.0,0.531896514869969,16,8
fs_128_25,fixed_size,pil_acts,q4eu_040,H,RI,4,5,0.2222222222222222,0.5,0.30769230769230765,0.25,0.5,0.3973220069685352,9,2
fs_128_25,fixed_size,pil_acts,q4eu_040,H,RI,4,10,0.125,0.5,0.2,0.25,0.5,0.3973220069685352,16,2
fs_128_25,fixed_size,pil_acts,q4eu_041,N,B,5,5,0.42857142857142855,0.6,0.5,0.4,1.0,0.6217937096682962,7,3
fs_128_25,fixed_size,pil_acts,q4eu_041,N,B,5,10,0.2727272727272727,0.6,0.37499999999999994,0.4,1.0,0.6217937096682962,11,3
fs_128_25,fixed_size,pil_acts,q4eu_042,L,RI,2,5,0.1111111111111111,0.5,0.1818181818181818,0.5,1.0,0.6131471927654584,9,1
fs_128_25,fixed_size,pil_acts,q4eu_042,L,RI,2,10,0.1111111111111111,1.0,0.19999999999999998,0.5,1.0,0.7741900178546666,18,2
fs_128_25,fixed_size,pil_acts,q4eu_043,N,B;RI,2,5,0.18181818181818182,1.0,0.3076923076923077,0.0,0.2,0.42177340954886444,11,2
fs_128_25,fixed_size,pil_acts,q4eu_043,N,B;RI,2,10,0.08333333333333333,1.0,0.15384615384615385,0.0,0.2,0.42177340954886444,24,2
fs_128_25,fixed_size,pil_acts,q4eu_044,L,RI,4,5,0.3,0.75,0.4285714285714285,0.75,1.0,0.8318724637288826,10,3
fs_128_25,fixed_size,pil_acts,q4eu_044,L,RI,4,10,0.19047619047619047,1.0,0.32,0.75,1.0,0.9254904664164789,21,4
fs_128_25,fixed_size,pil_acts,q4eu_045,N,B,4,5,0.25,0.5,0.3333333333333333,0.5,1.0,0.5585075862632192,8,2
fs_128_25,fixed_size,pil_acts,q4eu_045,N,B,4,10,0.26666666666666666,1.0,0.4210526315789474,0.5,1.0,0.7849174520878786,15,4
fs_128_25,fixed_size,pil_acts,q4eu_046,H,B,5,5,0.5,0.6,0.5454545454545454,0.6,1.0,0.6992148198508501,6,3
fs_128_25,fixed_size,pil_acts,q4eu_046,H,B,5,10,0.21428571428571427,0.6,0.3157894736842105,0.6,1.0,0.6992148198508501,14,3
fs_128_25,fixed_size,pil_acts,q4eu_068,L,B;RI;RII,6,5,0.0,0.0,0.0,0.0,0.0,0.0,11,0
fs_128_25,fixed_size,pil_acts,q4eu_068,L,B;RI;RII,6,10,0.0,0.0,0.0,0.0,0.0,0.0,19,0
fs_128_25,fixed_size,pil_acts,q4eu_069,L,RI,5,5,0.07692307692307693,0.2,0.1111111111111111,0.0,0.125,0.10699313236726378,13,1
fs_128_25,fixed_size,pil_acts,q4eu_069,L,RI,5,10,0.05,0.2,0.08000000000000002,0.0,0.125,0.10699313236726378,20,1
fs_128_25,fixed_size,pil_acts,q4eu_070,H,RII,4,5,0.23076923076923078,0.75,0.3529411764705882,0.25,0.25,0.3898664386882849,13,3
fs_128_25,fixed_size,pil_acts,q4eu_070,H,RII,4,10,0.2,1.0,0.33333333333333337,0.25,0.25,0.4853731295509927,20,4
fs_128_25,fixed_size,pil_acts,q4eu_071,N,B,2,5,0.0,0.0,0.0,0.0,0.0,0.0,12,0
fs_128_25,fixed_size,pil_acts,q4eu_071,N,B,2,10,0.0,0.0,0.0,0.0,0.0,0.0,22,0
fs_128_25,fixed_size,target_acts,q4eu_001,H,E,3,5,0.375,1.0,0.5454545454545454,0.6666666666666666,1.0,0.9060254355346823,8,3
fs_128_25,fixed_size,target_acts,q4eu_001,H,E,3,10,0.21428571428571427,1.0,0.35294117647058826,0.6666666666666666,1.0,0.9060254355346823,14,3
fs_128_25,fixed_size,target_acts,q4eu_002,N,E,2,5,0.14285714285714285,0.5,0.22222222222222224,0.5,1.0,0.6131471927654584,7,1
fs_128_25,fixed_size,target_acts,q4eu_002,N,E,2,10,0.11764705882352941,1.0,0.21052631578947367,0.5,1.0,0.7741900178546666,17,2
fs_128_25,fixed_size,target_acts,q4eu_003,L,E,2,5,0.125,0.5,0.2,0.0,0.16666666666666666,0.21840743681816419,8,1
fs_128_25,fixed_size,target_acts,q4eu_003,L,E,2,10,0.14285714285714285,1.0,0.25,0.0,0.16666666666666666,0.3841032025833937,14,2
fs_128_25,fixed_size,target_acts,q4eu_004,N,E,2,5,0.3333333333333333,1.0,0.5,0.5,0.5,0.6934264036172708,6,2
fs_128_25,fixed_size,target_acts,q4eu_004,N,E,2,10,0.16666666666666666,1.0,0.2857142857142857,0.5,0.5,0.6934264036172708,12,2
fs_128_25,fixed_size,target_acts,q4eu_005,L,E,2,5,0.14285714285714285,0.5,0.22222222222222224,0.0,0.2,0.23719771276929622,7,1
fs_128_25,fixed_size,target_acts,q4eu_005,L,E,2,10,0.18181818181818182,1.0,0.3076923076923077,0.0,0.2,0.4082307968370143,11,2
fs_128_25,fixed_size,target_acts,q4eu_006,N,E,2,5,0.16666666666666666,1.0,0.2857142857142857,0.5,1.0,0.8175295903539445,12,2
fs_128_25,fixed_size,target_acts,q4eu_006,N,E,2,10,0.1,1.0,0.18181818181818182,0.5,1.0,0.8175295903539445,20,2
fs_128_25,fixed_size,target_acts,q4eu_007,H,E,1,5,0.16666666666666666,1.0,0.2857142857142857,1.0,1.0,1.0,6,1
fs_128_25,fixed_size,target_acts,q4eu_007,H,E,1,10,0.07692307692307693,1.0,0.14285714285714288,1.0,1.0,1.0,13,1
fs_128_25,fixed_size,target_acts,q4eu_008,L,E,2,5,0.0,0.0,0.0,0.0,0.0,0.0,15,0
fs_128_25,fixed_size,target_acts,q4eu_008,L,E,2,10,0.0,0.0,0.0,0.0,0.0,0.0,21,0
fs_128_25,fixed_size,target_acts,q4eu_009,H,E,2,5,0.3333333333333333,1.0,0.5,0.5,0.5,0.6509209298071326,6,2
fs_128_25,fixed_size,target_acts,q4eu_009,H,E,2,10,0.18181818181818182,1.0,0.3076923076923077,0.5,0.5,0.6509209298071326,11,2
fs_128_25,fixed_size,target_acts,q4eu_010,H,E,1,5,0.25,1.0,0.4,1.0,1.0,1.0,4,1
fs_128_25,fixed_size,target_acts,q4eu_010,H,E,1,10,0.1111111111111111,1.0,0.19999999999999998,1.0,1.0,1.0,9,1
fs_128_25,fixed_size,target_acts,q4eu_011,L,E,5,5,0.16666666666666666,0.4,0.23529411764705882,0.2,0.3333333333333333,0.29039140533630226,12,2
fs_128_25,fixed_size,target_acts,q4eu_011,L,E,5,10,0.10526315789473684,0.4,0.16666666666666666,0.2,0.3333333333333333,0.29039140533630226,19,2
fs_128_25,fixed_size,target_acts,q4eu_012,N,E,4,5,0.6666666666666666,1.0,0.8,0.75,1.0,0.9558295932317544,6,4
fs_128_25,fixed_size,target_acts,q4eu_012,N,E,4,10,0.2857142857142857,1.0,0.4444444444444445,0.75,1.0,0.9558295932317544,14,4
fs_128_25,fixed_size,target_acts,q4eu_013,N,E,2,5,0.25,1.0,0.4,0.5,1.0,0.9197207891481876,8,2
fs_128_25,fixed_size,target_acts,q4eu_013,N,E,2,10,0.13333333333333333,1.0,0.23529411764705882,0.5,1.0,0.9197207891481876,15,2
fs_128_25,fixed_size,target_acts,q4eu_014,N,E,2,5,0.14285714285714285,0.5,0.22222222222222224,0.0,0.2,0.23719771276929622,7,1
fs_128_25,fixed_size,target_acts,q4eu_014,N,E,2,10,0.16666666666666666,1.0,0.2857142857142857,0.0,0.2,0.42177340954886444,12,2
fs_128_25,fixed_size,target_acts,q4eu_015,H,E,1,5,0.16666666666666666,1.0,0.2857142857142857,1.0,1.0,1.0,6,1
fs_128_25,fixed_size,target_acts,q4eu_015,H,E,1,10,0.1,1.0,0.18181818181818182,1.0,1.0,1.0,10,1
fs_128_25,fixed_size,target_acts,q4eu_016,N,E,2,5,0.2857142857142857,1.0,0.4444444444444445,0.5,1.0,0.8772153153380493,7,2
fs_128_25,fixed_size,target_acts,q4eu_016,N,E,2,10,0.18181818181818182,1.0,0.3076923076923077,0.5,1.0,0.8772153153380493,11,2
fs_128_25,fixed_size,target_acts,q4eu_017,L,E,2,5,0.3333333333333333,1.0,0.5,0.0,0.25,0.48247555939075504,6,2
fs_128_25,fixed_size,target_acts,q4eu_017,L,E,2,10,0.2222222222222222,1.0,0.3636363636363636,0.0,0.25,0.48247555939075504,9,2
fs_128_25,fixed_size,target_acts,q4eu_018,H,G,1,5,0.125,1.0,0.2222222222222222,0.0,0.14285714285714285,0.3333333333333333,8,1
fs_128_25,fixed_size,target_acts,q4eu_018,H,G,1,10,0.09090909090909091,1.0,0.16666666666666669,0.0,0.14285714285714285,0.3333333333333333,11,1
fs_128_25,fixed_size,target_acts,q4eu_019,N,G,1,5,0.0,0.0,0.0,0.0,0.0,0.0,8,0
fs_128_25,fixed_size,target_acts,q4eu_019,N,G,1,10,0.09090909090909091,1.0,0.16666666666666669,0.0,0.1,0.2890648263178879,11,1
fs_128_25,fixed_size,target_acts,q4eu_020,L,G,6,5,0.2,0.16666666666666666,0.1818181818181818,0.16666666666666666,0.3333333333333333,0.16958010263680806,5,1
fs_128_25,fixed_size,target_acts,q4eu_020,L,G,6,10,0.23076923076923078,0.5,0.3157894736842105,0.3333333333333333,0.3333333333333333,0.3385687444805136,13,3
fs_128_25,fixed_size,target_acts,q4eu_021,N,G,2,5,0.0,0.0,0.0,0.0,0.0,0.0,4,0
fs_128_25,fixed_size,target_acts,q4eu_021,N,G,2,10,0.0,0.0,0.0,0.0,0.0,0.0,7,0
fs_128_25,fixed_size,target_acts,q4eu_022,L,G,5,5,0.2,0.2,0.20000000000000004,0.2,0.3333333333333333,0.16958010263680806,5,1
fs_128_25,fixed_size,target_acts,q4eu_022,L,G,5,10,0.08333333333333333,0.2,0.11764705882352941,0.2,0.3333333333333333,0.16958010263680806,12,1
fs_128_25,fixed_size,target_acts,q4eu_023,N,G,2,5,0.125,0.5,0.2,0.5,0.5,0.38685280723454163,8,1
fs_128_25,fixed_size,target_acts,q4eu_023,N,G,2,10,0.15384615384615385,1.0,0.2666666666666667,0.5,0.5,0.5714285040141098,13,2
fs_128_25,fixed_size,target_acts,q4eu_024,H,G,3,5,0.25,0.6666666666666666,0.36363636363636365,0.3333333333333333,1.0,0.6713860725233041,8,2
fs_128_25,fixed_size,target_acts,q4eu_024,H,G,3,10,0.1875,1.0,0.3157894736842105,0.3333333333333333,1.0,0.8070380459557518,16,3
fs_128_25,fixed_size,target_acts,q4eu_025,L,G,8,5,0.25,0.25,0.25,0.25,0.16666666666666666,0.17441424290825341,8,2
fs_128_25,fixed_size,target_acts,q4eu_025,L,G,8,10,0.2857142857142857,0.5,0.36363636363636365,0.25,0.16666666666666666,0.3189123527974267,14,4
fs_128_25,fixed_size,target_acts,q4eu_026,H,G,1,5,0.16666666666666666,1.0,0.2857142857142857,0.0,0.25,0.43067655807339306,6,1
fs_128_25,fixed_size,target_acts,q4eu_026,H,G,1,10,0.1,1.0,0.18181818181818182,0.0,0.25,0.43067655807339306,10,1
fs_128_25,fixed_size,target_acts,q4eu_027,H,G,1,5,0.14285714285714285,1.0,0.25,0.0,0.5,0.6309297535714575,7,1
fs_128_25,fixed_size,target_acts,q4eu_027,H,G,1,10,0.06666666666666667,1.0,0.125,0.0,0.5,0.6309297535714575,15,1
fs_128_25,fixed_size,target_acts,q4eu_028,N,G,4,5,0.16666666666666666,0.25,0.2,0.25,0.3333333333333333,0.19519002499605084,6,1
fs_128_25,fixed_size,target_acts,q4eu_028,N,G,4,10,0.15384615384615385,0.5,0.23529411764705882,0.25,0.3333333333333333,0.30408378606428305,13,2
fs_128_25,fixed_size,target_acts,q4eu_029,N,G,2,5,0.2,0.5,0.28571428571428575,0.5,1.0,0.6131471927654584,5,1
fs_128_25,fixed_size,target_acts,q4eu_029,N,G,2,10,0.1111111111111111,0.5,0.1818181818181818,0.5,1.0,0.6131471927654584,9,1
fs_128_25,fixed_size,target_acts,q4eu_030,N,G,4,5,0.14285714285714285,0.25,0.18181818181818182,0.25,0.3333333333333333,0.19519002499605084,7,1
fs_128_25,fixed_size,target_acts,q4eu_030,N,G,4,10,0.18181818181818182,0.5,0.26666666666666666,0.25,0.3333333333333333,0.30408378606428305,11,2
fs_128_25,fixed_size,target_acts,q4eu_031,H,G,3,5,0.1111111111111111,0.3333333333333333,0.16666666666666666,0.3333333333333333,0.3333333333333333,0.23463936301137822,9,1
fs_128_25,fixed_size,target_acts,q4eu_031,H,G,3,10,0.13333333333333333,0.6666666666666666,0.2222222222222222,0.3333333333333333,0.3333333333333333,0.3655413531795754,15,2
fs_128_25,fixed_size,target_acts,q4eu_032,N,G,3,5,0.3333333333333333,0.6666666666666666,0.4444444444444444,0.3333333333333333,1.0,0.6364391809889587,6,2
fs_128_25,fixed_size,target_acts,q4eu_032,N,G,3,10,0.25,1.0,0.4,0.3333333333333333,1.0,0.7777061538487877,12,3
fs_128_25,fixed_size,target_acts,q4eu_033,L,G,6,5,1.0,1.0,1.0,1.0,1.0,1.0,6,6
fs_128_25,fixed_size,target_acts,q4eu_033,L,G,6,10,0.6666666666666666,1.0,0.8,1.0,1.0,1.0,9,6
fs_128_25,fixed_size,target_acts,q4eu_034,L,B,3,5,0.14285714285714285,0.3333333333333333,0.2,0.0,0.25,0.20210734650054757,7,1
fs_128_25,fixed_size,target_acts,q4eu_034,L,B,3,10,0.25,1.0,0.4,0.0,0.25,0.4742763095285738,12,3
fs_128_25,fixed_size,target_acts,q4eu_035,N,B,4,5,0.3333333333333333,0.5,0.4,0.5,1.0,0.5585075862632192,6,2
fs_128_25,fixed_size,target_acts,q4eu_035,N,B,4,10,0.25,0.75,0.375,0.5,1.0,0.6674013473314514,12,3
fs_128_25,fixed_size,target_acts,q4eu_036,N,RI,4,5,0.0,0.0,0.0,0.0,0.0,0.0,10,0
fs_128_25,fixed_size,target_acts,q4eu_036,N,RI,4,10,0.0,0.0,0.0,0.0,0.0,0.0,17,0
fs_128_25,fixed_size,target_acts,q4eu_037,H,B,3,5,0.25,0.6666666666666666,0.36363636363636365,0.6666666666666666,1.0,0.7039180890341347,8,2
fs_128_25,fixed_size,target_acts,q4eu_037,H,B,3,10,0.25,1.0,0.4,0.6666666666666666,1.0,0.8451850618939637,12,3
fs_128_25,fixed_size,target_acts,q4eu_038,H,B,3,5,0.4,0.6666666666666666,0.5,0.6666666666666666,0.5,0.5307212739772434,5,2
fs_128_25,fixed_size,target_acts,q4eu_038,H,B,3,10,0.25,1.0,0.4,0.6666666666666666,0.5,0.657538290809637,12,3
fs_128_25,fixed_size,target_acts,q4eu_039,N,RII,22,5,0.3333333333333333,0.18181818181818182,0.23529411764705885,0.18181818181818182,1.0,0.4387620512889228,12,4
fs_128_25,fixed_size,target_acts,q4eu_039,N,RII,22,10,0.5,0.36363636363636365,0.4210526315789474,0.36363636363636365,1.0,0.531896514869969,16,8
fs_128_25,fixed_size,target_acts,q4eu_040,H,RI,4,5,0.2222222222222222,0.5,0.30769230769230765,0.25,0.5,0.3973220069685352,9,2
fs_128_25,fixed_size,target_acts,q4eu_040,H,RI,4,10,0.15384615384615385,0.5,0.23529411764705882,0.25,0.5,0.3973220069685352,13,2
fs_128_25,fixed_size,target_acts,q4eu_041,N,B,5,5,0.6,0.6,0.6,0.6,1.0,0.6548086577531307,5,3
fs_128_25,fixed_size,target_acts,q4eu_041,N,B,5,10,0.35714285714285715,1.0,0.5263157894736842,0.6,1.0,0.8659013453423597,14,5
fs_128_25,fixed_size,target_acts,q4eu_042,L,RI,2,5,0.2,0.5,0.28571428571428575,0.5,1.0,0.6131471927654584,5,1
fs_128_25,fixed_size,target_acts,q4eu_042,L,RI,2,10,0.15384615384615385,1.0,0.2666666666666667,0.5,1.0,0.8065735963827293,13,2
fs_128_25,fixed_size,target_acts,q4eu_043,N,B;RI,2,5,0.15384615384615385,1.0,0.2666666666666667,0.5,0.5,0.6052602440527057,13,2
fs_128_25,fixed_size,target_acts,q4eu_043,N,B;RI,2,10,0.1,1.0,0.18181818181818182,0.5,0.5,0.6052602440527057,20,2
fs_128_25,fixed_size,target_acts,q4eu_044,L,RI,4,5,0.5714285714285714,1.0,0.7272727272727273,0.75,1.0,0.961999147059583,7,4
fs_128_25,fixed_size,target_acts,q4eu_044,L,RI,4,10,0.3333333333333333,1.0,0.5,0.75,1.0,0.961999147059583,12,4
fs_128_25,fixed_size,target_acts,q4eu_045,N,B,4,5,0.25,0.5,0.3333333333333333,0.5,1.0,0.5585075862632192,8,2
fs_128_25,fixed_size,target_acts,q4eu_045,N,B,4,10,0.25,1.0,0.4,0.5,1.0,0.7849174520878786,16,4
fs_128_25,fixed_size,target_acts,q4eu_046,H,B,5,5,0.5,0.6,0.5454545454545454,0.6,1.0,0.6992148198508501,6,3
fs_128_25,fixed_size,target_acts,q4eu_046,H,B,5,10,0.21428571428571427,0.6,0.3157894736842105,0.6,1.0,0.6992148198508501,14,3
fs_128_25,fixed_size,target_acts,q4eu_047,N,W,5,5,0.2222222222222222,0.4,0.2857142857142857,0.4,1.0,0.4703652827859579,9,2
fs_128_25,fixed_size,target_acts,q4eu_047,N,W,5,10,0.23076923076923078,0.6,0.33333333333333337,0.4,1.0,0.5594455530041923,13,3
fs_128_25,fixed_size,target_acts,q4eu_048,L,W,3,5,0.4,0.6666666666666666,0.5,0.3333333333333333,1.0,0.6508205185601091,5,2
fs_128_25,fixed_size,target_acts,q4eu_048,L,W,3,10,0.2857142857142857,0.6666666666666666,0.4,0.3333333333333333,1.0,0.6508205185601091,7,2
fs_128_25,fixed_size,target_acts,q4eu_049,N,W,3,5,0.2,0.3333333333333333,0.25,0.3333333333333333,1.0,0.46927872602275644,5,1
fs_128_25,fixed_size,target_acts,q4eu_049,N,W,3,10,0.14285714285714285,0.6666666666666666,0.23529411764705882,0.3333333333333333,1.0,0.617319681505689,14,2
fs_128_25,fixed_size,target_acts,q4eu_050,H,W,2,5,0.2,0.5,0.28571428571428575,0.0,0.2,0.23719771276929622,5,1
fs_128_25,fixed_size,target_acts,q4eu_050,H,W,2,10,0.1,0.5,0.16666666666666669,0.0,0.2,0.23719771276929622,10,1
fs_128_25,fixed_size,target_acts,q4eu_051,L,W,5,5,0.2222222222222222,0.4,0.2857142857142857,0.4,1.0,0.48522855511632257,9,2
fs_128_25,fixed_size,target_acts,q4eu_051,L,W,5,10,0.15384615384615385,0.4,0.2222222222222222,0.4,1.0,0.48522855511632257,13,2
fs_128_25,fixed_size,target_acts,q4eu_052,H,W,1,5,0.14285714285714285,1.0,0.25,0.0,0.25,0.43067655807339306,7,1
fs_128_25,fixed_size,target_acts,q4eu_052,H,W,1,10,0.09090909090909091,1.0,0.16666666666666669,0.0,0.25,0.43067655807339306,11,1
fs_128_25,fixed_size,target_acts,q4eu_053,N,W,2,5,0.125,0.5,0.2,0.0,0.3333333333333333,0.3065735963827292,8,1
fs_128_25,fixed_size,target_acts,q4eu_053,N,W,2,10,0.125,0.5,0.2,0.0,0.3333333333333333,0.3065735963827292,8,1
fs_128_25,fixed_size,target_acts,q4eu_054,L,W,4,5,0.0,0.0,0.0,0.0,0.0,0.0,4,0
fs_128_25,fixed_size,target_acts,q4eu_054,L,W,4,10,0.0,0.0,0.0,0.0,0.0,0.0,7,0
fs_128_25,fixed_size,target_acts,q4eu_055,H,W,1,5,0.1111111111111111,1.0,0.19999999999999998,0.0,0.3333333333333333,0.5,9,1
fs_128_25,fixed_size,target_acts,q4eu_055,H,W,1,10,0.09090909090909091,1.0,0.16666666666666669,0.0,0.3333333333333333,0.5,11,1
fs_128_25,fixed_size,target_acts,q4eu_056,L,W,4,5,0.6666666666666666,0.5,0.5714285714285715,0.5,0.5,0.5307212739772434,3,2
fs_128_25,fixed_size,target_acts,q4eu_056,L,W,4,10,0.2,0.5,0.28571428571428575,0.5,0.5,0.44149241373678083,10,2
fs_128_25,fixed_size,target_acts,q4eu_057,N,W,4,5,0.4,0.5,0.4444444444444445,0.5,0.5,0.44149241373678083,5,2
fs_128_25,fixed_size,target_acts,q4eu_057,N,W,4,10,0.2222222222222222,0.5,0.30769230769230765,0.5,0.5,0.44149241373678083,9,2
fs_128_25,fixed_size,target_acts,q4eu_058,N,W,4,5,0.3333333333333333,0.25,0.28571428571428575,0.25,1.0,0.46927872602275644,3,1
fs_128_25,fixed_size,target_acts,q4eu_058,N,W,4,10,0.1,0.25,0.14285714285714288,0.25,1.0,0.3903800499921017,10,1
fs_128_25,fixed_size,target_acts,q4eu_059,H,W,3,5,0.14285714285714285,0.3333333333333333,0.2,0.3333333333333333,1.0,0.46927872602275644,7,1
fs_128_25,fixed_size,target_acts,q4eu_059,H,W,3,10,0.08333333333333333,0.3333333333333333,0.13333333333333333,0.3333333333333333,1.0,0.46927872602275644,12,1
fs_128_25,fixed_size,target_acts,q4eu_060,L,W,4,5,0.0,0.0,0.0,0.0,0.0,0.0,7,0
fs_128_25,fixed_size,target_acts,q4eu_060,L,W,4,10,0.125,0.5,0.2,0.0,0.1,0.21537827996715714,16,2
fs_128_25,fixed_size,target_acts,q4eu_061,H,W,2,5,0.16666666666666666,0.5,0.25,0.5,1.0,0.6131471927654584,6,1
fs_128_25,fixed_size,target_acts,q4eu_061,H,W,2,10,0.07692307692307693,0.5,0.13333333333333336,0.5,1.0,0.6131471927654584,13,1
fs_128_25,fixed_size,target_acts,q4eu_062,H,W,2,5,0.125,0.5,0.2,0.5,1.0,0.6131471927654584,8,1
fs_128_25,fixed_size,target_acts,q4eu_062,H,W,2,10,0.08333333333333333,0.5,0.14285714285714285,0.5,1.0,0.6131471927654584,12,1
fs_128_25,fixed_size,target_acts,q4eu_063,N,W,2,5,0.16666666666666666,0.5,0.25,0.5,1.0,0.6131471927654584,6,1
fs_128_25,fixed_size,target_acts,q4eu_063,N,W,2,10,0.08333333333333333,0.5,0.14285714285714285,0.5,1.0,0.6131471927654584,12,1
fs_128_25,fixed_size,target_acts,q4eu_064,N,W,3,5,0.5,1.0,0.6666666666666666,0.6666666666666666,1.0,0.9060254355346823,6,3
fs_128_25,fixed_size,target_acts,q4eu_064,N,W,3,10,0.25,1.0,0.4,0.6666666666666666,1.0,0.9060254355346823,12,3
fs_128_25,fixed_size,target_acts,q4eu_065,L,W,6,5,0.4,0.3333333333333333,0.3636363636363636,0.3333333333333333,1.0,0.5531464700081437,5,2
fs_128_25,fixed_size,target_acts,q4eu_065,L,W,6,10,0.25,0.5,0.3333333333333333,0.3333333333333333,1.0,0.5846156829012062,12,3
fs_128_25,fixed_size,target_acts,q4eu_066,H,W,1,5,0.125,1.0,0.2222222222222222,0.0,0.5,0.6309297535714575,8,1
fs_128_25,fixed_size,target_acts,q4eu_066,H,W,1,10,0.058823529411764705,1.0,0.1111111111111111,0.0,0.5,0.6309297535714575,17,1
fs_128_25,fixed_size,target_acts,q4eu_067,L,W,3,5,0.2,0.3333333333333333,0.25,0.3333333333333333,1.0,0.46927872602275644,5,1
fs_128_25,fixed_size,target_acts,q4eu_067,L,W,3,10,0.16666666666666666,0.3333333333333333,0.2222222222222222,0.3333333333333333,1.0,0.46927872602275644,6,1
fs_128_25,fixed_size,target_acts,q4eu_068,L,B;RI;RII,6,5,0.0,0.0,0.0,0.0,0.0,0.0,11,0
fs_128_25,fixed_size,target_acts,q4eu_068,L,B;RI;RII,6,10,0.0,0.0,0.0,0.0,0.0,0.0,19,0
fs_128_25,fixed_size,target_acts,q4eu_069,L,RI,5,5,0.1,0.2,0.13333333333333333,0.2,0.2,0.13120507751234178,10,1
fs_128_25,fixed_size,target_acts,q4eu_069,L,RI,5,10,0.125,0.4,0.19047619047619047,0.2,0.2,0.21599512883074581,16,2
fs_128_25,fixed_size,target_acts,q4eu_070,H,RII,4,5,0.36363636363636365,1.0,0.5333333333333333,0.25,0.25,0.5757194387661255,11,4
fs_128_25,fixed_size,target_acts,q4eu_070,H,RII,4,10,0.2,1.0,0.33333333333333337,0.25,0.25,0.5757194387661255,20,4
fs_128_25,fixed_size,target_acts,q4eu_071,N,B,2,5,0.0,0.0,0.0,0.0,0.0,0.0,13,0
fs_128_25,fixed_size,target_acts,q4eu_071,N,B,2,10,0.0,0.0,0.0,0.0,0.0,0.0,23,0
fs_128_25,fixed_size,target_acts,q4eu_072,L,G,3,5,0.16666666666666666,0.3333333333333333,0.2222222222222222,0.3333333333333333,0.3333333333333333,0.23463936301137822,6,1
fs_128_25,fixed_size,target_acts,q4eu_072,L,G,3,10,0.14285714285714285,0.6666666666666666,0.23529411764705882,0.3333333333333333,0.3333333333333333,0.39106560501896365,14,2
fs_256_50,fixed_size,all_acts,q4eu_001,H,E,3,5,0.21428571428571427,1.0,0.35294117647058826,0.6666666666666666,1.0,0.9325210919548239,14,3
fs_256_50,fixed_size,all_acts,q4eu_001,H,E,3,10,0.12,1.0,0.21428571428571425,0.6666666666666666,1.0,0.9325210919548239,25,3
fs_256_50,fixed_size,all_acts,q4eu_002,N,E,2,5,0.09090909090909091,0.5,0.15384615384615385,0.5,1.0,0.6131471927654584,11,1
fs_256_50,fixed_size,all_acts,q4eu_002,N,E,2,10,0.08333333333333333,1.0,0.15384615384615385,0.5,1.0,0.778842958530688,24,2
fs_256_50,fixed_size,all_acts,q4eu_003,L,E,2,5,0.18181818181818182,1.0,0.3076923076923077,0.0,0.14285714285714285,0.3754154816562042,11,2
fs_256_50,fixed_size,all_acts,q4eu_003,L,E,2,10,0.09090909090909091,1.0,0.16666666666666669,0.0,0.14285714285714285,0.3754154816562042,22,2
fs_256_50,fixed_size,all_acts,q4eu_004,N,E,2,5,0.2,1.0,0.33333333333333337,0.0,0.25,0.5012658353418871,10,2
fs_256_50,fixed_size,all_acts,q4eu_004,N,E,2,10,0.09523809523809523,1.0,0.17391304347826084,0.0,0.25,0.5012658353418871,21,2
fs_256_50,fixed_size,all_acts,q4eu_005,L,E,2,5,0.1,0.5,0.16666666666666669,0.5,0.5,0.38685280723454163,10,1
fs_256_50,fixed_size,all_acts,q4eu_005,L,E,2,10,0.1111111111111111,1.0,0.19999999999999998,0.5,0.5,0.5338931479009518,18,2
fs_256_50,fixed_size,all_acts,q4eu_006,N,E,2,5,0.125,1.0,0.2222222222222222,0.5,1.0,0.7903864795495061,16,2
fs_256_50,fixed_size,all_acts,q4eu_006,N,E,2,10,0.07692307692307693,1.0,0.14285714285714288,0.5,1.0,0.7903864795495061,26,2
fs_256_50,fixed_size,all_acts,q4eu_007,H,E,1,5,0.1,1.0,0.18181818181818182,0.0,0.5,0.6309297535714575,10,1
fs_256_50,fixed_size,all_acts,q4eu_007,H,E,1,10,0.05,1.0,0.09523809523809523,0.0,0.5,0.6309297535714575,20,1
fs_256_50,fixed_size,all_acts,q4eu_008,L,E,2,5,0.0,0.0,0.0,0.0,0.0,0.0,14,0
fs_256_50,fixed_size,all_acts,q4eu_008,L,E,2,10,0.0,0.0,0.0,0.0,0.0,0.0,28,0
fs_256_50,fixed_size,all_acts,q4eu_009,H,E,2,5,0.1111111111111111,0.5,0.1818181818181818,0.0,0.25,0.2640681225725909,9,1
fs_256_50,fixed_size,all_acts,q4eu_009,H,E,2,10,0.13333333333333333,1.0,0.23529411764705882,0.0,0.25,0.42976388833782037,15,2
fs_256_50,fixed_size,all_acts,q4eu_010,H,E,1,5,0.14285714285714285,1.0,0.25,1.0,1.0,1.0,7,1
fs_256_50,fixed_size,all_acts,q4eu_010,H,E,1,10,0.07692307692307693,1.0,0.14285714285714288,1.0,1.0,1.0,13,1
fs_256_50,fixed_size,all_acts,q4eu_011,L,E,5,5,0.06666666666666667,0.2,0.1,0.0,0.14285714285714285,0.11305340175787204,15,1
fs_256_50,fixed_size,all_acts,q4eu_011,L,E,5,10,0.1111111111111111,0.6,0.18750000000000003,0.0,0.14285714285714285,0.26894931859151355,27,3
fs_256_50,fixed_size,all_acts,q4eu_012,N,E,4,5,0.25,0.75,0.375,0.5,0.5,0.553486104522623,12,3
fs_256_50,fixed_size,all_acts,q4eu_012,N,E,4,10,0.19047619047619047,1.0,0.32,0.5,0.5,0.6560192431408449,21,4
fs_256_50,fixed_size,all_acts,q4eu_013,N,E,2,5,0.16666666666666666,1.0,0.2857142857142857,0.5,1.0,0.8772153153380493,12,2
fs_256_50,fixed_size,all_acts,q4eu_013,N,E,2,10,0.10526315789473684,1.0,0.1904761904761905,0.5,1.0,0.8772153153380493,19,2
fs_256_50,fixed_size,all_acts,q4eu_014,N,E,2,5,0.1,0.5,0.16666666666666669,0.5,0.5,0.38685280723454163,10,1
fs_256_50,fixed_size,all_acts,q4eu_014,N,E,2,10,0.1,1.0,0.18181818181818182,0.5,0.5,0.5287217091005357,20,2
fs_256_50,fixed_size,all_acts,q4eu_015,H,E,1,5,0.125,1.0,0.2222222222222222,1.0,1.0,1.0,8,1
fs_256_50,fixed_size,all_acts,q4eu_015,H,E,1,10,0.05263157894736842,1.0,0.1,1.0,1.0,1.0,19,1
fs_256_50,fixed_size,all_acts,q4eu_016,N,E,2,5,0.2222222222222222,1.0,0.3636363636363636,0.5,0.5,0.6509209298071326,9,2
fs_256_50,fixed_size,all_acts,q4eu_016,N,E,2,10,0.13333333333333333,1.0,0.23529411764705882,0.5,0.5,0.6509209298071326,15,2
fs_256_50,fixed_size,all_acts,q4eu_017,L,E,2,5,0.2222222222222222,1.0,0.3636363636363636,0.0,0.3333333333333333,0.5437713091520254,9,2
fs_256_50,fixed_size,all_acts,q4eu_017,L,E,2,10,0.11764705882352941,1.0,0.21052631578947367,0.0,0.3333333333333333,0.5437713091520254,17,2
fs_256_50,fixed_size,all_acts,q4eu_018,H,G,1,5,0.16666666666666666,1.0,0.2857142857142857,0.0,0.16666666666666666,0.3562071871080222,6,1
fs_256_50,fixed_size,all_acts,q4eu_018,H,G,1,10,0.058823529411764705,1.0,0.1111111111111111,0.0,0.16666666666666666,0.3562071871080222,17,1
fs_256_50,fixed_size,all_acts,q4eu_019,N,G,1,5,0.1,1.0,0.18181818181818182,0.0,0.16666666666666666,0.3562071871080222,10,1
fs_256_50,fixed_size,all_acts,q4eu_019,N,G,1,10,0.05555555555555555,1.0,0.10526315789473684,0.0,0.16666666666666666,0.3562071871080222,18,1
fs_256_50,fixed_size,all_acts,q4eu_020,L,G,6,5,0.16666666666666666,0.3333333333333333,0.2222222222222222,0.16666666666666666,0.5,0.2783925802803429,12,2
fs_256_50,fixed_size,all_acts,q4eu_020,L,G,6,10,0.17647058823529413,0.5,0.2608695652173913,0.16666666666666666,0.5,0.3558460963421822,17,3
fs_256_50,fixed_size,all_acts,q4eu_021,N,G,2,5,0.0,0.0,0.0,0.0,0.0,0.0,4,0
fs_256_50,fixed_size,all_acts,q4eu_021,N,G,2,10,0.08333333333333333,0.5,0.14285714285714285,0.0,0.16666666666666666,0.21840743681816419,12,1
fs_256_50,fixed_size,all_acts,q4eu_022,L,G,5,5,0.1,0.2,0.13333333333333333,0.0,0.16666666666666666,0.1208113026994942,10,1
fs_256_50,fixed_size,all_acts,q4eu_022,L,G,5,10,0.11764705882352941,0.4,0.1818181818181818,0.0,0.16666666666666666,0.20214614808791384,17,2
fs_256_50,fixed_size,all_acts,q4eu_023,N,G,2,5,0.16666666666666666,1.0,0.2857142857142857,0.5,0.5,0.6240505200038379,12,2
fs_256_50,fixed_size,all_acts,q4eu_023,N,G,2,10,0.1111111111111111,1.0,0.19999999999999998,0.5,0.5,0.6240505200038379,18,2
fs_256_50,fixed_size,all_acts,q4eu_024,H,G,3,5,0.3,1.0,0.4615384615384615,0.3333333333333333,1.0,0.7777061538487877,10,3
fs_256_50,fixed_size,all_acts,q4eu_024,H,G,3,10,0.14285714285714285,1.0,0.25,0.3333333333333333,1.0,0.7777061538487877,21,3
fs_256_50,fixed_size,all_acts,q4eu_025,L,G,8,5,0.18181818181818182,0.25,0.2105263157894737,0.25,0.3333333333333333,0.2354078440015845,11,2
fs_256_50,fixed_size,all_acts,q4eu_025,L,G,8,10,0.25,0.5,0.3333333333333333,0.25,0.3333333333333333,0.365078802966475,16,4
fs_256_50,fixed_size,all_acts,q4eu_026,H,G,1,5,0.125,1.0,0.2222222222222222,0.0,0.25,0.43067655807339306,8,1
fs_256_50,fixed_size,all_acts,q4eu_026,H,G,1,10,0.05555555555555555,1.0,0.10526315789473684,0.0,0.25,0.43067655807339306,18,1
fs_256_50,fixed_size,all_acts,q4eu_027,H,G,1,5,0.1111111111111111,1.0,0.19999999999999998,0.0,0.5,0.6309297535714575,9,1
fs_256_50,fixed_size,all_acts,q4eu_027,H,G,1,10,0.045454545454545456,1.0,0.08695652173913045,0.0,0.5,0.6309297535714575,22,1
fs_256_50,fixed_size,all_acts,q4eu_028,N,G,4,5,0.25,0.5,0.3333333333333333,0.25,0.5,0.369453583111095,8,2
fs_256_50,fixed_size,all_acts,q4eu_028,N,G,4,10,0.1111111111111111,0.5,0.1818181818181818,0.25,0.5,0.369453583111095,18,2
fs_256_50,fixed_size,all_acts,q4eu_029,N,G,2,5,0.14285714285714285,0.5,0.22222222222222224,0.5,1.0,0.6131471927654584,7,1
fs_256_50,fixed_size,all_acts,q4eu_029,N,G,2,10,0.05555555555555555,0.5,0.09999999999999999,0.5,1.0,0.6131471927654584,18,1
fs_256_50,fixed_size,all_acts,q4eu_030,N,G,4,5,0.1111111111111111,0.25,0.15384615384615383,0.0,0.2,0.15101961822780524,9,1
fs_256_50,fixed_size,all_acts,q4eu_030,N,G,4,10,0.13333333333333333,0.5,0.2105263157894737,0.0,0.2,0.25651520246291565,15,2
fs_256_50,fixed_size,all_acts,q4eu_031,H,G,3,5,0.1111111111111111,0.3333333333333333,0.16666666666666666,0.3333333333333333,0.5,0.2960819109658652,9,1
fs_256_50,fixed_size,all_acts,q4eu_031,H,G,3,10,0.07692307692307693,0.3333333333333333,0.125,0.3333333333333333,0.5,0.2960819109658652,13,1
fs_256_50,fixed_size,all_acts,q4eu_032,N,G,3,5,0.2222222222222222,0.6666666666666666,0.3333333333333333,0.3333333333333333,0.3333333333333333,0.40179981797758046,9,2
fs_256_50,fixed_size,all_acts,q4eu_032,N,G,3,10,0.1,0.6666666666666666,0.1739130434782609,0.3333333333333333,0.3333333333333333,0.40179981797758046,20,2
fs_256_50,fixed_size,all_acts,q4eu_033,L,G,6,5,0.8571428571428571,1.0,0.923076923076923,0.8333333333333334,1.0,0.9838048780283076,7,6
fs_256_50,fixed_size,all_acts,q4eu_033,L,G,6,10,0.46153846153846156,1.0,0.631578947368421,0.8333333333333334,1.0,0.9838048780283076,13,6
fs_256_50,fixed_size,all_acts,q4eu_034,L,B,3,5,0.16666666666666666,0.6666666666666666,0.26666666666666666,0.0,0.25,0.3330093366687448,12,2
fs_256_50,fixed_size,all_acts,q4eu_034,L,B,3,10,0.07407407407407407,0.6666666666666666,0.13333333333333333,0.0,0.25,0.3330093366687448,27,2
fs_256_50,fixed_size,all_acts,q4eu_035,N,B,4,5,0.15384615384615385,0.5,0.23529411764705882,0.25,1.0,0.4958756342272121,13,2
fs_256_50,fixed_size,all_acts,q4eu_035,N,B,4,10,0.07142857142857142,0.5,0.125,0.25,1.0,0.4958756342272121,28,2
fs_256_50,fixed_size,all_acts,q4eu_036,N,RI,4,5,0.0,0.0,0.0,0.0,0.0,0.0,16,0
fs_256_50,fixed_size,all_acts,q4eu_036,N,RI,4,10,0.03333333333333333,0.25,0.058823529411764705,0.0,0.047619047619047616,0.08754031530847717,30,1
fs_256_50,fixed_size,all_acts,q4eu_037,H,B,3,5,0.23076923076923078,1.0,0.375,0.3333333333333333,1.0,0.812653045383133,13,3
fs_256_50,fixed_size,all_acts,q4eu_037,H,B,3,10,0.1,1.0,0.18181818181818182,0.3333333333333333,1.0,0.812653045383133,30,3
fs_256_50,fixed_size,all_acts,q4eu_038,H,B,3,5,0.375,1.0,0.5454545454545454,0.6666666666666666,0.5,0.7328286204777911,8,3
fs_256_50,fixed_size,all_acts,q4eu_038,H,B,3,10,0.15,1.0,0.2608695652173913,0.6666666666666666,0.5,0.7328286204777911,20,3
fs_256_50,fixed_size,all_acts,q4eu_039,N,RII,22,5,0.2857142857142857,0.18181818181818182,0.2222222222222222,0.18181818181818182,1.0,0.43915705954737483,14,4
fs_256_50,fixed_size,all_acts,q4eu_039,N,RII,22,10,0.47619047619047616,0.45454545454545453,0.46511627906976744,0.45454545454545453,1.0,0.5323726060729483,21,10
fs_256_50,fixed_size,all_acts,q4eu_040,H,RI,4,5,0.14285714285714285,0.25,0.18181818181818182,0.25,0.5,0.24630238874073,7,1
fs_256_50,fixed_size,all_acts,q4eu_040,H,RI,4,10,0.07692307692307693,0.25,0.11764705882352941,0.25,0.5,0.24630238874073,13,1
fs_256_50,fixed_size,all_acts,q4eu_041,N,B,5,5,0.375,0.6,0.4615384615384615,0.6,1.0,0.6548086577531307,8,3
fs_256_50,fixed_size,all_acts,q4eu_041,N,B,5,10,0.2,0.8,0.32000000000000006,0.6,1.0,0.7438889279713651,20,4
fs_256_50,fixed_size,all_acts,q4eu_042,L,RI,2,5,0.09090909090909091,0.5,0.15384615384615385,0.5,1.0,0.6131471927654584,11,1
fs_256_50,fixed_size,all_acts,q4eu_042,L,RI,2,10,0.05555555555555555,0.5,0.09999999999999999,0.5,1.0,0.6131471927654584,18,1
fs_256_50,fixed_size,all_acts,q4eu_043,N,B;RI,2,5,0.1111111111111111,1.0,0.19999999999999998,0.0,0.16666666666666666,0.37169423500952875,18,2
fs_256_50,fixed_size,all_acts,q4eu_043,N,B;RI,2,10,0.058823529411764705,1.0,0.1111111111111111,0.0,0.16666666666666666,0.37169423500952875,34,2
fs_256_50,fixed_size,all_acts,q4eu_044,L,RI,4,5,0.3333333333333333,0.75,0.46153846153846156,0.5,1.0,0.787702056960637,9,3
fs_256_50,fixed_size,all_acts,q4eu_044,L,RI,4,10,0.19047619047619047,1.0,0.32,0.5,1.0,0.8931976411957472,21,4
fs_256_50,fixed_size,all_acts,q4eu_045,N,B,4,5,0.18181818181818182,0.5,0.26666666666666666,0.5,1.0,0.5585075862632192,11,2
fs_256_50,fixed_size,all_acts,q4eu_045,N,B,4,10,0.15,0.75,0.24999999999999997,0.5,1.0,0.6640031704983295,20,3
fs_256_50,fixed_size,all_acts,q4eu_046,H,B,5,5,0.3,0.6,0.4,0.6,0.5,0.5296347172140421,10,3
fs_256_50,fixed_size,all_acts,q4eu_046,H,B,5,10,0.17647058823529413,0.6,0.2727272727272727,0.6,0.5,0.5296347172140421,17,3
fs_256_50,fixed_size,all_acts,q4eu_047,N,W,5,5,0.09090909090909091,0.2,0.12500000000000003,0.0,0.1,0.09803928583135704,11,1
fs_256_50,fixed_size,all_acts,q4eu_047,N,W,5,10,0.17391304347826086,0.8,0.2857142857142857,0.0,0.1,0.33714643394343463,23,4
fs_256_50,fixed_size,all_acts,q4eu_048,L,W,3,5,0.2,0.3333333333333333,0.25,0.3333333333333333,1.0,0.46927872602275644,5,1
fs_256_50,fixed_size,all_acts,q4eu_048,L,W,3,10,0.14285714285714285,0.6666666666666666,0.23529411764705882,0.3333333333333333,1.0,0.5893943818208077,14,2
fs_256_50,fixed_size,all_acts,q4eu_049,N,W,3,5,0.08333333333333333,0.3333333333333333,0.13333333333333333,0.3333333333333333,1.0,0.46927872602275644,12,1
fs_256_50,fixed_size,all_acts,q4eu_049,N,W,3,10,0.08695652173913043,0.6666666666666666,0.15384615384615383,0.3333333333333333,1.0,0.5893943818208077,23,2
fs_256_50,fixed_size,all_acts,q4eu_050,H,W,2,5,0.16666666666666666,0.5,0.25,0.0,0.3333333333333333,0.3065735963827292,6,1
fs_256_50,fixed_size,all_acts,q4eu_050,H,W,2,10,0.07692307692307693,0.5,0.13333333333333336,0.0,0.3333333333333333,0.3065735963827292,13,1
fs_256_50,fixed_size,all_acts,q4eu_051,L,W,5,5,0.07692307692307693,0.2,0.1111111111111111,0.0,0.14285714285714285,0.11305340175787204,13,1
fs_256_50,fixed_size,all_acts,q4eu_051,L,W,5,10,0.09090909090909091,0.4,0.14814814814814814,0.0,0.14285714285714285,0.19152768402897846,22,2
fs_256_50,fixed_size,all_acts,q4eu_052,H,W,1,5,0.0,0.0,0.0,0.0,0.0,0.0,10,0
fs_256_50,fixed_size,all_acts,q4eu_052,H,W,1,10,0.0,0.0,0.0,0.0,0.0,0.0,18,0
fs_256_50,fixed_size,all_acts,q4eu_053,N,W,2,5,0.16666666666666666,0.5,0.25,0.5,1.0,0.6131471927654584,6,1
fs_256_50,fixed_size,all_acts,q4eu_053,N,W,2,10,0.08333333333333333,0.5,0.14285714285714285,0.5,1.0,0.6131471927654584,12,1
fs_256_50,fixed_size,all_acts,q4eu_054,L,W,4,5,0.0,0.0,0.0,0.0,0.0,0.0,6,0
fs_256_50,fixed_size,all_acts,q4eu_054,L,W,4,10,0.0,0.0,0.0,0.0,0.0,0.0,12,0
fs_256_50,fixed_size,all_acts,q4eu_055,H,W,1,5,0.125,1.0,0.2222222222222222,0.0,0.2,0.38685280723454163,8,1
fs_256_50,fixed_size,all_acts,q4eu_055,H,W,1,10,0.0625,1.0,0.11764705882352941,0.0,0.2,0.38685280723454163,16,1
fs_256_50,fixed_size,all_acts,q4eu_056,L,W,4,5,0.375,0.75,0.5,0.5,1.0,0.7095272044910244,8,3
fs_256_50,fixed_size,all_acts,q4eu_056,L,W,4,10,0.16666666666666666,1.0,0.2857142857142857,0.5,1.0,0.7946707688998281,24,4
fs_256_50,fixed_size,all_acts,q4eu_057,N,W,4,5,0.3333333333333333,0.75,0.46153846153846156,0.0,0.16666666666666666,0.3797234786375677,9,3
fs_256_50,fixed_size,all_acts,q4eu_057,N,W,4,10,0.25,0.75,0.375,0.0,0.16666666666666666,0.3797234786375677,12,3
fs_256_50,fixed_size,all_acts,q4eu_058,N,W,4,5,0.2,0.25,0.22222222222222224,0.25,1.0,0.3903800499921017,5,1
fs_256_50,fixed_size,all_acts,q4eu_058,N,W,4,10,0.15384615384615385,0.5,0.23529411764705882,0.25,1.0,0.4958756342272121,13,2
fs_256_50,fixed_size,all_acts,q4eu_059,H,W,3,5,0.1,0.3333333333333333,0.15384615384615383,0.3333333333333333,1.0,0.46927872602275644,10,1
fs_256_50,fixed_size,all_acts,q4eu_059,H,W,3,10,0.05263157894736842,0.3333333333333333,0.09090909090909091,0.3333333333333333,1.0,0.46927872602275644,19,1
fs_256_50,fixed_size,all_acts,q4eu_060,L,W,4,5,0.0,0.0,0.0,0.0,0.0,0.0,15,0
fs_256_50,fixed_size,all_acts,q4eu_060,L,W,4,10,0.0,0.0,0.0,0.0,0.0,0.0,36,0
fs_256_50,fixed_size,all_acts,q4eu_061,H,W,2,5,0.14285714285714285,0.5,0.22222222222222224,0.5,1.0,0.6131471927654584,7,1
fs_256_50,fixed_size,all_acts,q4eu_061,H,W,2,10,0.1,1.0,0.18181818181818182,0.5,1.0,0.778842958530688,20,2
fs_256_50,fixed_size,all_acts,q4eu_062,H,W,2,5,0.09090909090909091,0.5,0.15384615384615385,0.5,1.0,0.6131471927654584,11,1
fs_256_50,fixed_size,all_acts,q4eu_062,H,W,2,10,0.0625,0.5,0.1111111111111111,0.5,1.0,0.6131471927654584,16,1
fs_256_50,fixed_size,all_acts,q4eu_063,N,W,2,5,0.1,0.5,0.16666666666666669,0.5,0.5,0.38685280723454163,10,1
fs_256_50,fixed_size,all_acts,q4eu_063,N,W,2,10,0.05555555555555555,0.5,0.09999999999999999,0.5,0.5,0.38685280723454163,18,1
fs_256_50,fixed_size,all_acts,q4eu_064,N,W,3,5,0.2222222222222222,0.6666666666666666,0.3333333333333333,0.6666666666666666,1.0,0.7653606369886217,9,2
fs_256_50,fixed_size,all_acts,q4eu_064,N,W,3,10,0.14285714285714285,1.0,0.25,0.6666666666666666,1.0,0.8962626271568189,21,3
fs_256_50,fixed_size,all_acts,q4eu_065,L,W,6,5,0.2857142857142857,0.3333333333333333,0.30769230769230765,0.3333333333333333,1.0,0.4935232796777482,7,2
fs_256_50,fixed_size,all_acts,q4eu_065,L,W,6,10,0.3333333333333333,0.6666666666666666,0.4444444444444444,0.3333333333333333,1.0,0.6654038023616565,12,4
fs_256_50,fixed_size,all_acts,q4eu_066,H,W,1,5,0.0625,1.0,0.11764705882352941,0.0,0.5,0.6309297535714575,16,1
fs_256_50,fixed_size,all_acts,q4eu_066,H,W,1,10,0.043478260869565216,1.0,0.08333333333333333,0.0,0.5,0.6309297535714575,23,1
fs_256_50,fixed_size,all_acts,q4eu_067,L,W,3,5,0.1111111111111111,0.3333333333333333,0.16666666666666666,0.3333333333333333,0.3333333333333333,0.23463936301137822,9,1
fs_256_50,fixed_size,all_acts,q4eu_067,L,W,3,10,0.05263157894736842,0.3333333333333333,0.09090909090909091,0.3333333333333333,0.3333333333333333,0.23463936301137822,19,1
fs_256_50,fixed_size,all_acts,q4eu_068,L,B;RI;RII,6,5,0.0,0.0,0.0,0.0,0.0,0.0,11,0
fs_256_50,fixed_size,all_acts,q4eu_068,L,B;RI;RII,6,10,0.0,0.0,0.0,0.0,0.0,0.0,21,0
fs_256_50,fixed_size,all_acts,q4eu_069,L,RI,5,5,0.05263157894736842,0.2,0.08333333333333333,0.2,0.5,0.21398626473452756,19,1
fs_256_50,fixed_size,all_acts,q4eu_069,L,RI,5,10,0.058823529411764705,0.4,0.10256410256410256,0.2,0.5,0.28010860661996756,34,2
fs_256_50,fixed_size,all_acts,q4eu_070,H,RII,4,5,0.3076923076923077,1.0,0.47058823529411764,0.5,1.0,0.9058653015743079,13,4
fs_256_50,fixed_size,all_acts,q4eu_070,H,RII,4,10,0.13793103448275862,1.0,0.2424242424242424,0.5,1.0,0.9058653015743079,29,4
fs_256_50,fixed_size,all_acts,q4eu_071,N,B,2,5,0.0,0.0,0.0,0.0,0.0,0.0,15,0
fs_256_50,fixed_size,all_acts,q4eu_071,N,B,2,10,0.03571428571428571,0.5,0.06666666666666667,0.0,0.047619047619047616,0.13749447131399728,28,1
fs_256_50,fixed_size,all_acts,q4eu_072,L,G,3,5,0.1,0.3333333333333333,0.15384615384615383,0.0,0.1111111111111111,0.14126697285982898,10,1
fs_256_50,fixed_size,all_acts,q4eu_072,L,G,3,10,0.11764705882352941,0.6666666666666666,0.2,0.0,0.1111111111111111,0.25858665436551814,17,2
fs_256_50,fixed_size,pil_acts,q4eu_034,L,B,3,5,0.16666666666666666,0.6666666666666666,0.26666666666666666,0.0,0.25,0.3330093366687448,12,2
fs_256_50,fixed_size,pil_acts,q4eu_034,L,B,3,10,0.07407407407407407,0.6666666666666666,0.13333333333333333,0.0,0.25,0.3330093366687448,27,2
fs_256_50,fixed_size,pil_acts,q4eu_035,N,B,4,5,0.15384615384615385,0.5,0.23529411764705882,0.25,1.0,0.4958756342272121,13,2
fs_256_50,fixed_size,pil_acts,q4eu_035,N,B,4,10,0.07142857142857142,0.5,0.125,0.25,1.0,0.4958756342272121,28,2
fs_256_50,fixed_size,pil_acts,q4eu_036,N,RI,4,5,0.0,0.0,0.0,0.0,0.0,0.0,16,0
fs_256_50,fixed_size,pil_acts,q4eu_036,N,RI,4,10,0.03333333333333333,0.25,0.058823529411764705,0.0,0.047619047619047616,0.08754031530847717,30,1
fs_256_50,fixed_size,pil_acts,q4eu_037,H,B,3,5,0.23076923076923078,1.0,0.375,0.3333333333333333,1.0,0.812653045383133,13,3
fs_256_50,fixed_size,pil_acts,q4eu_037,H,B,3,10,0.1,1.0,0.18181818181818182,0.3333333333333333,1.0,0.812653045383133,30,3
fs_256_50,fixed_size,pil_acts,q4eu_038,H,B,3,5,0.375,1.0,0.5454545454545454,0.6666666666666666,0.5,0.7328286204777911,8,3
fs_256_50,fixed_size,pil_acts,q4eu_038,H,B,3,10,0.15,1.0,0.2608695652173913,0.6666666666666666,0.5,0.7328286204777911,20,3
fs_256_50,fixed_size,pil_acts,q4eu_039,N,RII,22,5,0.2857142857142857,0.18181818181818182,0.2222222222222222,0.18181818181818182,1.0,0.43915705954737483,14,4
fs_256_50,fixed_size,pil_acts,q4eu_039,N,RII,22,10,0.47619047619047616,0.45454545454545453,0.46511627906976744,0.45454545454545453,1.0,0.5323726060729483,21,10
fs_256_50,fixed_size,pil_acts,q4eu_040,H,RI,4,5,0.14285714285714285,0.25,0.18181818181818182,0.25,0.5,0.24630238874073,7,1
fs_256_50,fixed_size,pil_acts,q4eu_040,H,RI,4,10,0.07692307692307693,0.25,0.11764705882352941,0.25,0.5,0.24630238874073,13,1
fs_256_50,fixed_size,pil_acts,q4eu_041,N,B,5,5,0.375,0.6,0.4615384615384615,0.6,1.0,0.6548086577531307,8,3
fs_256_50,fixed_size,pil_acts,q4eu_041,N,B,5,10,0.2,0.8,0.32000000000000006,0.6,1.0,0.7438889279713651,20,4
fs_256_50,fixed_size,pil_acts,q4eu_042,L,RI,2,5,0.09090909090909091,0.5,0.15384615384615385,0.5,1.0,0.6131471927654584,11,1
fs_256_50,fixed_size,pil_acts,q4eu_042,L,RI,2,10,0.05555555555555555,0.5,0.09999999999999999,0.5,1.0,0.6131471927654584,18,1
fs_256_50,fixed_size,pil_acts,q4eu_043,N,B;RI,2,5,0.1111111111111111,1.0,0.19999999999999998,0.0,0.16666666666666666,0.37169423500952875,18,2
fs_256_50,fixed_size,pil_acts,q4eu_043,N,B;RI,2,10,0.058823529411764705,1.0,0.1111111111111111,0.0,0.16666666666666666,0.37169423500952875,34,2
fs_256_50,fixed_size,pil_acts,q4eu_044,L,RI,4,5,0.3333333333333333,0.75,0.46153846153846156,0.5,1.0,0.787702056960637,9,3
fs_256_50,fixed_size,pil_acts,q4eu_044,L,RI,4,10,0.16666666666666666,1.0,0.2857142857142857,0.5,1.0,0.9005471983095722,24,4
fs_256_50,fixed_size,pil_acts,q4eu_045,N,B,4,5,0.18181818181818182,0.5,0.26666666666666666,0.5,1.0,0.5585075862632192,11,2
fs_256_50,fixed_size,pil_acts,q4eu_045,N,B,4,10,0.15,0.75,0.24999999999999997,0.5,1.0,0.6640031704983295,20,3
fs_256_50,fixed_size,pil_acts,q4eu_046,H,B,5,5,0.3,0.6,0.4,0.6,0.5,0.5296347172140421,10,3
fs_256_50,fixed_size,pil_acts,q4eu_046,H,B,5,10,0.17647058823529413,0.6,0.2727272727272727,0.6,0.5,0.5296347172140421,17,3
fs_256_50,fixed_size,pil_acts,q4eu_068,L,B;RI;RII,6,5,0.0,0.0,0.0,0.0,0.0,0.0,9,0
fs_256_50,fixed_size,pil_acts,q4eu_068,L,B;RI;RII,6,10,0.0,0.0,0.0,0.0,0.0,0.0,21,0
fs_256_50,fixed_size,pil_acts,q4eu_069,L,RI,5,5,0.05263157894736842,0.2,0.08333333333333333,0.2,0.5,0.21398626473452756,19,1
fs_256_50,fixed_size,pil_acts,q4eu_069,L,RI,5,10,0.058823529411764705,0.4,0.10256410256410256,0.2,0.5,0.28010860661996756,34,2
fs_256_50,fixed_size,pil_acts,q4eu_070,H,RII,4,5,0.3076923076923077,1.0,0.47058823529411764,0.5,1.0,0.9058653015743079,13,4
fs_256_50,fixed_size,pil_acts,q4eu_070,H,RII,4,10,0.13793103448275862,1.0,0.2424242424242424,0.5,1.0,0.9058653015743079,29,4
fs_256_50,fixed_size,pil_acts,q4eu_071,N,B,2,5,0.0,0.0,0.0,0.0,0.0,0.0,15,0
fs_256_50,fixed_size,pil_acts,q4eu_071,N,B,2,10,0.038461538461538464,0.5,0.07142857142857144,0.0,0.05555555555555555,0.14434031438272124,26,1
fs_256_50,fixed_size,target_acts,q4eu_001,H,E,3,5,0.21428571428571427,1.0,0.35294117647058826,0.6666666666666666,1.0,0.9325210919548239,14,3
fs_256_50,fixed_size,target_acts,q4eu_001,H,E,3,10,0.12,1.0,0.21428571428571425,0.6666666666666666,1.0,0.9325210919548239,25,3
fs_256_50,fixed_size,target_acts,q4eu_002,N,E,2,5,0.09090909090909091,0.5,0.15384615384615385,0.5,1.0,0.6131471927654584,11,1
fs_256_50,fixed_size,target_acts,q4eu_002,N,E,2,10,0.08333333333333333,1.0,0.15384615384615385,0.5,1.0,0.778842958530688,24,2
fs_256_50,fixed_size,target_acts,q4eu_003,L,E,2,5,0.18181818181818182,1.0,0.3076923076923077,0.0,0.14285714285714285,0.3754154816562042,11,2
fs_256_50,fixed_size,target_acts,q4eu_003,L,E,2,10,0.09090909090909091,1.0,0.16666666666666669,0.0,0.14285714285714285,0.3754154816562042,22,2
fs_256_50,fixed_size,target_acts,q4eu_004,N,E,2,5,0.2,1.0,0.33333333333333337,0.0,0.25,0.5012658353418871,10,2
fs_256_50,fixed_size,target_acts,q4eu_004,N,E,2,10,0.09523809523809523,1.0,0.17391304347826084,0.0,0.25,0.5012658353418871,21,2
fs_256_50,fixed_size,target_acts,q4eu_005,L,E,2,5,0.1,0.5,0.16666666666666669,0.5,0.5,0.38685280723454163,10,1
fs_256_50,fixed_size,target_acts,q4eu_005,L,E,2,10,0.1111111111111111,1.0,0.19999999999999998,0.5,0.5,0.5338931479009518,18,2
fs_256_50,fixed_size,target_acts,q4eu_006,N,E,2,5,0.125,1.0,0.2222222222222222,0.5,1.0,0.7903864795495061,16,2
fs_256_50,fixed_size,target_acts,q4eu_006,N,E,2,10,0.07692307692307693,1.0,0.14285714285714288,0.5,1.0,0.7903864795495061,26,2
fs_256_50,fixed_size,target_acts,q4eu_007,H,E,1,5,0.1,1.0,0.18181818181818182,0.0,0.5,0.6309297535714575,10,1
fs_256_50,fixed_size,target_acts,q4eu_007,H,E,1,10,0.05,1.0,0.09523809523809523,0.0,0.5,0.6309297535714575,20,1
fs_256_50,fixed_size,target_acts,q4eu_008,L,E,2,5,0.0,0.0,0.0,0.0,0.0,0.0,16,0
fs_256_50,fixed_size,target_acts,q4eu_008,L,E,2,10,0.0,0.0,0.0,0.0,0.0,0.0,27,0
fs_256_50,fixed_size,target_acts,q4eu_009,H,E,2,5,0.25,1.0,0.4,0.5,1.0,0.8503449055347546,8,2
fs_256_50,fixed_size,target_acts,q4eu_009,H,E,2,10,0.13333333333333333,1.0,0.23529411764705882,0.5,1.0,0.8503449055347546,15,2
fs_256_50,fixed_size,target_acts,q4eu_010,H,E,1,5,0.14285714285714285,1.0,0.25,1.0,1.0,1.0,7,1
fs_256_50,fixed_size,target_acts,q4eu_010,H,E,1,10,0.07692307692307693,1.0,0.14285714285714288,1.0,1.0,1.0,13,1
fs_256_50,fixed_size,target_acts,q4eu_011,L,E,5,5,0.06666666666666667,0.2,0.1,0.0,0.14285714285714285,0.11305340175787204,15,1
fs_256_50,fixed_size,target_acts,q4eu_011,L,E,5,10,0.1111111111111111,0.6,0.18750000000000003,0.0,0.14285714285714285,0.26894931859151355,27,3
fs_256_50,fixed_size,target_acts,q4eu_012,N,E,4,5,0.25,0.75,0.375,0.5,0.5,0.553486104522623,12,3
fs_256_50,fixed_size,target_acts,q4eu_012,N,E,4,10,0.19047619047619047,1.0,0.32,0.5,0.5,0.6560192431408449,21,4
fs_256_50,fixed_size,target_acts,q4eu_013,N,E,2,5,0.16666666666666666,1.0,0.2857142857142857,0.5,1.0,0.8772153153380493,12,2
fs_256_50,fixed_size,target_acts,q4eu_013,N,E,2,10,0.10526315789473684,1.0,0.1904761904761905,0.5,1.0,0.8772153153380493,19,2
fs_256_50,fixed_size,target_acts,q4eu_014,N,E,2,5,0.1,0.5,0.16666666666666669,0.5,0.5,0.38685280723454163,10,1
fs_256_50,fixed_size,target_acts,q4eu_014,N,E,2,10,0.1,1.0,0.18181818181818182,0.5,0.5,0.5287217091005357,20,2
fs_256_50,fixed_size,target_acts,q4eu_015,H,E,1,5,0.125,1.0,0.2222222222222222,1.0,1.0,1.0,8,1
fs_256_50,fixed_size,target_acts,q4eu_015,H,E,1,10,0.058823529411764705,1.0,0.1111111111111111,1.0,1.0,1.0,17,1
fs_256_50,fixed_size,target_acts,q4eu_016,N,E,2,5,0.2222222222222222,1.0,0.3636363636363636,0.5,0.5,0.6509209298071326,9,2
fs_256_50,fixed_size,target_acts,q4eu_016,N,E,2,10,0.13333333333333333,1.0,0.23529411764705882,0.5,0.5,0.6509209298071326,15,2
fs_256_50,fixed_size,target_acts,q4eu_017,L,E,2,5,0.25,1.0,0.4,0.5,1.0,0.9197207891481876,8,2
fs_256_50,fixed_size,target_acts,q4eu_017,L,E,2,10,0.13333333333333333,1.0,0.23529411764705882,0.5,1.0,0.9197207891481876,15,2
fs_256_50,fixed_size,target_acts,q4eu_018,H,G,1,5,0.16666666666666666,1.0,0.2857142857142857,0.0,0.16666666666666666,0.3562071871080222,6,1
fs_256_50,fixed_size,target_acts,q4eu_018,H,G,1,10,0.058823529411764705,1.0,0.1111111111111111,0.0,0.16666666666666666,0.3562071871080222,17,1
fs_256_50,fixed_size,target_acts,q4eu_019,N,G,1,5,0.1,1.0,0.18181818181818182,0.0,0.16666666666666666,0.3562071871080222,10,1
fs_256_50,fixed_size,target_acts,q4eu_019,N,G,1,10,0.05555555555555555,1.0,0.10526315789473684,0.0,0.16666666666666666,0.3562071871080222,18,1
fs_256_50,fixed_size,target_acts,q4eu_020,L,G,6,5,0.16666666666666666,0.3333333333333333,0.2222222222222222,0.16666666666666666,0.5,0.2783925802803429,12,2
fs_256_50,fixed_size,target_acts,q4eu_020,L,G,6,10,0.17647058823529413,0.5,0.2608695652173913,0.16666666666666666,0.5,0.3558460963421822,17,3
fs_256_50,fixed_size,target_acts,q4eu_021,N,G,2,5,0.0,0.0,0.0,0.0,0.0,0.0,4,0
fs_256_50,fixed_size,target_acts,q4eu_021,N,G,2,10,0.08333333333333333,0.5,0.14285714285714285,0.0,0.16666666666666666,0.21840743681816419,12,1
fs_256_50,fixed_size,target_acts,q4eu_022,L,G,5,5,0.1,0.2,0.13333333333333333,0.0,0.16666666666666666,0.1208113026994942,10,1
fs_256_50,fixed_size,target_acts,q4eu_022,L,G,5,10,0.11764705882352941,0.4,0.1818181818181818,0.0,0.16666666666666666,0.20214614808791384,17,2
fs_256_50,fixed_size,target_acts,q4eu_023,N,G,2,5,0.16666666666666666,1.0,0.2857142857142857,0.5,0.5,0.6240505200038379,12,2
fs_256_50,fixed_size,target_acts,q4eu_023,N,G,2,10,0.1111111111111111,1.0,0.19999999999999998,0.5,0.5,0.6240505200038379,18,2
fs_256_50,fixed_size,target_acts,q4eu_024,H,G,3,5,0.3,1.0,0.4615384615384615,0.3333333333333333,1.0,0.7777061538487877,10,3
fs_256_50,fixed_size,target_acts,q4eu_024,H,G,3,10,0.14285714285714285,1.0,0.25,0.3333333333333333,1.0,0.7777061538487877,21,3
fs_256_50,fixed_size,target_acts,q4eu_025,L,G,8,5,0.18181818181818182,0.25,0.2105263157894737,0.25,0.3333333333333333,0.2354078440015845,11,2
fs_256_50,fixed_size,target_acts,q4eu_025,L,G,8,10,0.25,0.5,0.3333333333333333,0.25,0.3333333333333333,0.365078802966475,16,4
fs_256_50,fixed_size,target_acts,q4eu_026,H,G,1,5,0.125,1.0,0.2222222222222222,0.0,0.25,0.43067655807339306,8,1
fs_256_50,fixed_size,target_acts,q4eu_026,H,G,1,10,0.05555555555555555,1.0,0.10526315789473684,0.0,0.25,0.43067655807339306,18,1
fs_256_50,fixed_size,target_acts,q4eu_027,H,G,1,5,0.1111111111111111,1.0,0.19999999999999998,0.0,0.5,0.6309297535714575,9,1
fs_256_50,fixed_size,target_acts,q4eu_027,H,G,1,10,0.045454545454545456,1.0,0.08695652173913045,0.0,0.5,0.6309297535714575,22,1
fs_256_50,fixed_size,target_acts,q4eu_028,N,G,4,5,0.25,0.5,0.3333333333333333,0.25,0.5,0.369453583111095,8,2
fs_256_50,fixed_size,target_acts,q4eu_028,N,G,4,10,0.1111111111111111,0.5,0.1818181818181818,0.25,0.5,0.369453583111095,18,2
fs_256_50,fixed_size,target_acts,q4eu_029,N,G,2,5,0.14285714285714285,0.5,0.22222222222222224,0.5,1.0,0.6131471927654584,7,1
fs_256_50,fixed_size,target_acts,q4eu_029,N,G,2,10,0.06666666666666667,0.5,0.11764705882352941,0.5,1.0,0.6131471927654584,15,1
fs_256_50,fixed_size,target_acts,q4eu_030,N,G,4,5,0.1111111111111111,0.25,0.15384615384615383,0.0,0.2,0.15101961822780524,9,1
fs_256_50,fixed_size,target_acts,q4eu_030,N,G,4,10,0.13333333333333333,0.5,0.2105263157894737,0.0,0.2,0.25651520246291565,15,2
fs_256_50,fixed_size,target_acts,q4eu_031,H,G,3,5,0.1111111111111111,0.3333333333333333,0.16666666666666666,0.3333333333333333,0.5,0.2960819109658652,9,1
fs_256_50,fixed_size,target_acts,q4eu_031,H,G,3,10,0.07692307692307693,0.3333333333333333,0.125,0.3333333333333333,0.5,0.2960819109658652,13,1
fs_256_50,fixed_size,target_acts,q4eu_032,N,G,3,5,0.2222222222222222,0.6666666666666666,0.3333333333333333,0.3333333333333333,0.3333333333333333,0.40179981797758046,9,2
fs_256_50,fixed_size,target_acts,q4eu_032,N,G,3,10,0.1,0.6666666666666666,0.1739130434782609,0.3333333333333333,0.3333333333333333,0.40179981797758046,20,2
fs_256_50,fixed_size,target_acts,q4eu_033,L,G,6,5,0.8571428571428571,1.0,0.923076923076923,0.8333333333333334,1.0,0.9838048780283076,7,6
fs_256_50,fixed_size,target_acts,q4eu_033,L,G,6,10,0.4,1.0,0.5714285714285715,0.8333333333333334,1.0,0.9838048780283076,15,6
fs_256_50,fixed_size,target_acts,q4eu_034,L,B,3,5,0.3,1.0,0.4615384615384615,0.0,0.25,0.49418556194058083,10,3
fs_256_50,fixed_size,target_acts,q4eu_034,L,B,3,10,0.17647058823529413,1.0,0.3,0.0,0.25,0.49418556194058083,17,3
fs_256_50,fixed_size,target_acts,q4eu_035,N,B,4,5,0.14285714285714285,0.5,0.22222222222222224,0.25,1.0,0.5135312443624667,14,2
fs_256_50,fixed_size,target_acts,q4eu_035,N,B,4,10,0.16,1.0,0.2758620689655173,0.25,1.0,0.6901559429199673,25,4
fs_256_50,fixed_size,target_acts,q4eu_036,N,RI,4,5,0.06666666666666667,0.25,0.10526315789473685,0.0,0.125,0.123151194370365,15,1
fs_256_50,fixed_size,target_acts,q4eu_036,N,RI,4,10,0.04,0.25,0.06896551724137932,0.0,0.125,0.123151194370365,25,1
fs_256_50,fixed_size,target_acts,q4eu_037,H,B,3,5,0.3,1.0,0.4615384615384615,0.3333333333333333,1.0,0.812653045383133,10,3
fs_256_50,fixed_size,target_acts,q4eu_037,H,B,3,10,0.13043478260869565,1.0,0.23076923076923078,0.3333333333333333,1.0,0.812653045383133,23,3
fs_256_50,fixed_size,target_acts,q4eu_038,H,B,3,5,0.375,1.0,0.5454545454545454,0.6666666666666666,0.5,0.7328286204777911,8,3
fs_256_50,fixed_size,target_acts,q4eu_038,H,B,3,10,0.15,1.0,0.2608695652173913,0.6666666666666666,0.5,0.7328286204777911,20,3
fs_256_50,fixed_size,target_acts,q4eu_039,N,RII,22,5,0.2857142857142857,0.18181818181818182,0.2222222222222222,0.18181818181818182,1.0,0.43915705954737483,14,4
fs_256_50,fixed_size,target_acts,q4eu_039,N,RII,22,10,0.47619047619047616,0.45454545454545453,0.46511627906976744,0.45454545454545453,1.0,0.5323726060729483,21,10
fs_256_50,fixed_size,target_acts,q4eu_040,H,RI,4,5,0.14285714285714285,0.25,0.18181818181818182,0.25,0.5,0.24630238874073,7,1
fs_256_50,fixed_size,target_acts,q4eu_040,H,RI,4,10,0.125,0.5,0.2,0.25,0.5,0.3551961498089622,16,2
fs_256_50,fixed_size,target_acts,q4eu_041,N,B,5,5,0.38461538461538464,1.0,0.5555555555555556,0.6,1.0,0.9274340023311567,13,5
fs_256_50,fixed_size,target_acts,q4eu_041,N,B,5,10,0.21739130434782608,1.0,0.3571428571428571,0.6,1.0,0.9274340023311567,23,5
fs_256_50,fixed_size,target_acts,q4eu_042,L,RI,2,5,0.125,0.5,0.2,0.5,1.0,0.6131471927654584,8,1
fs_256_50,fixed_size,target_acts,q4eu_042,L,RI,2,10,0.058823529411764705,0.5,0.10526315789473684,0.5,1.0,0.6131471927654584,17,1
fs_256_50,fixed_size,target_acts,q4eu_043,N,B;RI,2,5,0.13333333333333333,1.0,0.23529411764705882,0.5,0.5,0.5578858913022597,15,2
fs_256_50,fixed_size,target_acts,q4eu_043,N,B;RI,2,10,0.06451612903225806,1.0,0.12121212121212122,0.5,0.5,0.5578858913022597,31,2
fs_256_50,fixed_size,target_acts,q4eu_044,L,RI,4,5,0.5,1.0,0.6666666666666666,0.5,1.0,0.9108532513310018,8,4
fs_256_50,fixed_size,target_acts,q4eu_044,L,RI,4,10,0.3076923076923077,1.0,0.47058823529411764,0.5,1.0,0.9108532513310018,13,4
fs_256_50,fixed_size,target_acts,q4eu_045,N,B,4,5,0.18181818181818182,0.5,0.26666666666666666,0.5,1.0,0.5585075862632192,11,2
fs_256_50,fixed_size,target_acts,q4eu_045,N,B,4,10,0.15,0.75,0.24999999999999997,0.5,1.0,0.6640031704983295,20,3
fs_256_50,fixed_size,target_acts,q4eu_046,H,B,5,5,0.3,0.6,0.4,0.6,0.5,0.5296347172140421,10,3
fs_256_50,fixed_size,target_acts,q4eu_046,H,B,5,10,0.17647058823529413,0.6,0.2727272727272727,0.6,0.5,0.5296347172140421,17,3
fs_256_50,fixed_size,target_acts,q4eu_047,N,W,5,5,0.09090909090909091,0.2,0.12500000000000003,0.0,0.1,0.09803928583135704,11,1
fs_256_50,fixed_size,target_acts,q4eu_047,N,W,5,10,0.17391304347826086,0.8,0.2857142857142857,0.0,0.1,0.33714643394343463,23,4
fs_256_50,fixed_size,target_acts,q4eu_048,L,W,3,5,0.2,0.3333333333333333,0.25,0.3333333333333333,1.0,0.46927872602275644,5,1
fs_256_50,fixed_size,target_acts,q4eu_048,L,W,3,10,0.14285714285714285,0.6666666666666666,0.23529411764705882,0.3333333333333333,1.0,0.5893943818208077,14,2
fs_256_50,fixed_size,target_acts,q4eu_049,N,W,3,5,0.08333333333333333,0.3333333333333333,0.13333333333333333,0.3333333333333333,1.0,0.46927872602275644,12,1
fs_256_50,fixed_size,target_acts,q4eu_049,N,W,3,10,0.08695652173913043,0.6666666666666666,0.15384615384615383,0.3333333333333333,1.0,0.5893943818208077,23,2
fs_256_50,fixed_size,target_acts,q4eu_050,H,W,2,5,0.16666666666666666,0.5,0.25,0.0,0.3333333333333333,0.3065735963827292,6,1
fs_256_50,fixed_size,target_acts,q4eu_050,H,W,2,10,0.07692307692307693,0.5,0.13333333333333336,0.0,0.3333333333333333,0.3065735963827292,13,1
fs_256_50,fixed_size,target_acts,q4eu_051,L,W,5,5,0.07692307692307693,0.2,0.1111111111111111,0.0,0.14285714285714285,0.11305340175787204,13,1
fs_256_50,fixed_size,target_acts,q4eu_051,L,W,5,10,0.09090909090909091,0.4,0.14814814814814814,0.0,0.14285714285714285,0.19152768402897846,22,2
fs_256_50,fixed_size,target_acts,q4eu_052,H,W,1,5,0.0,0.0,0.0,0.0,0.0,0.0,9,0
fs_256_50,fixed_size,target_acts,q4eu_052,H,W,1,10,0.06666666666666667,1.0,0.125,0.0,0.06666666666666667,0.25,15,1
fs_256_50,fixed_size,target_acts,q4eu_053,N,W,2,5,0.16666666666666666,0.5,0.25,0.5,1.0,0.6131471927654584,6,1
fs_256_50,fixed_size,target_acts,q4eu_053,N,W,2,10,0.08333333333333333,0.5,0.14285714285714285,0.5,1.0,0.6131471927654584,12,1
fs_256_50,fixed_size,target_acts,q4eu_054,L,W,4,5,0.0,0.0,0.0,0.0,0.0,0.0,6,0
fs_256_50,fixed_size,target_acts,q4eu_054,L,W,4,10,0.0,0.0,0.0,0.0,0.0,0.0,12,0
fs_256_50,fixed_size,target_acts,q4eu_055,H,W,1,5,0.125,1.0,0.2222222222222222,0.0,0.2,0.38685280723454163,8,1
fs_256_50,fixed_size,target_acts,q4eu_055,H,W,1,10,0.0625,1.0,0.11764705882352941,0.0,0.2,0.38685280723454163,16,1
fs_256_50,fixed_size,target_acts,q4eu_056,L,W,4,5,0.375,0.75,0.5,0.5,1.0,0.7095272044910244,8,3
fs_256_50,fixed_size,target_acts,q4eu_056,L,W,4,10,0.2,1.0,0.33333333333333337,0.5,1.0,0.8094481110121597,20,4
fs_256_50,fixed_size,target_acts,q4eu_057,N,W,4,5,0.3333333333333333,0.75,0.46153846153846156,0.0,0.16666666666666666,0.3797234786375677,9,3
fs_256_50,fixed_size,target_acts,q4eu_057,N,W,4,10,0.25,0.75,0.375,0.0,0.16666666666666666,0.3797234786375677,12,3
fs_256_50,fixed_size,target_acts,q4eu_058,N,W,4,5,0.2,0.25,0.22222222222222224,0.25,1.0,0.3903800499921017,5,1
fs_256_50,fixed_size,target_acts,q4eu_058,N,W,4,10,0.15384615384615385,0.5,0.23529411764705882,0.25,1.0,0.4958756342272121,13,2
fs_256_50,fixed_size,target_acts,q4eu_059,H,W,3,5,0.1,0.3333333333333333,0.15384615384615383,0.3333333333333333,1.0,0.46927872602275644,10,1
fs_256_50,fixed_size,target_acts,q4eu_059,H,W,3,10,0.05555555555555555,0.3333333333333333,0.09523809523809525,0.3333333333333333,1.0,0.46927872602275644,18,1
fs_256_50,fixed_size,target_acts,q4eu_060,L,W,4,5,0.2,0.75,0.31578947368421056,0.25,0.3333333333333333,0.4182017139875884,15,3
fs_256_50,fixed_size,target_acts,q4eu_060,L,W,4,10,0.16666666666666666,1.0,0.2857142857142857,0.25,0.3333333333333333,0.5070796370556191,24,4
fs_256_50,fixed_size,target_acts,q4eu_061,H,W,2,5,0.14285714285714285,0.5,0.22222222222222224,0.5,1.0,0.6131471927654584,7,1
fs_256_50,fixed_size,target_acts,q4eu_061,H,W,2,10,0.1,1.0,0.18181818181818182,0.5,1.0,0.778842958530688,20,2
fs_256_50,fixed_size,target_acts,q4eu_062,H,W,2,5,0.09090909090909091,0.5,0.15384615384615385,0.5,1.0,0.6131471927654584,11,1
fs_256_50,fixed_size,target_acts,q4eu_062,H,W,2,10,0.0625,0.5,0.1111111111111111,0.5,1.0,0.6131471927654584,16,1
fs_256_50,fixed_size,target_acts,q4eu_063,N,W,2,5,0.1,0.5,0.16666666666666669,0.5,0.5,0.38685280723454163,10,1
fs_256_50,fixed_size,target_acts,q4eu_063,N,W,2,10,0.05555555555555555,0.5,0.09999999999999999,0.5,0.5,0.38685280723454163,18,1
fs_256_50,fixed_size,target_acts,q4eu_064,N,W,3,5,0.2222222222222222,0.6666666666666666,0.3333333333333333,0.6666666666666666,1.0,0.7653606369886217,9,2
fs_256_50,fixed_size,target_acts,q4eu_064,N,W,3,10,0.14285714285714285,1.0,0.25,0.6666666666666666,1.0,0.8962626271568189,21,3
fs_256_50,fixed_size,target_acts,q4eu_065,L,W,6,5,0.2857142857142857,0.3333333333333333,0.30769230769230765,0.3333333333333333,1.0,0.4935232796777482,7,2
fs_256_50,fixed_size,target_acts,q4eu_065,L,W,6,10,0.3333333333333333,0.6666666666666666,0.4444444444444444,0.3333333333333333,1.0,0.6654038023616565,12,4
fs_256_50,fixed_size,target_acts,q4eu_066,H,W,1,5,0.0625,1.0,0.11764705882352941,0.0,0.5,0.6309297535714575,16,1
fs_256_50,fixed_size,target_acts,q4eu_066,H,W,1,10,0.043478260869565216,1.0,0.08333333333333333,0.0,0.5,0.6309297535714575,23,1
fs_256_50,fixed_size,target_acts,q4eu_067,L,W,3,5,0.2,0.3333333333333333,0.25,0.3333333333333333,1.0,0.46927872602275644,5,1
fs_256_50,fixed_size,target_acts,q4eu_067,L,W,3,10,0.08333333333333333,0.3333333333333333,0.13333333333333333,0.3333333333333333,1.0,0.46927872602275644,12,1
fs_256_50,fixed_size,target_acts,q4eu_068,L,B;RI;RII,6,5,0.0,0.0,0.0,0.0,0.0,0.0,9,0
fs_256_50,fixed_size,target_acts,q4eu_068,L,B;RI;RII,6,10,0.0,0.0,0.0,0.0,0.0,0.0,21,0
fs_256_50,fixed_size,target_acts,q4eu_069,L,RI,5,5,0.058823529411764705,0.2,0.0909090909090909,0.2,0.5,0.21398626473452756,17,1
fs_256_50,fixed_size,target_acts,q4eu_069,L,RI,5,10,0.1,0.6,0.17142857142857143,0.2,0.5,0.36293492019696055,30,3
fs_256_50,fixed_size,target_acts,q4eu_070,H,RII,4,5,0.3076923076923077,1.0,0.47058823529411764,0.5,1.0,0.9058653015743079,13,4
fs_256_50,fixed_size,target_acts,q4eu_070,H,RII,4,10,0.14814814814814814,1.0,0.25806451612903225,0.5,1.0,0.9058653015743079,27,4
fs_256_50,fixed_size,target_acts,q4eu_071,N,B,2,5,0.07142857142857142,0.5,0.125,0.5,0.5,0.38685280723454163,14,1
fs_256_50,fixed_size,target_acts,q4eu_071,N,B,2,10,0.03225806451612903,0.5,0.06060606060606061,0.5,0.5,0.38685280723454163,31,1
fs_256_50,fixed_size,target_acts,q4eu_072,L,G,3,5,0.1,0.3333333333333333,0.15384615384615383,0.0,0.1111111111111111,0.14126697285982898,10,1
fs_256_50,fixed_size,target_acts,q4eu_072,L,G,3,10,0.11764705882352941,0.6666666666666666,0.2,0.0,0.1111111111111111,0.25858665436551814,17,2
fs_64_12,fixed_size,all_acts,q4eu_001,H,E,3,5,0.2,0.3333333333333333,0.25,0.3333333333333333,1.0,0.46927872602275644,5,1
fs_64_12,fixed_size,all_acts,q4eu_001,H,E,3,10,0.23076923076923078,1.0,0.375,0.3333333333333333,1.0,0.7596950201816822,13,3
fs_64_12,fixed_size,all_acts,q4eu_002,N,E,2,5,0.1111111111111111,0.5,0.1818181818181818,0.5,1.0,0.6131471927654584,9,1
fs_64_12,fixed_size,all_acts,q4eu_002,N,E,2,10,0.13333333333333333,1.0,0.23529411764705882,0.5,1.0,0.7741900178546666,15,2
fs_64_12,fixed_size,all_acts,q4eu_003,L,E,2,5,0.2,1.0,0.33333333333333337,0.0,0.2,0.45560514958746035,10,2
fs_64_12,fixed_size,all_acts,q4eu_003,L,E,2,10,0.14285714285714285,1.0,0.25,0.0,0.2,0.45560514958746035,14,2
fs_64_12,fixed_size,all_acts,q4eu_004,N,E,2,5,0.6666666666666666,1.0,0.8,0.5,0.5,0.6934264036172708,3,2
fs_64_12,fixed_size,all_acts,q4eu_004,N,E,2,10,0.4,1.0,0.5714285714285715,0.5,0.5,0.6934264036172708,5,2
fs_64_12,fixed_size,all_acts,q4eu_005,L,E,2,5,0.3333333333333333,1.0,0.5,0.5,1.0,0.9197207891481876,6,2
fs_64_12,fixed_size,all_acts,q4eu_005,L,E,2,10,0.25,1.0,0.4,0.5,1.0,0.9197207891481876,8,2
fs_64_12,fixed_size,all_acts,q4eu_006,N,E,2,5,0.25,1.0,0.4,0.5,0.5,0.6509209298071326,8,2
fs_64_12,fixed_size,all_acts,q4eu_006,N,E,2,10,0.15384615384615385,1.0,0.2666666666666667,0.5,0.5,0.6509209298071326,13,2
fs_64_12,fixed_size,all_acts,q4eu_007,H,E,1,5,0.2,1.0,0.33333333333333337,1.0,1.0,1.0,5,1
fs_64_12,fixed_size,all_acts,q4eu_007,H,E,1,10,0.125,1.0,0.2222222222222222,1.0,1.0,1.0,8,1
fs_64_12,fixed_size,all_acts,q4eu_008,L,E,2,5,0.0,0.0,0.0,0.0,0.0,0.0,8,0
fs_64_12,fixed_size,all_acts,q4eu_008,L,E,2,10,0.0,0.0,0.0,0.0,0.0,0.0,15,0
fs_64_12,fixed_size,all_acts,q4eu_009,H,E,2,5,0.3333333333333333,1.0,0.5,0.5,0.5,0.6052602440527057,6,2
fs_64_12,fixed_size,all_acts,q4eu_009,H,E,2,10,0.2857142857142857,1.0,0.4444444444444445,0.5,0.5,0.6052602440527057,7,2
fs_64_12,fixed_size,all_acts,q4eu_010,H,E,1,5,0.3333333333333333,1.0,0.5,1.0,1.0,1.0,3,1
fs_64_12,fixed_size,all_acts,q4eu_010,H,E,1,10,0.25,1.0,0.4,1.0,1.0,1.0,4,1
fs_64_12,fixed_size,all_acts,q4eu_011,L,E,5,5,0.16666666666666666,0.2,0.1818181818181818,0.2,0.25,0.14606834984270645,6,1
fs_64_12,fixed_size,all_acts,q4eu_011,L,E,5,10,0.1,0.2,0.13333333333333333,0.2,0.25,0.14606834984270645,10,1
fs_64_12,fixed_size,all_acts,q4eu_012,N,E,4,5,1.0,0.5,0.6666666666666666,0.5,1.0,1.0,2,2
fs_64_12,fixed_size,all_acts,q4eu_012,N,E,4,10,0.6666666666666666,1.0,0.8,1.0,1.0,1.0,6,4
fs_64_12,fixed_size,all_acts,q4eu_013,N,E,2,5,0.5,1.0,0.6666666666666666,0.5,0.5,0.6934264036172708,4,2
fs_64_12,fixed_size,all_acts,q4eu_013,N,E,2,10,0.2857142857142857,1.0,0.4444444444444445,0.5,0.5,0.6934264036172708,7,2
fs_64_12,fixed_size,all_acts,q4eu_014,N,E,2,5,0.3333333333333333,1.0,0.5,0.5,1.0,0.8315546295836225,6,2
fs_64_12,fixed_size,all_acts,q4eu_014,N,E,2,10,0.2,1.0,0.33333333333333337,0.5,1.0,0.8315546295836225,10,2
fs_64_12,fixed_size,all_acts,q4eu_015,H,E,1,5,0.5,1.0,0.6666666666666666,0.0,0.5,0.6309297535714575,2,1
fs_64_12,fixed_size,all_acts,q4eu_015,H,E,1,10,0.2,1.0,0.33333333333333337,0.0,0.5,0.6309297535714575,5,1
fs_64_12,fixed_size,all_acts,q4eu_016,N,E,2,5,0.3333333333333333,1.0,0.5,0.5,1.0,0.8503449055347546,6,2
fs_64_12,fixed_size,all_acts,q4eu_016,N,E,2,10,0.2857142857142857,1.0,0.4444444444444445,0.5,1.0,0.8503449055347546,7,2
fs_64_12,fixed_size,all_acts,q4eu_017,L,E,2,5,0.3333333333333333,1.0,0.5,0.5,0.5,0.6934264036172708,6,2
fs_64_12,fixed_size,all_acts,q4eu_017,L,E,2,10,0.2222222222222222,1.0,0.3636363636363636,0.5,0.5,0.6934264036172708,9,2
fs_64_12,fixed_size,all_acts,q4eu_018,H,G,1,5,0.2,1.0,0.33333333333333337,0.0,0.5,0.6309297535714575,5,1
fs_64_12,fixed_size,all_acts,q4eu_018,H,G,1,10,0.08333333333333333,1.0,0.15384615384615385,0.0,0.5,0.6309297535714575,12,1
fs_64_12,fixed_size,all_acts,q4eu_019,N,G,1,5,0.0,0.0,0.0,0.0,0.0,0.0,4,0
fs_64_12,fixed_size,all_acts,q4eu_019,N,G,1,10,0.16666666666666666,1.0,0.2857142857142857,0.0,0.2,0.38685280723454163,6,1
fs_64_12,fixed_size,all_acts,q4eu_020,L,G,6,5,0.4,0.3333333333333333,0.3636363636363636,0.3333333333333333,1.0,0.5087403079104241,5,2
fs_64_12,fixed_size,all_acts,q4eu_020,L,G,6,10,0.4,0.6666666666666666,0.5,0.5,1.0,0.6527851779961892,10,4
fs_64_12,fixed_size,all_acts,q4eu_021,N,G,2,5,0.2,0.5,0.28571428571428575,0.0,0.3333333333333333,0.3065735963827292,5,1
fs_64_12,fixed_size,all_acts,q4eu_021,N,G,2,10,0.1111111111111111,0.5,0.1818181818181818,0.0,0.3333333333333333,0.3065735963827292,9,1
fs_64_12,fixed_size,all_acts,q4eu_022,L,G,5,5,0.16666666666666666,0.2,0.1818181818181818,0.2,0.3333333333333333,0.16958010263680806,6,1
fs_64_12,fixed_size,all_acts,q4eu_022,L,G,5,10,0.25,0.4,0.3076923076923077,0.2,0.3333333333333333,0.2826335043946801,8,2
fs_64_12,fixed_size,all_acts,q4eu_023,N,G,2,5,0.16666666666666666,0.5,0.25,0.5,1.0,0.6131471927654584,6,1
fs_64_12,fixed_size,all_acts,q4eu_023,N,G,2,10,0.09090909090909091,0.5,0.15384615384615385,0.5,1.0,0.6131471927654584,11,1
fs_64_12,fixed_size,all_acts,q4eu_024,H,G,3,5,0.4,0.6666666666666666,0.5,0.3333333333333333,1.0,0.6713860725233041,5,2
fs_64_12,fixed_size,all_acts,q4eu_024,H,G,3,10,0.3,1.0,0.4615384615384615,0.3333333333333333,1.0,0.8385465274895063,10,3
fs_64_12,fixed_size,all_acts,q4eu_025,L,G,8,5,0.125,0.125,0.125,0.125,0.16666666666666666,0.0901000086523677,8,1
fs_64_12,fixed_size,all_acts,q4eu_025,L,G,8,10,0.23076923076923078,0.375,0.2857142857142857,0.125,0.16666666666666666,0.22965213036925383,13,3
fs_64_12,fixed_size,all_acts,q4eu_026,H,G,1,5,0.25,1.0,0.4,0.0,0.5,0.6309297535714575,4,1
fs_64_12,fixed_size,all_acts,q4eu_026,H,G,1,10,0.125,1.0,0.2222222222222222,0.0,0.5,0.6309297535714575,8,1
fs_64_12,fixed_size,all_acts,q4eu_027,H,G,1,5,0.16666666666666666,1.0,0.2857142857142857,1.0,1.0,1.0,6,1
fs_64_12,fixed_size,all_acts,q4eu_027,H,G,1,10,0.07692307692307693,1.0,0.14285714285714288,1.0,1.0,1.0,13,1
fs_64_12,fixed_size,all_acts,q4eu_028,N,G,4,5,0.16666666666666666,0.25,0.2,0.25,0.5,0.24630238874073,6,1
fs_64_12,fixed_size,all_acts,q4eu_028,N,G,4,10,0.125,0.25,0.16666666666666666,0.25,0.5,0.24630238874073,8,1
fs_64_12,fixed_size,all_acts,q4eu_029,N,G,2,5,0.14285714285714285,0.5,0.22222222222222224,0.5,1.0,0.6131471927654584,7,1
fs_64_12,fixed_size,all_acts,q4eu_029,N,G,2,10,0.125,0.5,0.2,0.5,1.0,0.6131471927654584,8,1
fs_64_12,fixed_size,all_acts,q4eu_030,N,G,4,5,0.14285714285714285,0.25,0.18181818181818182,0.25,0.5,0.24630238874073,7,1
fs_64_12,fixed_size,all_acts,q4eu_030,N,G,4,10,0.08333333333333333,0.25,0.125,0.25,0.5,0.24630238874073,12,1
fs_64_12,fixed_size,all_acts,q4eu_031,H,G,3,5,0.3333333333333333,0.6666666666666666,0.4444444444444444,0.3333333333333333,1.0,0.6364391809889587,6,2
fs_64_12,fixed_size,all_acts,q4eu_031,H,G,3,10,0.16666666666666666,0.6666666666666666,0.26666666666666666,0.3333333333333333,1.0,0.6364391809889587,12,2
fs_64_12,fixed_size,all_acts,q4eu_032,N,G,3,5,0.2,0.3333333333333333,0.25,0.3333333333333333,0.5,0.2960819109658652,5,1
fs_64_12,fixed_size,all_acts,q4eu_032,N,G,3,10,0.375,1.0,0.5454545454545454,0.3333333333333333,0.5,0.6196686079396531,8,3
fs_64_12,fixed_size,all_acts,q4eu_033,L,G,6,5,0.8333333333333334,0.8333333333333334,0.8333333333333334,0.8333333333333334,1.0,0.8829374068620365,6,5
fs_64_12,fixed_size,all_acts,q4eu_033,L,G,6,10,0.75,1.0,0.8571428571428571,0.8333333333333334,1.0,0.9783978399515039,8,6
fs_64_12,fixed_size,all_acts,q4eu_034,L,B,3,5,0.0,0.0,0.0,0.0,0.0,0.0,7,0
fs_64_12,fixed_size,all_acts,q4eu_034,L,B,3,10,0.0,0.0,0.0,0.0,0.0,0.0,15,0
fs_64_12,fixed_size,all_acts,q4eu_035,N,B,4,5,0.14285714285714285,0.25,0.18181818181818182,0.0,0.14285714285714285,0.13012668333070054,7,1
fs_64_12,fixed_size,all_acts,q4eu_035,N,B,4,10,0.08333333333333333,0.25,0.125,0.0,0.14285714285714285,0.13012668333070054,12,1
fs_64_12,fixed_size,all_acts,q4eu_036,N,RI,4,5,0.1111111111111111,0.25,0.15384615384615383,0.25,1.0,0.3903800499921017,9,1
fs_64_12,fixed_size,all_acts,q4eu_036,N,RI,4,10,0.06666666666666667,0.25,0.10526315789473685,0.25,1.0,0.3903800499921017,15,1
fs_64_12,fixed_size,all_acts,q4eu_037,H,B,3,5,0.4,0.6666666666666666,0.5,0.6666666666666666,1.0,0.7039180890341347,5,2
fs_64_12,fixed_size,all_acts,q4eu_037,H,B,3,10,0.3333333333333333,1.0,0.5,0.6666666666666666,1.0,0.86034433104172,9,3
fs_64_12,fixed_size,all_acts,q4eu_038,H,B,3,5,0.6,1.0,0.7499999999999999,1.0,1.0,1.0,5,3
fs_64_12,fixed_size,all_acts,q4eu_038,H,B,3,10,0.3,1.0,0.4615384615384615,1.0,1.0,1.0,10,3
fs_64_12,fixed_size,all_acts,q4eu_039,N,RII,22,5,0.5,0.13636363636363635,0.21428571428571427,0.13636363636363635,0.3333333333333333,0.38941412718428836,6,3
fs_64_12,fixed_size,all_acts,q4eu_039,N,RII,22,10,0.4166666666666667,0.22727272727272727,0.29411764705882354,0.22727272727272727,0.3333333333333333,0.3749026536918716,12,5
fs_64_12,fixed_size,all_acts,q4eu_040,H,RI,4,5,0.14285714285714285,0.25,0.18181818181818182,0.25,1.0,0.3903800499921017,7,1
fs_64_12,fixed_size,all_acts,q4eu_040,H,RI,4,10,0.14285714285714285,0.5,0.22222222222222224,0.25,1.0,0.490300956513237,14,2
fs_64_12,fixed_size,all_acts,q4eu_041,N,B,5,5,0.25,0.4,0.3076923076923077,0.2,0.3333333333333333,0.29039140533630226,8,2
fs_64_12,fixed_size,all_acts,q4eu_041,N,B,5,10,0.25,0.6,0.35294117647058826,0.2,0.3333333333333333,0.3820454332646352,12,3
fs_64_12,fixed_size,all_acts,q4eu_042,L,RI,2,5,0.16666666666666666,0.5,0.25,0.5,1.0,0.6131471927654584,6,1
fs_64_12,fixed_size,all_acts,q4eu_042,L,RI,2,10,0.07692307692307693,0.5,0.13333333333333336,0.5,1.0,0.6131471927654584,13,1
fs_64_12,fixed_size,all_acts,q4eu_043,N,B;RI,2,5,0.25,1.0,0.4,0.5,1.0,0.9197207891481876,8,2
fs_64_12,fixed_size,all_acts,q4eu_043,N,B;RI,2,10,0.14285714285714285,1.0,0.25,0.5,1.0,0.9197207891481876,14,2
fs_64_12,fixed_size,all_acts,q4eu_044,L,RI,4,5,0.2857142857142857,0.5,0.36363636363636365,0.5,0.5,0.44149241373678083,7,2
fs_64_12,fixed_size,all_acts,q4eu_044,L,RI,4,10,0.3,0.75,0.4285714285714285,0.5,0.5,0.5543375550857161,10,3
fs_64_12,fixed_size,all_acts,q4eu_045,N,B,4,5,0.4,0.5,0.4444444444444445,0.5,1.0,0.5585075862632192,5,2
fs_64_12,fixed_size,all_acts,q4eu_045,N,B,4,10,0.36363636363636365,1.0,0.5333333333333333,0.5,1.0,0.8061503743503469,11,4
fs_64_12,fixed_size,all_acts,q4eu_046,H,B,5,5,0.6,0.6,0.6,0.6,1.0,0.7227265726449519,5,3
fs_64_12,fixed_size,all_acts,q4eu_046,H,B,5,10,0.3,0.6,0.4,0.6,1.0,0.7227265726449519,10,3
fs_64_12,fixed_size,all_acts,q4eu_047,N,W,5,5,0.2,0.2,0.20000000000000004,0.2,0.5,0.21398626473452756,5,1
fs_64_12,fixed_size,all_acts,q4eu_047,N,W,5,10,0.1111111111111111,0.2,0.14285714285714285,0.2,0.5,0.21398626473452756,9,1
fs_64_12,fixed_size,all_acts,q4eu_048,L,W,3,5,0.3333333333333333,0.3333333333333333,0.3333333333333333,0.3333333333333333,1.0,0.46927872602275644,3,1
fs_64_12,fixed_size,all_acts,q4eu_048,L,W,3,10,0.2222222222222222,0.6666666666666666,0.3333333333333333,0.3333333333333333,1.0,0.6713860725233041,9,2
fs_64_12,fixed_size,all_acts,q4eu_049,N,W,3,5,0.14285714285714285,0.3333333333333333,0.2,0.3333333333333333,1.0,0.46927872602275644,7,1
fs_64_12,fixed_size,all_acts,q4eu_049,N,W,3,10,0.1,0.3333333333333333,0.15384615384615383,0.3333333333333333,1.0,0.46927872602275644,10,1
fs_64_12,fixed_size,all_acts,q4eu_050,H,W,2,5,0.0,0.0,0.0,0.0,0.0,0.0,4,0
fs_64_12,fixed_size,all_acts,q4eu_050,H,W,2,10,0.08333333333333333,0.5,0.14285714285714285,0.0,0.16666666666666666,0.21840743681816419,12,1
fs_64_12,fixed_size,all_acts,q4eu_051,L,W,5,5,0.375,0.6,0.4615384615384615,0.6,1.0,0.6548086577531307,8,3
fs_64_12,fixed_size,all_acts,q4eu_051,L,W,5,10,0.23529411764705882,0.8,0.3636363636363636,0.6,1.0,0.749415004459795,17,4
fs_64_12,fixed_size,all_acts,q4eu_052,H,W,1,5,0.16666666666666666,1.0,0.2857142857142857,1.0,1.0,1.0,6,1
fs_64_12,fixed_size,all_acts,q4eu_052,H,W,1,10,0.1,1.0,0.18181818181818182,1.0,1.0,1.0,10,1
fs_64_12,fixed_size,all_acts,q4eu_053,N,W,2,5,0.14285714285714285,0.5,0.22222222222222224,0.5,1.0,0.6131471927654584,7,1
fs_64_12,fixed_size,all_acts,q4eu_053,N,W,2,10,0.1111111111111111,0.5,0.1818181818181818,0.5,1.0,0.6131471927654584,9,1
fs_64_12,fixed_size,all_acts,q4eu_054,L,W,4,5,0.0,0.0,0.0,0.0,0.0,0.0,8,0
fs_64_12,fixed_size,all_acts,q4eu_054,L,W,4,10,0.09090909090909091,0.25,0.13333333333333333,0.0,0.1,0.11284514134893527,11,1
fs_64_12,fixed_size,all_acts,q4eu_055,H,W,1,5,0.14285714285714285,1.0,0.25,1.0,1.0,1.0,7,1
fs_64_12,fixed_size,all_acts,q4eu_055,H,W,1,10,0.08333333333333333,1.0,0.15384615384615385,1.0,1.0,1.0,12,1
fs_64_12,fixed_size,all_acts,q4eu_056,L,W,4,5,0.6666666666666666,0.5,0.5714285714285715,0.5,0.5,0.5307212739772434,3,2
fs_64_12,fixed_size,all_acts,q4eu_056,L,W,4,10,0.2857142857142857,0.5,0.36363636363636365,0.5,0.5,0.44149241373678083,7,2
fs_64_12,fixed_size,all_acts,q4eu_057,N,W,4,5,0.42857142857142855,0.75,0.5454545454545454,0.25,0.25,0.4582033340096983,7,3
fs_64_12,fixed_size,all_acts,q4eu_057,N,W,4,10,0.3333333333333333,0.75,0.46153846153846156,0.25,0.25,0.4582033340096983,9,3
fs_64_12,fixed_size,all_acts,q4eu_058,N,W,4,5,0.25,0.25,0.25,0.25,1.0,0.3903800499921017,4,1
fs_64_12,fixed_size,all_acts,q4eu_058,N,W,4,10,0.2222222222222222,0.5,0.30769230769230765,0.25,1.0,0.5078961547485289,9,2
fs_64_12,fixed_size,all_acts,q4eu_059,H,W,3,5,0.16666666666666666,0.3333333333333333,0.2222222222222222,0.3333333333333333,1.0,0.46927872602275644,6,1
fs_64_12,fixed_size,all_acts,q4eu_059,H,W,3,10,0.25,1.0,0.4,0.3333333333333333,1.0,0.7317477162875977,12,3
fs_64_12,fixed_size,all_acts,q4eu_060,L,W,4,5,0.0,0.0,0.0,0.0,0.0,0.0,10,0
fs_64_12,fixed_size,all_acts,q4eu_060,L,W,4,10,0.0,0.0,0.0,0.0,0.0,0.0,19,0
fs_64_12,fixed_size,all_acts,q4eu_061,H,W,2,5,0.16666666666666666,0.5,0.25,0.5,1.0,0.6131471927654584,6,1
fs_64_12,fixed_size,all_acts,q4eu_061,H,W,2,10,0.1,0.5,0.16666666666666669,0.5,1.0,0.6131471927654584,10,1
fs_64_12,fixed_size,all_acts,q4eu_062,H,W,2,5,0.2,0.5,0.28571428571428575,0.5,1.0,0.6131471927654584,5,1
fs_64_12,fixed_size,all_acts,q4eu_062,H,W,2,10,0.1,0.5,0.16666666666666669,0.5,1.0,0.6131471927654584,10,1
fs_64_12,fixed_size,all_acts,q4eu_063,N,W,2,5,0.3333333333333333,0.5,0.4,0.5,0.5,0.38685280723454163,3,1
fs_64_12,fixed_size,all_acts,q4eu_063,N,W,2,10,0.1,0.5,0.16666666666666669,0.5,0.5,0.38685280723454163,10,1
fs_64_12,fixed_size,all_acts,q4eu_064,N,W,3,5,0.2,0.3333333333333333,0.25,0.3333333333333333,1.0,0.46927872602275644,5,1
fs_64_12,fixed_size,all_acts,q4eu_064,N,W,3,10,0.25,1.0,0.4,0.3333333333333333,1.0,0.737362715714979,12,3
fs_64_12,fixed_size,all_acts,q4eu_065,L,W,6,5,0.6,0.5,0.5454545454545454,0.5,1.0,0.6843515475204855,5,3
fs_64_12,fixed_size,all_acts,q4eu_065,L,W,6,10,0.42857142857142855,0.5,0.4615384615384615,0.5,1.0,0.6105858728157117,7,3
fs_64_12,fixed_size,all_acts,q4eu_066,H,W,1,5,0.14285714285714285,1.0,0.25,0.0,0.5,0.6309297535714575,7,1
fs_64_12,fixed_size,all_acts,q4eu_066,H,W,1,10,0.09090909090909091,1.0,0.16666666666666669,0.0,0.5,0.6309297535714575,11,1
fs_64_12,fixed_size,all_acts,q4eu_067,L,W,3,5,0.3333333333333333,0.3333333333333333,0.3333333333333333,0.3333333333333333,1.0,0.46927872602275644,3,1
fs_64_12,fixed_size,all_acts,q4eu_067,L,W,3,10,0.14285714285714285,0.3333333333333333,0.2,0.3333333333333333,1.0,0.46927872602275644,7,1
fs_64_12,fixed_size,all_acts,q4eu_068,L,B;RI;RII,6,5,0.1111111111111111,0.16666666666666666,0.13333333333333333,0.0,0.14285714285714285,0.10086747116627115,9,1
fs_64_12,fixed_size,all_acts,q4eu_068,L,B;RI;RII,6,10,0.06666666666666667,0.16666666666666666,0.09523809523809522,0.0,0.14285714285714285,0.10086747116627115,15,1
fs_64_12,fixed_size,all_acts,q4eu_069,L,RI,5,5,0.0,0.0,0.0,0.0,0.0,0.0,10,0
fs_64_12,fixed_size,all_acts,q4eu_069,L,RI,5,10,0.0625,0.2,0.09523809523809523,0.0,0.0625,0.08297572808511901,16,1
fs_64_12,fixed_size,all_acts,q4eu_070,H,RII,4,5,0.1111111111111111,0.25,0.15384615384615383,0.0,0.2,0.15101961822780524,9,1
fs_64_12,fixed_size,all_acts,q4eu_070,H,RII,4,10,0.125,0.5,0.2,0.0,0.2,0.2638647595767405,16,2
fs_64_12,fixed_size,all_acts,q4eu_071,N,B,2,5,0.0,0.0,0.0,0.0,0.0,0.0,8,0
fs_64_12,fixed_size,all_acts,q4eu_071,N,B,2,10,0.0,0.0,0.0,0.0,0.0,0.0,16,0
fs_64_12,fixed_size,all_acts,q4eu_072,L,G,3,5,0.25,0.6666666666666666,0.36363636363636365,0.0,0.25,0.3501483019834802,8,2
fs_64_12,fixed_size,all_acts,q4eu_072,L,G,3,10,0.23076923076923078,1.0,0.375,0.0,0.25,0.49141527484330916,13,3
fs_64_12,fixed_size,pil_acts,q4eu_034,L,B,3,5,0.0,0.0,0.0,0.0,0.0,0.0,7,0
fs_64_12,fixed_size,pil_acts,q4eu_034,L,B,3,10,0.0,0.0,0.0,0.0,0.0,0.0,15,0
fs_64_12,fixed_size,pil_acts,q4eu_035,N,B,4,5,0.14285714285714285,0.25,0.18181818181818182,0.0,0.14285714285714285,0.13012668333070054,7,1
fs_64_12,fixed_size,pil_acts,q4eu_035,N,B,4,10,0.08333333333333333,0.25,0.125,0.0,0.14285714285714285,0.13012668333070054,12,1
fs_64_12,fixed_size,pil_acts,q4eu_036,N,RI,4,5,0.1111111111111111,0.25,0.15384615384615383,0.25,1.0,0.3903800499921017,9,1
fs_64_12,fixed_size,pil_acts,q4eu_036,N,RI,4,10,0.06666666666666667,0.25,0.10526315789473685,0.25,1.0,0.3903800499921017,15,1
fs_64_12,fixed_size,pil_acts,q4eu_037,H,B,3,5,0.5,0.6666666666666666,0.5714285714285715,0.6666666666666666,1.0,0.7039180890341347,4,2
fs_64_12,fixed_size,pil_acts,q4eu_037,H,B,3,10,0.3,1.0,0.4615384615384615,0.6666666666666666,1.0,0.8710785440003369,10,3
fs_64_12,fixed_size,pil_acts,q4eu_038,H,B,3,5,0.6,1.0,0.7499999999999999,1.0,1.0,1.0,5,3
fs_64_12,fixed_size,pil_acts,q4eu_038,H,B,3,10,0.3,1.0,0.4615384615384615,1.0,1.0,1.0,10,3
fs_64_12,fixed_size,pil_acts,q4eu_039,N,RII,22,5,0.5,0.13636363636363635,0.21428571428571427,0.13636363636363635,0.3333333333333333,0.38941412718428836,6,3
fs_64_12,fixed_size,pil_acts,q4eu_039,N,RII,22,10,0.4166666666666667,0.22727272727272727,0.29411764705882354,0.22727272727272727,0.3333333333333333,0.3749026536918716,12,5
fs_64_12,fixed_size,pil_acts,q4eu_040,H,RI,4,5,0.14285714285714285,0.25,0.18181818181818182,0.25,1.0,0.3903800499921017,7,1
fs_64_12,fixed_size,pil_acts,q4eu_040,H,RI,4,10,0.14285714285714285,0.5,0.22222222222222224,0.25,1.0,0.490300956513237,14,2
fs_64_12,fixed_size,pil_acts,q4eu_041,N,B,5,5,0.25,0.4,0.3076923076923077,0.2,0.3333333333333333,0.29039140533630226,8,2
fs_64_12,fixed_size,pil_acts,q4eu_041,N,B,5,10,0.25,0.6,0.35294117647058826,0.2,0.3333333333333333,0.3820454332646352,12,3
fs_64_12,fixed_size,pil_acts,q4eu_042,L,RI,2,5,0.16666666666666666,0.5,0.25,0.5,1.0,0.6131471927654584,6,1
fs_64_12,fixed_size,pil_acts,q4eu_042,L,RI,2,10,0.07692307692307693,0.5,0.13333333333333336,0.5,1.0,0.6131471927654584,13,1
fs_64_12,fixed_size,pil_acts,q4eu_043,N,B;RI,2,5,0.25,1.0,0.4,0.5,1.0,0.9197207891481876,8,2
fs_64_12,fixed_size,pil_acts,q4eu_043,N,B;RI,2,10,0.14285714285714285,1.0,0.25,0.5,1.0,0.9197207891481876,14,2
fs_64_12,fixed_size,pil_acts,q4eu_044,L,RI,4,5,0.75,0.75,0.75,0.75,0.5,0.6096199500078984,4,3
fs_64_12,fixed_size,pil_acts,q4eu_044,L,RI,4,10,0.375,0.75,0.5,0.75,0.5,0.6096199500078984,8,3
fs_64_12,fixed_size,pil_acts,q4eu_045,N,B,4,5,0.5,0.5,0.5,0.5,1.0,0.6366824387328317,4,2
fs_64_12,fixed_size,pil_acts,q4eu_045,N,B,4,10,0.4444444444444444,1.0,0.6153846153846153,0.5,1.0,0.9178287402913374,9,4
fs_64_12,fixed_size,pil_acts,q4eu_046,H,B,5,5,0.6,0.6,0.6,0.6,1.0,0.7227265726449519,5,3
fs_64_12,fixed_size,pil_acts,q4eu_046,H,B,5,10,0.3,0.6,0.4,0.6,1.0,0.7227265726449519,10,3
fs_64_12,fixed_size,pil_acts,q4eu_068,L,B;RI;RII,6,5,0.1111111111111111,0.16666666666666666,0.13333333333333333,0.16666666666666666,0.2,0.11706259313796355,9,1
fs_64_12,fixed_size,pil_acts,q4eu_068,L,B;RI;RII,6,10,0.0625,0.16666666666666666,0.09090909090909091,0.16666666666666666,0.2,0.11706259313796355,16,1
fs_64_12,fixed_size,pil_acts,q4eu_069,L,RI,5,5,0.0,0.0,0.0,0.0,0.0,0.0,10,0
fs_64_12,fixed_size,pil_acts,q4eu_069,L,RI,5,10,0.0625,0.2,0.09523809523809523,0.0,0.07142857142857142,0.08681077623592635,16,1
fs_64_12,fixed_size,pil_acts,q4eu_070,H,RII,4,5,0.2222222222222222,0.5,0.30769230769230765,0.0,0.2,0.2741708125981702,9,2
fs_64_12,fixed_size,pil_acts,q4eu_070,H,RII,4,10,0.14285714285714285,0.5,0.22222222222222224,0.0,0.2,0.2741708125981702,14,2
fs_64_12,fixed_size,pil_acts,q4eu_071,N,B,2,5,0.0,0.0,0.0,0.0,0.0,0.0,8,0
fs_64_12,fixed_size,pil_acts,q4eu_071,N,B,2,10,0.0,0.0,0.0,0.0,0.0,0.0,14,0
fs_64_12,fixed_size,target_acts,q4eu_001,H,E,3,5,0.2,0.3333333333333333,0.25,0.3333333333333333,1.0,0.46927872602275644,5,1
fs_64_12,fixed_size,target_acts,q4eu_001,H,E,3,10,0.23076923076923078,1.0,0.375,0.3333333333333333,1.0,0.7596950201816822,13,3
fs_64_12,fixed_size,target_acts,q4eu_002,N,E,2,5,0.1111111111111111,0.5,0.1818181818181818,0.5,1.0,0.6131471927654584,9,1
fs_64_12,fixed_size,target_acts,q4eu_002,N,E,2,10,0.13333333333333333,1.0,0.23529411764705882,0.5,1.0,0.7741900178546666,15,2
fs_64_12,fixed_size,target_acts,q4eu_003,L,E,2,5,0.2,1.0,0.33333333333333337,0.0,0.2,0.45560514958746035,10,2
fs_64_12,fixed_size,target_acts,q4eu_003,L,E,2,10,0.14285714285714285,1.0,0.25,0.0,0.2,0.45560514958746035,14,2
fs_64_12,fixed_size,target_acts,q4eu_004,N,E,2,5,0.6666666666666666,1.0,0.8,0.5,0.5,0.6934264036172708,3,2
fs_64_12,fixed_size,target_acts,q4eu_004,N,E,2,10,0.4,1.0,0.5714285714285715,0.5,0.5,0.6934264036172708,5,2
fs_64_12,fixed_size,target_acts,q4eu_005,L,E,2,5,0.3333333333333333,1.0,0.5,0.5,1.0,0.9197207891481876,6,2
fs_64_12,fixed_size,target_acts,q4eu_005,L,E,2,10,0.25,1.0,0.4,0.5,1.0,0.9197207891481876,8,2
fs_64_12,fixed_size,target_acts,q4eu_006,N,E,2,5,0.25,1.0,0.4,0.5,0.5,0.6509209298071326,8,2
fs_64_12,fixed_size,target_acts,q4eu_006,N,E,2,10,0.15384615384615385,1.0,0.2666666666666667,0.5,0.5,0.6509209298071326,13,2
fs_64_12,fixed_size,target_acts,q4eu_007,H,E,1,5,0.2,1.0,0.33333333333333337,1.0,1.0,1.0,5,1
fs_64_12,fixed_size,target_acts,q4eu_007,H,E,1,10,0.125,1.0,0.2222222222222222,1.0,1.0,1.0,8,1
fs_64_12,fixed_size,target_acts,q4eu_008,L,E,2,5,0.0,0.0,0.0,0.0,0.0,0.0,8,0
fs_64_12,fixed_size,target_acts,q4eu_008,L,E,2,10,0.0,0.0,0.0,0.0,0.0,0.0,15,0
fs_64_12,fixed_size,target_acts,q4eu_009,H,E,2,5,0.5,1.0,0.6666666666666666,0.5,0.5,0.6509209298071326,4,2
fs_64_12,fixed_size,target_acts,q4eu_009,H,E,2,10,0.3333333333333333,1.0,0.5,0.5,0.5,0.6509209298071326,6,2
fs_64_12,fixed_size,target_acts,q4eu_010,H,E,1,5,0.3333333333333333,1.0,0.5,1.0,1.0,1.0,3,1
fs_64_12,fixed_size,target_acts,q4eu_010,H,E,1,10,0.25,1.0,0.4,1.0,1.0,1.0,4,1
fs_64_12,fixed_size,target_acts,q4eu_011,L,E,5,5,0.16666666666666666,0.2,0.1818181818181818,0.2,0.25,0.14606834984270645,6,1
fs_64_12,fixed_size,target_acts,q4eu_011,L,E,5,10,0.1,0.2,0.13333333333333333,0.2,0.25,0.14606834984270645,10,1
fs_64_12,fixed_size,target_acts,q4eu_012,N,E,4,5,1.0,0.5,0.6666666666666666,0.5,1.0,1.0,2,2
fs_64_12,fixed_size,target_acts,q4eu_012,N,E,4,10,0.6666666666666666,1.0,0.8,1.0,1.0,1.0,6,4
fs_64_12,fixed_size,target_acts,q4eu_013,N,E,2,5,0.5,1.0,0.6666666666666666,0.5,0.5,0.6934264036172708,4,2
fs_64_12,fixed_size,target_acts,q4eu_013,N,E,2,10,0.2857142857142857,1.0,0.4444444444444445,0.5,0.5,0.6934264036172708,7,2
fs_64_12,fixed_size,target_acts,q4eu_014,N,E,2,5,0.3333333333333333,1.0,0.5,0.5,1.0,0.8315546295836225,6,2
fs_64_12,fixed_size,target_acts,q4eu_014,N,E,2,10,0.2,1.0,0.33333333333333337,0.5,1.0,0.8315546295836225,10,2
fs_64_12,fixed_size,target_acts,q4eu_015,H,E,1,5,0.5,1.0,0.6666666666666666,0.0,0.5,0.6309297535714575,2,1
fs_64_12,fixed_size,target_acts,q4eu_015,H,E,1,10,0.2,1.0,0.33333333333333337,0.0,0.5,0.6309297535714575,5,1
fs_64_12,fixed_size,target_acts,q4eu_016,N,E,2,5,0.3333333333333333,1.0,0.5,0.5,1.0,0.8503449055347546,6,2
fs_64_12,fixed_size,target_acts,q4eu_016,N,E,2,10,0.2857142857142857,1.0,0.4444444444444445,0.5,1.0,0.8503449055347546,7,2
fs_64_12,fixed_size,target_acts,q4eu_017,L,E,2,5,0.4,1.0,0.5714285714285715,0.5,0.5,0.6934264036172708,5,2
fs_64_12,fixed_size,target_acts,q4eu_017,L,E,2,10,0.3333333333333333,1.0,0.5,0.5,0.5,0.6934264036172708,6,2
fs_64_12,fixed_size,target_acts,q4eu_018,H,G,1,5,0.2,1.0,0.33333333333333337,0.0,0.5,0.6309297535714575,5,1
fs_64_12,fixed_size,target_acts,q4eu_018,H,G,1,10,0.08333333333333333,1.0,0.15384615384615385,0.0,0.5,0.6309297535714575,12,1
fs_64_12,fixed_size,target_acts,q4eu_019,N,G,1,5,0.0,0.0,0.0,0.0,0.0,0.0,4,0
fs_64_12,fixed_size,target_acts,q4eu_019,N,G,1,10,0.16666666666666666,1.0,0.2857142857142857,0.0,0.2,0.38685280723454163,6,1
fs_64_12,fixed_size,target_acts,q4eu_020,L,G,6,5,0.4,0.3333333333333333,0.3636363636363636,0.3333333333333333,1.0,0.5087403079104241,5,2
fs_64_12,fixed_size,target_acts,q4eu_020,L,G,6,10,0.4,0.6666666666666666,0.5,0.5,1.0,0.6527851779961892,10,4
fs_64_12,fixed_size,target_acts,q4eu_021,N,G,2,5,0.2,0.5,0.28571428571428575,0.0,0.3333333333333333,0.3065735963827292,5,1
fs_64_12,fixed_size,target_acts,q4eu_021,N,G,2,10,0.1111111111111111,0.5,0.1818181818181818,0.0,0.3333333333333333,0.3065735963827292,9,1
fs_64_12,fixed_size,target_acts,q4eu_022,L,G,5,5,0.16666666666666666,0.2,0.1818181818181818,0.2,0.3333333333333333,0.16958010263680806,6,1
fs_64_12,fixed_size,target_acts,q4eu_022,L,G,5,10,0.25,0.4,0.3076923076923077,0.2,0.3333333333333333,0.2826335043946801,8,2
fs_64_12,fixed_size,target_acts,q4eu_023,N,G,2,5,0.16666666666666666,0.5,0.25,0.5,1.0,0.6131471927654584,6,1
fs_64_12,fixed_size,target_acts,q4eu_023,N,G,2,10,0.09090909090909091,0.5,0.15384615384615385,0.5,1.0,0.6131471927654584,11,1
fs_64_12,fixed_size,target_acts,q4eu_024,H,G,3,5,0.4,0.6666666666666666,0.5,0.3333333333333333,1.0,0.6713860725233041,5,2
fs_64_12,fixed_size,target_acts,q4eu_024,H,G,3,10,0.3,1.0,0.4615384615384615,0.3333333333333333,1.0,0.8385465274895063,10,3
fs_64_12,fixed_size,target_acts,q4eu_025,L,G,8,5,0.125,0.125,0.125,0.125,0.16666666666666666,0.0901000086523677,8,1
fs_64_12,fixed_size,target_acts,q4eu_025,L,G,8,10,0.23076923076923078,0.375,0.2857142857142857,0.125,0.16666666666666666,0.22965213036925383,13,3
fs_64_12,fixed_size,target_acts,q4eu_026,H,G,1,5,0.25,1.0,0.4,0.0,0.5,0.6309297535714575,4,1
fs_64_12,fixed_size,target_acts,q4eu_026,H,G,1,10,0.125,1.0,0.2222222222222222,0.0,0.5,0.6309297535714575,8,1
fs_64_12,fixed_size,target_acts,q4eu_027,H,G,1,5,0.16666666666666666,1.0,0.2857142857142857,1.0,1.0,1.0,6,1
fs_64_12,fixed_size,target_acts,q4eu_027,H,G,1,10,0.07692307692307693,1.0,0.14285714285714288,1.0,1.0,1.0,13,1
fs_64_12,fixed_size,target_acts,q4eu_028,N,G,4,5,0.16666666666666666,0.25,0.2,0.25,0.5,0.24630238874073,6,1
fs_64_12,fixed_size,target_acts,q4eu_028,N,G,4,10,0.125,0.25,0.16666666666666666,0.25,0.5,0.24630238874073,8,1
fs_64_12,fixed_size,target_acts,q4eu_029,N,G,2,5,0.14285714285714285,0.5,0.22222222222222224,0.5,1.0,0.6131471927654584,7,1
fs_64_12,fixed_size,target_acts,q4eu_029,N,G,2,10,0.125,0.5,0.2,0.5,1.0,0.6131471927654584,8,1
fs_64_12,fixed_size,target_acts,q4eu_030,N,G,4,5,0.14285714285714285,0.25,0.18181818181818182,0.25,0.5,0.24630238874073,7,1
fs_64_12,fixed_size,target_acts,q4eu_030,N,G,4,10,0.08333333333333333,0.25,0.125,0.25,0.5,0.24630238874073,12,1
fs_64_12,fixed_size,target_acts,q4eu_031,H,G,3,5,0.3333333333333333,0.6666666666666666,0.4444444444444444,0.3333333333333333,1.0,0.6364391809889587,6,2
fs_64_12,fixed_size,target_acts,q4eu_031,H,G,3,10,0.16666666666666666,0.6666666666666666,0.26666666666666666,0.3333333333333333,1.0,0.6364391809889587,12,2
fs_64_12,fixed_size,target_acts,q4eu_032,N,G,3,5,0.2,0.3333333333333333,0.25,0.3333333333333333,0.5,0.2960819109658652,5,1
fs_64_12,fixed_size,target_acts,q4eu_032,N,G,3,10,0.375,1.0,0.5454545454545454,0.3333333333333333,0.5,0.6196686079396531,8,3
fs_64_12,fixed_size,target_acts,q4eu_033,L,G,6,5,0.8333333333333334,0.8333333333333334,0.8333333333333334,0.8333333333333334,1.0,0.8829374068620365,6,5
fs_64_12,fixed_size,target_acts,q4eu_033,L,G,6,10,0.8571428571428571,1.0,0.923076923076923,0.8333333333333334,1.0,0.9838048780283076,7,6
fs_64_12,fixed_size,target_acts,q4eu_034,L,B,3,5,0.14285714285714285,0.3333333333333333,0.2,0.0,0.14285714285714285,0.15642624200758548,7,1
fs_64_12,fixed_size,target_acts,q4eu_034,L,B,3,10,0.08333333333333333,0.3333333333333333,0.13333333333333333,0.0,0.14285714285714285,0.15642624200758548,12,1
fs_64_12,fixed_size,target_acts,q4eu_035,N,B,4,5,0.25,0.25,0.25,0.25,1.0,0.3903800499921017,4,1
fs_64_12,fixed_size,target_acts,q4eu_035,N,B,4,10,0.125,0.25,0.16666666666666666,0.25,1.0,0.3903800499921017,8,1
fs_64_12,fixed_size,target_acts,q4eu_036,N,RI,4,5,0.1111111111111111,0.25,0.15384615384615383,0.25,1.0,0.3903800499921017,9,1
fs_64_12,fixed_size,target_acts,q4eu_036,N,RI,4,10,0.07692307692307693,0.25,0.11764705882352941,0.25,1.0,0.3903800499921017,13,1
fs_64_12,fixed_size,target_acts,q4eu_037,H,B,3,5,0.5,0.6666666666666666,0.5714285714285715,0.6666666666666666,1.0,0.7039180890341347,4,2
fs_64_12,fixed_size,target_acts,q4eu_037,H,B,3,10,0.3,1.0,0.4615384615384615,0.6666666666666666,1.0,0.8854598815714874,10,3
fs_64_12,fixed_size,target_acts,q4eu_038,H,B,3,5,0.6,1.0,0.7499999999999999,1.0,1.0,1.0,5,3
fs_64_12,fixed_size,target_acts,q4eu_038,H,B,3,10,0.3,1.0,0.4615384615384615,1.0,1.0,1.0,10,3
fs_64_12,fixed_size,target_acts,q4eu_039,N,RII,22,5,0.5,0.13636363636363635,0.21428571428571427,0.13636363636363635,0.3333333333333333,0.38941412718428836,6,3
fs_64_12,fixed_size,target_acts,q4eu_039,N,RII,22,10,0.45454545454545453,0.22727272727272727,0.30303030303030304,0.22727272727272727,0.3333333333333333,0.3983921543504075,11,5
fs_64_12,fixed_size,target_acts,q4eu_040,H,RI,4,5,0.16666666666666666,0.25,0.2,0.25,1.0,0.3903800499921017,6,1
fs_64_12,fixed_size,target_acts,q4eu_040,H,RI,4,10,0.23076923076923078,0.75,0.3529411764705882,0.25,1.0,0.6047693952954443,13,3
fs_64_12,fixed_size,target_acts,q4eu_041,N,B,5,5,1.0,0.6,0.7499999999999999,0.6,1.0,1.0,3,3
fs_64_12,fixed_size,target_acts,q4eu_041,N,B,5,10,0.5,1.0,0.6666666666666666,0.8,1.0,0.9708923176105698,10,5
fs_64_12,fixed_size,target_acts,q4eu_042,L,RI,2,5,0.14285714285714285,0.5,0.22222222222222224,0.5,1.0,0.6131471927654584,7,1
fs_64_12,fixed_size,target_acts,q4eu_042,L,RI,2,10,0.16666666666666666,1.0,0.2857142857142857,0.5,1.0,0.778842958530688,12,2
fs_64_12,fixed_size,target_acts,q4eu_043,N,B;RI,2,5,0.2857142857142857,1.0,0.4444444444444445,0.5,1.0,0.9197207891481876,7,2
fs_64_12,fixed_size,target_acts,q4eu_043,N,B;RI,2,10,0.16666666666666666,1.0,0.2857142857142857,0.5,1.0,0.9197207891481876,12,2
fs_64_12,fixed_size,target_acts,q4eu_044,L,RI,4,5,0.75,0.75,0.75,0.75,0.5,0.6096199500078984,4,3
fs_64_12,fixed_size,target_acts,q4eu_044,L,RI,4,10,0.42857142857142855,0.75,0.5454545454545454,0.75,0.5,0.6096199500078984,7,3
fs_64_12,fixed_size,target_acts,q4eu_045,N,B,4,5,0.6,0.75,0.6666666666666665,0.75,1.0,0.8048099750039491,5,3
fs_64_12,fixed_size,target_acts,q4eu_045,N,B,4,10,0.4,1.0,0.5714285714285715,0.75,1.0,0.9438661545147247,10,4
fs_64_12,fixed_size,target_acts,q4eu_046,H,B,5,5,0.6,0.6,0.6,0.6,1.0,0.7227265726449519,5,3
fs_64_12,fixed_size,target_acts,q4eu_046,H,B,5,10,0.3,0.6,0.4,0.6,1.0,0.7227265726449519,10,3
fs_64_12,fixed_size,target_acts,q4eu_047,N,W,5,5,0.2,0.2,0.20000000000000004,0.2,0.5,0.21398626473452756,5,1
fs_64_12,fixed_size,target_acts,q4eu_047,N,W,5,10,0.1111111111111111,0.2,0.14285714285714285,0.2,0.5,0.21398626473452756,9,1
fs_64_12,fixed_size,target_acts,q4eu_048,L,W,3,5,0.3333333333333333,0.3333333333333333,0.3333333333333333,0.3333333333333333,1.0,0.46927872602275644,3,1
fs_64_12,fixed_size,target_acts,q4eu_048,L,W,3,10,0.2222222222222222,0.6666666666666666,0.3333333333333333,0.3333333333333333,1.0,0.6713860725233041,9,2
fs_64_12,fixed_size,target_acts,q4eu_049,N,W,3,5,0.14285714285714285,0.3333333333333333,0.2,0.3333333333333333,1.0,0.46927872602275644,7,1
fs_64_12,fixed_size,target_acts,q4eu_049,N,W,3,10,0.1,0.3333333333333333,0.15384615384615383,0.3333333333333333,1.0,0.46927872602275644,10,1
fs_64_12,fixed_size,target_acts,q4eu_050,H,W,2,5,0.0,0.0,0.0,0.0,0.0,0.0,4,0
fs_64_12,fixed_size,target_acts,q4eu_050,H,W,2,10,0.08333333333333333,0.5,0.14285714285714285,0.0,0.16666666666666666,0.21840743681816419,12,1
fs_64_12,fixed_size,target_acts,q4eu_051,L,W,5,5,0.375,0.6,0.4615384615384615,0.6,1.0,0.6548086577531307,8,3
fs_64_12,fixed_size,target_acts,q4eu_051,L,W,5,10,0.23529411764705882,0.8,0.3636363636363636,0.6,1.0,0.749415004459795,17,4
fs_64_12,fixed_size,target_acts,q4eu_052,H,W,1,5,0.16666666666666666,1.0,0.2857142857142857,1.0,1.0,1.0,6,1
fs_64_12,fixed_size,target_acts,q4eu_052,H,W,1,10,0.1,1.0,0.18181818181818182,1.0,1.0,1.0,10,1
fs_64_12,fixed_size,target_acts,q4eu_053,N,W,2,5,0.14285714285714285,0.5,0.22222222222222224,0.5,1.0,0.6131471927654584,7,1
fs_64_12,fixed_size,target_acts,q4eu_053,N,W,2,10,0.1111111111111111,0.5,0.1818181818181818,0.5,1.0,0.6131471927654584,9,1
fs_64_12,fixed_size,target_acts,q4eu_054,L,W,4,5,0.0,0.0,0.0,0.0,0.0,0.0,8,0
fs_64_12,fixed_size,target_acts,q4eu_054,L,W,4,10,0.09090909090909091,0.25,0.13333333333333333,0.0,0.1,0.11284514134893527,11,1
fs_64_12,fixed_size,target_acts,q4eu_055,H,W,1,5,0.14285714285714285,1.0,0.25,1.0,1.0,1.0,7,1
fs_64_12,fixed_size,target_acts,q4eu_055,H,W,1,10,0.08333333333333333,1.0,0.15384615384615385,1.0,1.0,1.0,12,1
fs_64_12,fixed_size,target_acts,q4eu_056,L,W,4,5,0.6666666666666666,0.5,0.5714285714285715,0.5,0.5,0.5307212739772434,3,2
fs_64_12,fixed_size,target_acts,q4eu_056,L,W,4,10,0.2857142857142857,0.5,0.36363636363636365,0.5,0.5,0.44149241373678083,7,2
fs_64_12,fixed_size,target_acts,q4eu_057,N,W,4,5,0.42857142857142855,0.75,0.5454545454545454,0.25,0.25,0.4582033340096983,7,3
fs_64_12,fixed_size,target_acts,q4eu_057,N,W,4,10,0.3333333333333333,0.75,0.46153846153846156,0.25,0.25,0.4582033340096983,9,3
fs_64_12,fixed_size,target_acts,q4eu_058,N,W,4,5,0.25,0.25,0.25,0.25,1.0,0.3903800499921017,4,1
fs_64_12,fixed_size,target_acts,q4eu_058,N,W,4,10,0.2222222222222222,0.5,0.30769230769230765,0.25,1.0,0.5078961547485289,9,2
fs_64_12,fixed_size,target_acts,q4eu_059,H,W,3,5,0.16666666666666666,0.3333333333333333,0.2222222222222222,0.3333333333333333,1.0,0.46927872602275644,6,1
fs_64_12,fixed_size,target_acts,q4eu_059,H,W,3,10,0.25,1.0,0.4,0.3333333333333333,1.0,0.7317477162875977,12,3
fs_64_12,fixed_size,target_acts,q4eu_060,L,W,4,5,0.0,0.0,0.0,0.0,0.0,0.0,8,0
fs_64_12,fixed_size,target_acts,q4eu_060,L,W,4,10,0.07142857142857142,0.25,0.11111111111111112,0.0,0.08333333333333333,0.10549558423511038,14,1
fs_64_12,fixed_size,target_acts,q4eu_061,H,W,2,5,0.16666666666666666,0.5,0.25,0.5,1.0,0.6131471927654584,6,1
fs_64_12,fixed_size,target_acts,q4eu_061,H,W,2,10,0.09090909090909091,0.5,0.15384615384615385,0.5,1.0,0.6131471927654584,11,1
fs_64_12,fixed_size,target_acts,q4eu_062,H,W,2,5,0.2,0.5,0.28571428571428575,0.5,1.0,0.6131471927654584,5,1
fs_64_12,fixed_size,target_acts,q4eu_062,H,W,2,10,0.14285714285714285,0.5,0.22222222222222224,0.5,1.0,0.6131471927654584,7,1
fs_64_12,fixed_size,target_acts,q4eu_063,N,W,2,5,0.3333333333333333,0.5,0.4,0.5,0.5,0.38685280723454163,3,1
fs_64_12,fixed_size,target_acts,q4eu_063,N,W,2,10,0.125,0.5,0.2,0.5,0.5,0.38685280723454163,8,1
fs_64_12,fixed_size,target_acts,q4eu_064,N,W,3,5,0.2,0.3333333333333333,0.25,0.3333333333333333,1.0,0.46927872602275644,5,1
fs_64_12,fixed_size,target_acts,q4eu_064,N,W,3,10,0.25,1.0,0.4,0.3333333333333333,1.0,0.737362715714979,12,3
fs_64_12,fixed_size,target_acts,q4eu_065,L,W,6,5,0.6,0.5,0.5454545454545454,0.5,1.0,0.6843515475204855,5,3
fs_64_12,fixed_size,target_acts,q4eu_065,L,W,6,10,0.42857142857142855,0.5,0.4615384615384615,0.5,1.0,0.6105858728157117,7,3
fs_64_12,fixed_size,target_acts,q4eu_066,H,W,1,5,0.14285714285714285,1.0,0.25,0.0,0.5,0.6309297535714575,7,1
fs_64_12,fixed_size,target_acts,q4eu_066,H,W,1,10,0.09090909090909091,1.0,0.16666666666666669,0.0,0.5,0.6309297535714575,11,1
fs_64_12,fixed_size,target_acts,q4eu_067,L,W,3,5,0.3333333333333333,0.3333333333333333,0.3333333333333333,0.3333333333333333,1.0,0.46927872602275644,3,1
fs_64_12,fixed_size,target_acts,q4eu_067,L,W,3,10,0.14285714285714285,0.3333333333333333,0.2,0.3333333333333333,1.0,0.46927872602275644,7,1
fs_64_12,fixed_size,target_acts,q4eu_068,L,B;RI;RII,6,5,0.1111111111111111,0.16666666666666666,0.13333333333333333,0.16666666666666666,0.2,0.11706259313796355,9,1
fs_64_12,fixed_size,target_acts,q4eu_068,L,B;RI;RII,6,10,0.0625,0.16666666666666666,0.09090909090909091,0.16666666666666666,0.2,0.11706259313796355,16,1
fs_64_12,fixed_size,target_acts,q4eu_069,L,RI,5,5,0.0,0.0,0.0,0.0,0.0,0.0,8,0
fs_64_12,fixed_size,target_acts,q4eu_069,L,RI,5,10,0.07142857142857142,0.2,0.10526315789473682,0.0,0.1,0.09803928583135704,14,1
fs_64_12,fixed_size,target_acts,q4eu_070,H,RII,4,5,0.2857142857142857,0.5,0.36363636363636365,0.5,0.3333333333333333,0.36331756126716835,7,2
fs_64_12,fixed_size,target_acts,q4eu_070,H,RII,4,10,0.3333333333333333,1.0,0.5,0.5,0.3333333333333333,0.5936788073725308,12,4
fs_64_12,fixed_size,target_acts,q4eu_071,N,B,2,5,0.4,1.0,0.5714285714285715,0.5,0.5,0.6509209298071326,5,2
fs_64_12,fixed_size,target_acts,q4eu_071,N,B,2,10,0.16666666666666666,1.0,0.2857142857142857,0.5,0.5,0.6509209298071326,12,2
fs_64_12,fixed_size,target_acts,q4eu_072,L,G,3,5,0.25,0.6666666666666666,0.36363636363636365,0.0,0.25,0.3501483019834802,8,2
fs_64_12,fixed_size,target_acts,q4eu_072,L,G,3,10,0.23076923076923078,1.0,0.375,0.0,0.25,0.49141527484330916,13,3
hier_article,hierarchical,all_acts,q4eu_001,H,E,3,5,0.6,1.0,0.7499999999999999,1.0,1.0,1.0,5,3
hier_article,hierarchical,all_acts,q4eu_001,H,E,3,10,0.3,1.0,0.4615384615384615,1.0,1.0,1.0,10,3
hier_article,hierarchical,all_acts,q4eu_002,N,E,2,5,0.0,0.0,0.0,0.0,0.0,0.0,5,0
hier_article,hierarchical,all_acts,q4eu_002,N,E,2,10,0.0,0.0,0.0,0.0,0.0,0.0,10,0
hier_article,hierarchical,all_acts,q4eu_003,L,E,2,5,0.2,0.5,0.28571428571428575,0.0,0.2,0.23719771276929622,5,1
hier_article,hierarchical,all_acts,q4eu_003,L,E,2,10,0.1,0.5,0.16666666666666669,0.0,0.2,0.23719771276929622,10,1
hier_article,hierarchical,all_acts,q4eu_004,N,E,2,5,0.4,1.0,0.5714285714285715,0.0,0.3333333333333333,0.5437713091520254,5,2
hier_article,hierarchical,all_acts,q4eu_004,N,E,2,10,0.2,1.0,0.33333333333333337,0.0,0.3333333333333333,0.5437713091520254,10,2
hier_article,hierarchical,all_acts,q4eu_005,L,E,2,5,0.2,0.5,0.28571428571428575,0.5,1.0,0.6131471927654584,5,1
hier_article,hierarchical,all_acts,q4eu_005,L,E,2,10,0.1,0.5,0.16666666666666669,0.5,1.0,0.6131471927654584,10,1
hier_article,hierarchical,all_acts,q4eu_006,N,E,2,5,0.4,1.0,0.5714285714285715,1.0,1.0,1.0,5,2
hier_article,hierarchical,all_acts,q4eu_006,N,E,2,10,0.2,1.0,0.33333333333333337,1.0,1.0,1.0,10,2
hier_article,hierarchical,all_acts,q4eu_007,H,E,1,5,0.2,1.0,0.33333333333333337,0.0,0.25,0.43067655807339306,5,1
hier_article,hierarchical,all_acts,q4eu_007,H,E,1,10,0.1,1.0,0.18181818181818182,0.0,0.25,0.43067655807339306,10,1
hier_article,hierarchical,all_acts,q4eu_008,L,E,2,5,0.0,0.0,0.0,0.0,0.0,0.0,5,0
hier_article,hierarchical,all_acts,q4eu_008,L,E,2,10,0.0,0.0,0.0,0.0,0.0,0.0,10,0
hier_article,hierarchical,all_acts,q4eu_009,H,E,2,5,0.2,0.5,0.28571428571428575,0.5,1.0,0.6131471927654584,5,1
hier_article,hierarchical,all_acts,q4eu_009,H,E,2,10,0.2,1.0,0.33333333333333337,0.5,1.0,0.7903864795495061,10,2
hier_article,hierarchical,all_acts,q4eu_010,H,E,1,5,0.2,1.0,0.33333333333333337,1.0,1.0,1.0,5,1
hier_article,hierarchical,all_acts,q4eu_010,H,E,1,10,0.1,1.0,0.18181818181818182,1.0,1.0,1.0,10,1
hier_article,hierarchical,all_acts,q4eu_011,L,E,5,5,0.4,0.4,0.4000000000000001,0.4,0.25,0.27727342735504823,5,2
hier_article,hierarchical,all_acts,q4eu_011,L,E,5,10,0.4,0.8,0.5333333333333333,0.4,0.25,0.5001821251774541,10,4
hier_article,hierarchical,all_acts,q4eu_012,N,E,4,5,0.6,0.75,0.6666666666666665,0.75,1.0,0.8318724637288826,5,3
hier_article,hierarchical,all_acts,q4eu_012,N,E,4,10,0.4,1.0,0.5714285714285715,0.75,1.0,0.9493885684853096,10,4
hier_article,hierarchical,all_acts,q4eu_013,N,E,2,5,0.4,1.0,0.5714285714285715,1.0,1.0,1.0,5,2
hier_article,hierarchical,all_acts,q4eu_013,N,E,2,10,0.2,1.0,0.33333333333333337,1.0,1.0,1.0,10,2
hier_article,hierarchical,all_acts,q4eu_014,N,E,2,5,0.2,0.5,0.28571428571428575,0.5,1.0,0.6131471927654584,5,1
hier_article,hierarchical,all_acts,q4eu_014,N,E,2,10,0.1,0.5,0.16666666666666669,0.5,1.0,0.6131471927654584,10,1
hier_article,hierarchical,all_acts,q4eu_015,H,E,1,5,0.2,1.0,0.33333333333333337,1.0,1.0,1.0,5,1
hier_article,hierarchical,all_acts,q4eu_015,H,E,1,10,0.1,1.0,0.18181818181818182,1.0,1.0,1.0,10,1
hier_article,hierarchical,all_acts,q4eu_016,N,E,2,5,0.4,1.0,0.5714285714285715,1.0,1.0,1.0,5,2
hier_article,hierarchical,all_acts,q4eu_016,N,E,2,10,0.2,1.0,0.33333333333333337,1.0,1.0,1.0,10,2
hier_article,hierarchical,all_acts,q4eu_017,L,E,2,5,0.2,0.5,0.28571428571428575,0.5,0.5,0.38685280723454163,5,1
hier_article,hierarchical,all_acts,q4eu_017,L,E,2,10,0.2,1.0,0.33333333333333337,0.5,0.5,0.5640920940185894,10,2
hier_article,hierarchical,all_acts,q4eu_018,H,G,1,5,0.2,1.0,0.33333333333333337,0.0,0.3333333333333333,0.5,5,1
hier_article,hierarchical,all_acts,q4eu_018,H,G,1,10,0.1,1.0,0.18181818181818182,0.0,0.3333333333333333,0.5,10,1
hier_article,hierarchical,all_acts,q4eu_019,N,G,1,5,0.2,1.0,0.33333333333333337,0.0,0.5,0.6309297535714575,5,1
hier_article,hierarchical,all_acts,q4eu_019,N,G,1,10,0.1,1.0,0.18181818181818182,0.0,0.5,0.6309297535714575,10,1
hier_article,hierarchical,all_acts,q4eu_020,L,G,6,5,0.4,0.3333333333333333,0.3636363636363636,0.3333333333333333,1.0,0.5087403079104241,5,2
hier_article,hierarchical,all_acts,q4eu_020,L,G,6,10,0.4,0.6666666666666666,0.5,0.3333333333333333,1.0,0.6458634946379493,10,4
hier_article,hierarchical,all_acts,q4eu_021,N,G,2,5,0.0,0.0,0.0,0.0,0.0,0.0,5,0
hier_article,hierarchical,all_acts,q4eu_021,N,G,2,10,0.1,0.5,0.16666666666666669,0.0,0.1,0.17723928678404774,10,1
hier_article,hierarchical,all_acts,q4eu_022,L,G,5,5,0.2,0.2,0.20000000000000004,0.2,0.3333333333333333,0.16958010263680806,5,1
hier_article,hierarchical,all_acts,q4eu_022,L,G,5,10,0.1,0.2,0.13333333333333333,0.2,0.3333333333333333,0.16958010263680806,10,1
hier_article,hierarchical,all_acts,q4eu_023,N,G,2,5,0.4,1.0,0.5714285714285715,1.0,1.0,1.0,5,2
hier_article,hierarchical,all_acts,q4eu_023,N,G,2,10,0.2,1.0,0.33333333333333337,1.0,1.0,1.0,10,2
hier_article,hierarchical,all_acts,q4eu_024,H,G,3,5,0.6,1.0,0.7499999999999999,0.6666666666666666,1.0,0.9674679834891693,5,3
hier_article,hierarchical,all_acts,q4eu_024,H,G,3,10,0.3,1.0,0.4615384615384615,0.6666666666666666,1.0,0.9674679834891693,10,3
hier_article,hierarchical,all_acts,q4eu_025,L,G,8,5,0.4,0.25,0.3076923076923077,0.25,1.0,0.5087403079104241,5,2
hier_article,hierarchical,all_acts,q4eu_025,L,G,8,10,0.2,0.25,0.22222222222222224,0.25,1.0,0.3794140541514857,10,2
hier_article,hierarchical,all_acts,q4eu_026,H,G,1,5,0.2,1.0,0.33333333333333337,1.0,1.0,1.0,5,1
hier_article,hierarchical,all_acts,q4eu_026,H,G,1,10,0.1,1.0,0.18181818181818182,1.0,1.0,1.0,10,1
hier_article,hierarchical,all_acts,q4eu_027,H,G,1,5,0.2,1.0,0.33333333333333337,1.0,1.0,1.0,5,1
hier_article,hierarchical,all_acts,q4eu_027,H,G,1,10,0.1,1.0,0.18181818181818182,1.0,1.0,1.0,10,1
hier_article,hierarchical,all_acts,q4eu_028,N,G,4,5,0.4,0.5,0.4444444444444445,0.5,1.0,0.6366824387328317,5,2
hier_article,hierarchical,all_acts,q4eu_028,N,G,4,10,0.2,0.5,0.28571428571428575,0.5,1.0,0.6366824387328317,10,2
hier_article,hierarchical,all_acts,q4eu_029,N,G,2,5,0.2,0.5,0.28571428571428575,0.5,0.5,0.38685280723454163,5,1
hier_article,hierarchical,all_acts,q4eu_029,N,G,2,10,0.1,0.5,0.16666666666666669,0.5,0.5,0.38685280723454163,10,1
hier_article,hierarchical,all_acts,q4eu_030,N,G,4,5,0.2,0.25,0.22222222222222224,0.25,0.25,0.16812753627111746,5,1
hier_article,hierarchical,all_acts,q4eu_030,N,G,4,10,0.1,0.25,0.14285714285714288,0.25,0.25,0.16812753627111746,10,1
hier_article,hierarchical,all_acts,q4eu_031,H,G,3,5,0.2,0.3333333333333333,0.25,0.3333333333333333,0.5,0.2960819109658652,5,1
hier_article,hierarchical,all_acts,q4eu_031,H,G,3,10,0.1,0.3333333333333333,0.15384615384615383,0.3333333333333333,0.5,0.2960819109658652,10,1
hier_article,hierarchical,all_acts,q4eu_032,N,G,3,5,0.4,0.6666666666666666,0.5,0.6666666666666666,1.0,0.7653606369886217,5,2
hier_article,hierarchical,all_acts,q4eu_032,N,G,3,10,0.3,1.0,0.4615384615384615,0.6666666666666666,1.0,0.9134015924715543,10,3
hier_article,hierarchical,all_acts,q4eu_033,L,G,6,5,1.0,0.8333333333333334,0.9090909090909091,0.8333333333333334,1.0,1.0,5,5
hier_article,hierarchical,all_acts,q4eu_033,L,G,6,10,0.6,1.0,0.7499999999999999,1.0,1.0,1.0,10,6
hier_article,hierarchical,all_acts,q4eu_034,L,B,3,5,0.0,0.0,0.0,0.0,0.0,0.0,5,0
hier_article,hierarchical,all_acts,q4eu_034,L,B,3,10,0.0,0.0,0.0,0.0,0.0,0.0,10,0
hier_article,hierarchical,all_acts,q4eu_035,N,B,4,5,0.2,0.25,0.22222222222222224,0.25,0.3333333333333333,0.19519002499605084,5,1
hier_article,hierarchical,all_acts,q4eu_035,N,B,4,10,0.1,0.25,0.14285714285714288,0.25,0.3333333333333333,0.19519002499605084,10,1
hier_article,hierarchical,all_acts,q4eu_036,N,RI,4,5,0.2,0.25,0.22222222222222224,0.25,1.0,0.3903800499921017,5,1
hier_article,hierarchical,all_acts,q4eu_036,N,RI,4,10,0.1,0.25,0.14285714285714288,0.25,1.0,0.3903800499921017,10,1
hier_article,hierarchical,all_acts,q4eu_037,H,B,3,5,0.0,0.0,0.0,0.0,0.0,0.0,5,0
hier_article,hierarchical,all_acts,q4eu_037,H,B,3,10,0.2,0.6666666666666666,0.30769230769230765,0.0,0.14285714285714285,0.2920782154400332,10,2
hier_article,hierarchical,all_acts,q4eu_038,H,B,3,5,0.4,0.6666666666666666,0.5,0.6666666666666666,1.0,0.7653606369886217,5,2
hier_article,hierarchical,all_acts,q4eu_038,H,B,3,10,0.2,0.6666666666666666,0.30769230769230765,0.6666666666666666,1.0,0.7653606369886217,10,2
hier_article,hierarchical,all_acts,q4eu_039,N,RII,22,5,0.6,0.13636363636363635,0.22222222222222218,0.13636363636363635,0.5,0.5296347172140421,5,3
hier_article,hierarchical,all_acts,q4eu_039,N,RII,22,10,0.3,0.13636363636363635,0.18749999999999997,0.13636363636363635,0.5,0.3436966913921454,10,3
hier_article,hierarchical,all_acts,q4eu_040,H,RI,4,5,0.2,0.25,0.22222222222222224,0.0,0.2,0.15101961822780524,5,1
hier_article,hierarchical,all_acts,q4eu_040,H,RI,4,10,0.2,0.5,0.28571428571428575,0.0,0.2,0.2741708125981702,10,2
hier_article,hierarchical,all_acts,q4eu_041,N,B,5,5,0.6,0.6,0.6,0.6,1.0,0.639945385422766,5,3
hier_article,hierarchical,all_acts,q4eu_041,N,B,5,10,0.4,0.8,0.5333333333333333,0.6,1.0,0.7379846712541229,10,4
hier_article,hierarchical,all_acts,q4eu_042,L,RI,2,5,0.2,0.5,0.28571428571428575,0.0,0.3333333333333333,0.3065735963827292,5,1
hier_article,hierarchical,all_acts,q4eu_042,L,RI,2,10,0.2,1.0,0.33333333333333337,0.0,0.3333333333333333,0.5109559939712153,10,2
hier_article,hierarchical,all_acts,q4eu_043,N,B;RI,2,5,0.4,1.0,0.5714285714285715,1.0,1.0,1.0,5,2
hier_article,hierarchical,all_acts,q4eu_043,N,B;RI,2,10,0.2,1.0,0.33333333333333337,1.0,1.0,1.0,10,2
hier_article,hierarchical,all_acts,q4eu_044,L,RI,4,5,0.2,0.25,0.22222222222222224,0.25,1.0,0.3903800499921017,5,1
hier_article,hierarchical,all_acts,q4eu_044,L,RI,4,10,0.3,0.75,0.4285714285714285,0.25,1.0,0.6595629128335778,10,3
hier_article,hierarchical,all_acts,q4eu_045,N,B,4,5,0.6,0.75,0.6666666666666665,0.5,1.0,0.787702056960637,5,3
hier_article,hierarchical,all_acts,q4eu_045,N,B,4,10,0.4,1.0,0.5714285714285715,0.5,1.0,0.9178287402913374,10,4
hier_article,hierarchical,all_acts,q4eu_046,H,B,5,5,0.6,0.6,0.6,0.6,1.0,0.7227265726449519,5,3
hier_article,hierarchical,all_acts,q4eu_046,H,B,5,10,0.3,0.6,0.4,0.6,1.0,0.7227265726449519,10,3
hier_article,hierarchical,all_acts,q4eu_047,N,W,5,5,0.4,0.4,0.4000000000000001,0.4,1.0,0.5087403079104241,5,2
hier_article,hierarchical,all_acts,q4eu_047,N,W,5,10,0.3,0.6,0.4,0.4,1.0,0.6295516106099184,10,3
hier_article,hierarchical,all_acts,q4eu_048,L,W,3,5,0.2,0.3333333333333333,0.25,0.3333333333333333,1.0,0.46927872602275644,5,1
hier_article,hierarchical,all_acts,q4eu_048,L,W,3,10,0.1,0.3333333333333333,0.15384615384615383,0.3333333333333333,1.0,0.46927872602275644,10,1
hier_article,hierarchical,all_acts,q4eu_049,N,W,3,5,0.2,0.3333333333333333,0.25,0.3333333333333333,1.0,0.46927872602275644,5,1
hier_article,hierarchical,all_acts,q4eu_049,N,W,3,10,0.2,0.6666666666666666,0.30769230769230765,0.3333333333333333,1.0,0.6049306994552042,10,2
hier_article,hierarchical,all_acts,q4eu_050,H,W,2,5,0.2,0.5,0.28571428571428575,0.0,0.3333333333333333,0.3065735963827292,5,1
hier_article,hierarchical,all_acts,q4eu_050,H,W,2,10,0.2,1.0,0.33333333333333337,0.0,0.3333333333333333,0.4911492931622974,10,2
hier_article,hierarchical,all_acts,q4eu_051,L,W,5,5,0.8,0.8,0.8000000000000002,0.8,1.0,0.8687949224876582,5,4
hier_article,hierarchical,all_acts,q4eu_051,L,W,5,10,0.4,0.8,0.5333333333333333,0.8,1.0,0.8687949224876582,10,4
hier_article,hierarchical,all_acts,q4eu_052,H,W,1,5,0.2,1.0,0.33333333333333337,0.0,0.5,0.6309297535714575,5,1
hier_article,hierarchical,all_acts,q4eu_052,H,W,1,10,0.1,1.0,0.18181818181818182,0.0,0.5,0.6309297535714575,10,1
hier_article,hierarchical,all_acts,q4eu_053,N,W,2,5,0.2,0.5,0.28571428571428575,0.5,1.0,0.6131471927654584,5,1
hier_article,hierarchical,all_acts,q4eu_053,N,W,2,10,0.1,0.5,0.16666666666666669,0.5,1.0,0.6131471927654584,10,1
hier_article,hierarchical,all_acts,q4eu_054,L,W,4,5,0.0,0.0,0.0,0.0,0.0,0.0,5,0
hier_article,hierarchical,all_acts,q4eu_054,L,W,4,10,0.0,0.0,0.0,0.0,0.0,0.0,10,0
hier_article,hierarchical,all_acts,q4eu_055,H,W,1,5,0.2,1.0,0.33333333333333337,1.0,1.0,1.0,5,1
hier_article,hierarchical,all_acts,q4eu_055,H,W,1,10,0.1,1.0,0.18181818181818182,1.0,1.0,1.0,10,1
hier_article,hierarchical,all_acts,q4eu_056,L,W,4,5,0.4,0.5,0.4444444444444445,0.5,1.0,0.5855700749881525,5,2
hier_article,hierarchical,all_acts,q4eu_056,L,W,4,10,0.2,0.5,0.28571428571428575,0.5,1.0,0.5855700749881525,10,2
hier_article,hierarchical,all_acts,q4eu_057,N,W,4,5,0.4,0.5,0.4444444444444445,0.5,1.0,0.6366824387328317,5,2
hier_article,hierarchical,all_acts,q4eu_057,N,W,4,10,0.3,0.75,0.4285714285714285,0.5,1.0,0.7495275800817669,10,3
hier_article,hierarchical,all_acts,q4eu_058,N,W,4,5,0.4,0.5,0.4444444444444445,0.5,1.0,0.5585075862632192,5,2
hier_article,hierarchical,all_acts,q4eu_058,N,W,4,10,0.2,0.5,0.28571428571428575,0.5,1.0,0.5585075862632192,10,2
hier_article,hierarchical,all_acts,q4eu_059,H,W,3,5,0.2,0.3333333333333333,0.25,0.3333333333333333,1.0,0.46927872602275644,5,1
hier_article,hierarchical,all_acts,q4eu_059,H,W,3,10,0.1,0.3333333333333333,0.15384615384615383,0.3333333333333333,1.0,0.46927872602275644,10,1
hier_article,hierarchical,all_acts,q4eu_060,L,W,4,5,0.0,0.0,0.0,0.0,0.0,0.0,5,0
hier_article,hierarchical,all_acts,q4eu_060,L,W,4,10,0.0,0.0,0.0,0.0,0.0,0.0,10,0
hier_article,hierarchical,all_acts,q4eu_061,H,W,2,5,0.2,0.5,0.28571428571428575,0.5,1.0,0.6131471927654584,5,1
hier_article,hierarchical,all_acts,q4eu_061,H,W,2,10,0.1,0.5,0.16666666666666669,0.5,1.0,0.6131471927654584,10,1
hier_article,hierarchical,all_acts,q4eu_062,H,W,2,5,0.2,0.5,0.28571428571428575,0.5,1.0,0.6131471927654584,5,1
hier_article,hierarchical,all_acts,q4eu_062,H,W,2,10,0.1,0.5,0.16666666666666669,0.5,1.0,0.6131471927654584,10,1
hier_article,hierarchical,all_acts,q4eu_063,N,W,2,5,0.2,0.5,0.28571428571428575,0.5,1.0,0.6131471927654584,5,1
hier_article,hierarchical,all_acts,q4eu_063,N,W,2,10,0.1,0.5,0.16666666666666669,0.5,1.0,0.6131471927654584,10,1
hier_article,hierarchical,all_acts,q4eu_064,N,W,3,5,0.6,1.0,0.7499999999999999,0.6666666666666666,1.0,0.9469024295259745,5,3
hier_article,hierarchical,all_acts,q4eu_064,N,W,3,10,0.3,1.0,0.4615384615384615,0.6666666666666666,1.0,0.9469024295259745,10,3
hier_article,hierarchical,all_acts,q4eu_065,L,W,6,5,0.6,0.5,0.5454545454545454,0.5,1.0,0.639945385422766,5,3
hier_article,hierarchical,all_acts,q4eu_065,L,W,6,10,0.5,0.8333333333333334,0.625,0.6666666666666666,1.0,0.7796228390769658,10,5
hier_article,hierarchical,all_acts,q4eu_066,H,W,1,5,0.2,1.0,0.33333333333333337,1.0,1.0,1.0,5,1
hier_article,hierarchical,all_acts,q4eu_066,H,W,1,10,0.1,1.0,0.18181818181818182,1.0,1.0,1.0,10,1
hier_article,hierarchical,all_acts,q4eu_067,L,W,3,5,0.2,0.3333333333333333,0.25,0.3333333333333333,1.0,0.46927872602275644,5,1
hier_article,hierarchical,all_acts,q4eu_067,L,W,3,10,0.1,0.3333333333333333,0.15384615384615383,0.3333333333333333,1.0,0.46927872602275644,10,1
hier_article,hierarchical,all_acts,q4eu_068,L,B;RI;RII,6,5,0.2,0.16666666666666666,0.1818181818181818,0.16666666666666666,1.0,0.3391602052736161,5,1
hier_article,hierarchical,all_acts,q4eu_068,L,B;RI;RII,6,10,0.2,0.3333333333333333,0.25,0.3333333333333333,1.0,0.41039156802332444,10,2
hier_article,hierarchical,all_acts,q4eu_069,L,RI,5,5,0.2,0.2,0.20000000000000004,0.2,0.3333333333333333,0.16958010263680806,5,1
hier_article,hierarchical,all_acts,q4eu_069,L,RI,5,10,0.2,0.4,0.26666666666666666,0.2,0.3333333333333333,0.2765732350040718,10,2
hier_article,hierarchical,all_acts,q4eu_070,H,RII,4,5,0.4,0.5,0.4444444444444445,0.5,1.0,0.5855700749881525,5,2
hier_article,hierarchical,all_acts,q4eu_070,H,RII,4,10,0.3,0.75,0.4285714285714285,0.5,1.0,0.7087212693585175,10,3
hier_article,hierarchical,all_acts,q4eu_071,N,B,2,5,0.2,0.5,0.28571428571428575,0.5,1.0,0.6131471927654584,5,1
hier_article,hierarchical,all_acts,q4eu_071,N,B,2,10,0.1,0.5,0.16666666666666669,0.5,1.0,0.6131471927654584,10,1
hier_article,hierarchical,all_acts,q4eu_072,L,G,3,5,0.0,0.0,0.0,0.0,0.0,0.0,5,0
hier_article,hierarchical,all_acts,q4eu_072,L,G,3,10,0.2,0.6666666666666666,0.30769230769230765,0.0,0.125,0.2893079283427616,10,2
hier_article,hierarchical,pil_acts,q4eu_034,L,B,3,5,0.0,0.0,0.0,0.0,0.0,0.0,5,0
hier_article,hierarchical,pil_acts,q4eu_034,L,B,3,10,0.0,0.0,0.0,0.0,0.0,0.0,10,0
hier_article,hierarchical,pil_acts,q4eu_035,N,B,4,5,0.2,0.25,0.22222222222222224,0.25,0.3333333333333333,0.19519002499605084,5,1
hier_article,hierarchical,pil_acts,q4eu_035,N,B,4,10,0.1,0.25,0.14285714285714288,0.25,0.3333333333333333,0.19519002499605084,10,1
hier_article,hierarchical,pil_acts,q4eu_036,N,RI,4,5,0.2,0.25,0.22222222222222224,0.25,1.0,0.3903800499921017,5,1
hier_article,hierarchical,pil_acts,q4eu_036,N,RI,4,10,0.1,0.25,0.14285714285714288,0.25,1.0,0.3903800499921017,10,1
hier_article,hierarchical,pil_acts,q4eu_037,H,B,3,5,0.0,0.0,0.0,0.0,0.0,0.0,5,0
hier_article,hierarchical,pil_acts,q4eu_037,H,B,3,10,0.2,0.6666666666666666,0.30769230769230765,0.0,0.16666666666666666,0.3084274278260313,10,2
hier_article,hierarchical,pil_acts,q4eu_038,H,B,3,5,0.4,0.6666666666666666,0.5,0.6666666666666666,1.0,0.7653606369886217,5,2
hier_article,hierarchical,pil_acts,q4eu_038,H,B,3,10,0.2,0.6666666666666666,0.30769230769230765,0.6666666666666666,1.0,0.7653606369886217,10,2
hier_article,hierarchical,pil_acts,q4eu_039,N,RII,22,5,0.6,0.13636363636363635,0.22222222222222218,0.13636363636363635,0.5,0.5296347172140421,5,3
hier_article,hierarchical,pil_acts,q4eu_039,N,RII,22,10,0.3,0.13636363636363635,0.18749999999999997,0.13636363636363635,0.5,0.3436966913921454,10,3
hier_article,hierarchical,pil_acts,q4eu_040,H,RI,4,5,0.2,0.25,0.22222222222222224,0.0,0.2,0.15101961822780524,5,1
hier_article,hierarchical,pil_acts,q4eu_040,H,RI,4,10,0.2,0.5,0.28571428571428575,0.0,0.2,0.2741708125981702,10,2
hier_article,hierarchical,pil_acts,q4eu_041,N,B,5,5,0.6,0.6,0.6,0.6,1.0,0.639945385422766,5,3
hier_article,hierarchical,pil_acts,q4eu_041,N,B,5,10,0.4,0.8,0.5333333333333333,0.6,1.0,0.7379846712541229,10,4
hier_article,hierarchical,pil_acts,q4eu_042,L,RI,2,5,0.2,0.5,0.28571428571428575,0.0,0.3333333333333333,0.3065735963827292,5,1
hier_article,hierarchical,pil_acts,q4eu_042,L,RI,2,10,0.2,1.0,0.33333333333333337,0.0,0.3333333333333333,0.5109559939712153,10,2
hier_article,hierarchical,pil_acts,q4eu_043,N,B;RI,2,5,0.4,1.0,0.5714285714285715,1.0,1.0,1.0,5,2
hier_article,hierarchical,pil_acts,q4eu_043,N,B;RI,2,10,0.2,1.0,0.33333333333333337,1.0,1.0,1.0,10,2
hier_article,hierarchical,pil_acts,q4eu_044,L,RI,4,5,0.6,0.75,0.6666666666666665,0.75,1.0,0.75369761125927,5,3
hier_article,hierarchical,pil_acts,q4eu_044,L,RI,4,10,0.3,0.75,0.4285714285714285,0.75,1.0,0.75369761125927,10,3
hier_article,hierarchical,pil_acts,q4eu_045,N,B,4,5,0.6,0.75,0.6666666666666665,0.5,1.0,0.787702056960637,5,3
hier_article,hierarchical,pil_acts,q4eu_045,N,B,4,10,0.4,1.0,0.5714285714285715,0.5,1.0,0.9178287402913374,10,4
hier_article,hierarchical,pil_acts,q4eu_046,H,B,5,5,0.6,0.6,0.6,0.6,1.0,0.7227265726449519,5,3
hier_article,hierarchical,pil_acts,q4eu_046,H,B,5,10,0.3,0.6,0.4,0.6,1.0,0.7227265726449519,10,3
hier_article,hierarchical,pil_acts,q4eu_068,L,B;RI;RII,6,5,0.2,0.16666666666666666,0.1818181818181818,0.16666666666666666,1.0,0.3391602052736161,5,1
hier_article,hierarchical,pil_acts,q4eu_068,L,B;RI;RII,6,10,0.2,0.3333333333333333,0.25,0.3333333333333333,1.0,0.41039156802332444,10,2
hier_article,hierarchical,pil_acts,q4eu_069,L,RI,5,5,0.2,0.2,0.20000000000000004,0.2,0.3333333333333333,0.16958010263680806,5,1
hier_article,hierarchical,pil_acts,q4eu_069,L,RI,5,10,0.2,0.4,0.26666666666666666,0.2,0.3333333333333333,0.2765732350040718,10,2
hier_article,hierarchical,pil_acts,q4eu_070,H,RII,4,5,0.4,0.5,0.4444444444444445,0.5,1.0,0.5855700749881525,5,2
hier_article,hierarchical,pil_acts,q4eu_070,H,RII,4,10,0.3,0.75,0.4285714285714285,0.5,1.0,0.7087212693585175,10,3
hier_article,hierarchical,pil_acts,q4eu_071,N,B,2,5,0.2,0.5,0.28571428571428575,0.5,1.0,0.6131471927654584,5,1
hier_article,hierarchical,pil_acts,q4eu_071,N,B,2,10,0.1,0.5,0.16666666666666669,0.5,1.0,0.6131471927654584,10,1
hier_article,hierarchical,target_acts,q4eu_001,H,E,3,5,0.6,1.0,0.7499999999999999,1.0,1.0,1.0,5,3
hier_article,hierarchical,target_acts,q4eu_001,H,E,3,10,0.3,1.0,0.4615384615384615,1.0,1.0,1.0,10,3
hier_article,hierarchical,target_acts,q4eu_002,N,E,2,5,0.0,0.0,0.0,0.0,0.0,0.0,5,0
hier_article,hierarchical,target_acts,q4eu_002,N,E,2,10,0.0,0.0,0.0,0.0,0.0,0.0,10,0
hier_article,hierarchical,target_acts,q4eu_003,L,E,2,5,0.2,0.5,0.28571428571428575,0.0,0.2,0.23719771276929622,5,1
hier_article,hierarchical,target_acts,q4eu_003,L,E,2,10,0.1,0.5,0.16666666666666669,0.0,0.2,0.23719771276929622,10,1
hier_article,hierarchical,target_acts,q4eu_004,N,E,2,5,0.4,1.0,0.5714285714285715,0.0,0.3333333333333333,0.5437713091520254,5,2
hier_article,hierarchical,target_acts,q4eu_004,N,E,2,10,0.2,1.0,0.33333333333333337,0.0,0.3333333333333333,0.5437713091520254,10,2
hier_article,hierarchical,target_acts,q4eu_005,L,E,2,5,0.2,0.5,0.28571428571428575,0.5,1.0,0.6131471927654584,5,1
hier_article,hierarchical,target_acts,q4eu_005,L,E,2,10,0.1,0.5,0.16666666666666669,0.5,1.0,0.6131471927654584,10,1
hier_article,hierarchical,target_acts,q4eu_006,N,E,2,5,0.4,1.0,0.5714285714285715,1.0,1.0,1.0,5,2
hier_article,hierarchical,target_acts,q4eu_006,N,E,2,10,0.2,1.0,0.33333333333333337,1.0,1.0,1.0,10,2
hier_article,hierarchical,target_acts,q4eu_007,H,E,1,5,0.2,1.0,0.33333333333333337,0.0,0.25,0.43067655807339306,5,1
hier_article,hierarchical,target_acts,q4eu_007,H,E,1,10,0.1,1.0,0.18181818181818182,0.0,0.25,0.43067655807339306,10,1
hier_article,hierarchical,target_acts,q4eu_008,L,E,2,5,0.0,0.0,0.0,0.0,0.0,0.0,5,0
hier_article,hierarchical,target_acts,q4eu_008,L,E,2,10,0.0,0.0,0.0,0.0,0.0,0.0,10,0
hier_article,hierarchical,target_acts,q4eu_009,H,E,2,5,0.4,1.0,0.5714285714285715,0.5,1.0,0.8772153153380493,5,2
hier_article,hierarchical,target_acts,q4eu_009,H,E,2,10,0.2,1.0,0.33333333333333337,0.5,1.0,0.8772153153380493,10,2
hier_article,hierarchical,target_acts,q4eu_010,H,E,1,5,0.2,1.0,0.33333333333333337,1.0,1.0,1.0,5,1
hier_article,hierarchical,target_acts,q4eu_010,H,E,1,10,0.1,1.0,0.18181818181818182,1.0,1.0,1.0,10,1
hier_article,hierarchical,target_acts,q4eu_011,L,E,5,5,0.4,0.4,0.4000000000000001,0.4,0.25,0.27727342735504823,5,2
hier_article,hierarchical,target_acts,q4eu_011,L,E,5,10,0.4,0.8,0.5333333333333333,0.4,0.25,0.5001821251774541,10,4
hier_article,hierarchical,target_acts,q4eu_012,N,E,4,5,0.6,0.75,0.6666666666666665,0.75,1.0,0.8318724637288826,5,3
hier_article,hierarchical,target_acts,q4eu_012,N,E,4,10,0.4,1.0,0.5714285714285715,0.75,1.0,0.9493885684853096,10,4
hier_article,hierarchical,target_acts,q4eu_013,N,E,2,5,0.4,1.0,0.5714285714285715,1.0,1.0,1.0,5,2
hier_article,hierarchical,target_acts,q4eu_013,N,E,2,10,0.2,1.0,0.33333333333333337,1.0,1.0,1.0,10,2
hier_article,hierarchical,target_acts,q4eu_014,N,E,2,5,0.2,0.5,0.28571428571428575,0.5,1.0,0.6131471927654584,5,1
hier_article,hierarchical,target_acts,q4eu_014,N,E,2,10,0.1,0.5,0.16666666666666669,0.5,1.0,0.6131471927654584,10,1
hier_article,hierarchical,target_acts,q4eu_015,H,E,1,5,0.2,1.0,0.33333333333333337,1.0,1.0,1.0,5,1
hier_article,hierarchical,target_acts,q4eu_015,H,E,1,10,0.1,1.0,0.18181818181818182,1.0,1.0,1.0,10,1
hier_article,hierarchical,target_acts,q4eu_016,N,E,2,5,0.4,1.0,0.5714285714285715,1.0,1.0,1.0,5,2
hier_article,hierarchical,target_acts,q4eu_016,N,E,2,10,0.2,1.0,0.33333333333333337,1.0,1.0,1.0,10,2
hier_article,hierarchical,target_acts,q4eu_017,L,E,2,5,0.4,1.0,0.5714285714285715,0.5,0.5,0.6509209298071326,5,2
hier_article,hierarchical,target_acts,q4eu_017,L,E,2,10,0.2,1.0,0.33333333333333337,0.5,0.5,0.6509209298071326,10,2
hier_article,hierarchical,target_acts,q4eu_018,H,G,1,5,0.2,1.0,0.33333333333333337,0.0,0.3333333333333333,0.5,5,1
hier_article,hierarchical,target_acts,q4eu_018,H,G,1,10,0.1,1.0,0.18181818181818182,0.0,0.3333333333333333,0.5,10,1
hier_article,hierarchical,target_acts,q4eu_019,N,G,1,5,0.2,1.0,0.33333333333333337,0.0,0.5,0.6309297535714575,5,1
hier_article,hierarchical,target_acts,q4eu_019,N,G,1,10,0.1,1.0,0.18181818181818182,0.0,0.5,0.6309297535714575,10,1
hier_article,hierarchical,target_acts,q4eu_020,L,G,6,5,0.4,0.3333333333333333,0.3636363636363636,0.3333333333333333,1.0,0.5087403079104241,5,2
hier_article,hierarchical,target_acts,q4eu_020,L,G,6,10,0.4,0.6666666666666666,0.5,0.3333333333333333,1.0,0.6458634946379493,10,4
hier_article,hierarchical,target_acts,q4eu_021,N,G,2,5,0.0,0.0,0.0,0.0,0.0,0.0,5,0
hier_article,hierarchical,target_acts,q4eu_021,N,G,2,10,0.1,0.5,0.16666666666666669,0.0,0.1,0.17723928678404774,10,1
hier_article,hierarchical,target_acts,q4eu_022,L,G,5,5,0.2,0.2,0.20000000000000004,0.2,0.3333333333333333,0.16958010263680806,5,1
hier_article,hierarchical,target_acts,q4eu_022,L,G,5,10,0.1,0.2,0.13333333333333333,0.2,0.3333333333333333,0.16958010263680806,10,1
hier_article,hierarchical,target_acts,q4eu_023,N,G,2,5,0.4,1.0,0.5714285714285715,1.0,1.0,1.0,5,2
hier_article,hierarchical,target_acts,q4eu_023,N,G,2,10,0.2,1.0,0.33333333333333337,1.0,1.0,1.0,10,2
hier_article,hierarchical,target_acts,q4eu_024,H,G,3,5,0.6,1.0,0.7499999999999999,0.6666666666666666,1.0,0.9674679834891693,5,3
hier_article,hierarchical,target_acts,q4eu_024,H,G,3,10,0.3,1.0,0.4615384615384615,0.6666666666666666,1.0,0.9674679834891693,10,3
hier_article,hierarchical,target_acts,q4eu_025,L,G,8,5,0.4,0.25,0.3076923076923077,0.25,1.0,0.5087403079104241,5,2
hier_article,hierarchical,target_acts,q4eu_025,L,G,8,10,0.2,0.25,0.22222222222222224,0.25,1.0,0.3794140541514857,10,2
hier_article,hierarchical,target_acts,q4eu_026,H,G,1,5,0.2,1.0,0.33333333333333337,1.0,1.0,1.0,5,1
hier_article,hierarchical,target_acts,q4eu_026,H,G,1,10,0.1,1.0,0.18181818181818182,1.0,1.0,1.0,10,1
hier_article,hierarchical,target_acts,q4eu_027,H,G,1,5,0.2,1.0,0.33333333333333337,1.0,1.0,1.0,5,1
hier_article,hierarchical,target_acts,q4eu_027,H,G,1,10,0.1,1.0,0.18181818181818182,1.0,1.0,1.0,10,1
hier_article,hierarchical,target_acts,q4eu_028,N,G,4,5,0.4,0.5,0.4444444444444445,0.5,1.0,0.6366824387328317,5,2
hier_article,hierarchical,target_acts,q4eu_028,N,G,4,10,0.2,0.5,0.28571428571428575,0.5,1.0,0.6366824387328317,10,2
hier_article,hierarchical,target_acts,q4eu_029,N,G,2,5,0.2,0.5,0.28571428571428575,0.5,0.5,0.38685280723454163,5,1
hier_article,hierarchical,target_acts,q4eu_029,N,G,2,10,0.1,0.5,0.16666666666666669,0.5,0.5,0.38685280723454163,10,1
hier_article,hierarchical,target_acts,q4eu_030,N,G,4,5,0.2,0.25,0.22222222222222224,0.25,0.25,0.16812753627111746,5,1
hier_article,hierarchical,target_acts,q4eu_030,N,G,4,10,0.1,0.25,0.14285714285714288,0.25,0.25,0.16812753627111746,10,1
hier_article,hierarchical,target_acts,q4eu_031,H,G,3,5,0.2,0.3333333333333333,0.25,0.3333333333333333,0.5,0.2960819109658652,5,1
hier_article,hierarchical,target_acts,q4eu_031,H,G,3,10,0.1,0.3333333333333333,0.15384615384615383,0.3333333333333333,0.5,0.2960819109658652,10,1
hier_article,hierarchical,target_acts,q4eu_032,N,G,3,5,0.4,0.6666666666666666,0.5,0.6666666666666666,1.0,0.7653606369886217,5,2
hier_article,hierarchical,target_acts,q4eu_032,N,G,3,10,0.3,1.0,0.4615384615384615,0.6666666666666666,1.0,0.9134015924715543,10,3
hier_article,hierarchical,target_acts,q4eu_033,L,G,6,5,1.0,0.8333333333333334,0.9090909090909091,0.8333333333333334,1.0,1.0,5,5
hier_article,hierarchical,target_acts,q4eu_033,L,G,6,10,0.6,1.0,0.7499999999999999,1.0,1.0,1.0,10,6
hier_article,hierarchical,target_acts,q4eu_034,L,B,3,5,0.2,0.3333333333333333,0.25,0.0,0.25,0.20210734650054757,5,1
hier_article,hierarchical,target_acts,q4eu_034,L,B,3,10,0.3,1.0,0.4615384615384615,0.0,0.25,0.499800561367962,10,3
hier_article,hierarchical,target_acts,q4eu_035,N,B,4,5,0.4,0.5,0.4444444444444445,0.5,1.0,0.5585075862632192,5,2
hier_article,hierarchical,target_acts,q4eu_035,N,B,4,10,0.3,0.75,0.4285714285714285,0.5,1.0,0.6886342695939197,10,3
hier_article,hierarchical,target_acts,q4eu_036,N,RI,4,5,0.2,0.25,0.22222222222222224,0.25,1.0,0.3903800499921017,5,1
hier_article,hierarchical,target_acts,q4eu_036,N,RI,4,10,0.1,0.25,0.14285714285714288,0.25,1.0,0.3903800499921017,10,1
hier_article,hierarchical,target_acts,q4eu_037,H,B,3,5,0.4,0.6666666666666666,0.5,0.3333333333333333,0.5,0.4776237035032179,5,2
hier_article,hierarchical,target_acts,q4eu_037,H,B,3,10,0.3,1.0,0.4615384615384615,0.3333333333333333,0.5,0.6132756769356656,10,3
hier_article,hierarchical,target_acts,q4eu_038,H,B,3,5,0.4,0.6666666666666666,0.5,0.6666666666666666,1.0,0.7653606369886217,5,2
hier_article,hierarchical,target_acts,q4eu_038,H,B,3,10,0.2,0.6666666666666666,0.30769230769230765,0.6666666666666666,1.0,0.7653606369886217,10,2
hier_article,hierarchical,target_acts,q4eu_039,N,RII,22,5,0.6,0.13636363636363635,0.22222222222222218,0.13636363636363635,0.5,0.5296347172140421,5,3
hier_article,hierarchical,target_acts,q4eu_039,N,RII,22,10,0.4,0.18181818181818182,0.25000000000000006,0.18181818181818182,0.5,0.4073174795910971,10,4
hier_article,hierarchical,target_acts,q4eu_040,H,RI,4,5,0.2,0.25,0.22222222222222224,0.25,0.3333333333333333,0.19519002499605084,5,1
hier_article,hierarchical,target_acts,q4eu_040,H,RI,4,10,0.2,0.5,0.28571428571428575,0.25,0.3333333333333333,0.33424620450682646,10,2
hier_article,hierarchical,target_acts,q4eu_041,N,B,5,5,0.6,0.6,0.6,0.6,1.0,0.7227265726449519,5,3
hier_article,hierarchical,target_acts,q4eu_041,N,B,5,10,0.4,0.8,0.5333333333333333,0.6,1.0,0.8435378753444459,10,4
hier_article,hierarchical,target_acts,q4eu_042,L,RI,2,5,0.2,0.5,0.28571428571428575,0.0,0.3333333333333333,0.3065735963827292,5,1
hier_article,hierarchical,target_acts,q4eu_042,L,RI,2,10,0.2,1.0,0.33333333333333337,0.0,0.3333333333333333,0.5249810332008933,10,2
hier_article,hierarchical,target_acts,q4eu_043,N,B;RI,2,5,0.4,1.0,0.5714285714285715,1.0,1.0,1.0,5,2
hier_article,hierarchical,target_acts,q4eu_043,N,B;RI,2,10,0.2,1.0,0.33333333333333337,1.0,1.0,1.0,10,2
hier_article,hierarchical,target_acts,q4eu_044,L,RI,4,5,0.6,0.75,0.6666666666666665,0.75,1.0,0.8318724637288826,5,3
hier_article,hierarchical,target_acts,q4eu_044,L,RI,4,10,0.4,1.0,0.5714285714285715,0.75,1.0,0.9493885684853096,10,4
hier_article,hierarchical,target_acts,q4eu_045,N,B,4,5,0.6,0.75,0.6666666666666665,0.5,1.0,0.787702056960637,5,3
hier_article,hierarchical,target_acts,q4eu_045,N,B,4,10,0.4,1.0,0.5714285714285715,0.5,1.0,0.9267582364714125,10,4
hier_article,hierarchical,target_acts,q4eu_046,H,B,5,5,0.6,0.6,0.6,0.6,1.0,0.7227265726449519,5,3
hier_article,hierarchical,target_acts,q4eu_046,H,B,5,10,0.3,0.6,0.4,0.6,1.0,0.7227265726449519,10,3
hier_article,hierarchical,target_acts,q4eu_047,N,W,5,5,0.4,0.4,0.4000000000000001,0.4,1.0,0.5087403079104241,5,2
hier_article,hierarchical,target_acts,q4eu_047,N,W,5,10,0.3,0.6,0.4,0.4,1.0,0.6295516106099184,10,3
hier_article,hierarchical,target_acts,q4eu_048,L,W,3,5,0.2,0.3333333333333333,0.25,0.3333333333333333,1.0,0.46927872602275644,5,1
hier_article,hierarchical,target_acts,q4eu_048,L,W,3,10,0.1,0.3333333333333333,0.15384615384615383,0.3333333333333333,1.0,0.46927872602275644,10,1
hier_article,hierarchical,target_acts,q4eu_049,N,W,3,5,0.2,0.3333333333333333,0.25,0.3333333333333333,1.0,0.46927872602275644,5,1
hier_article,hierarchical,target_acts,q4eu_049,N,W,3,10,0.2,0.6666666666666666,0.30769230769230765,0.3333333333333333,1.0,0.6049306994552042,10,2
hier_article,hierarchical,target_acts,q4eu_050,H,W,2,5,0.2,0.5,0.28571428571428575,0.0,0.3333333333333333,0.3065735963827292,5,1
hier_article,hierarchical,target_acts,q4eu_050,H,W,2,10,0.2,1.0,0.33333333333333337,0.0,0.3333333333333333,0.4911492931622974,10,2
hier_article,hierarchical,target_acts,q4eu_051,L,W,5,5,0.8,0.8,0.8000000000000002,0.8,1.0,0.8687949224876582,5,4
hier_article,hierarchical,target_acts,q4eu_051,L,W,5,10,0.4,0.8,0.5333333333333333,0.8,1.0,0.8687949224876582,10,4
hier_article,hierarchical,target_acts,q4eu_052,H,W,1,5,0.2,1.0,0.33333333333333337,0.0,0.5,0.6309297535714575,5,1
hier_article,hierarchical,target_acts,q4eu_052,H,W,1,10,0.1,1.0,0.18181818181818182,0.0,0.5,0.6309297535714575,10,1
hier_article,hierarchical,target_acts,q4eu_053,N,W,2,5,0.2,0.5,0.28571428571428575,0.5,1.0,0.6131471927654584,5,1
hier_article,hierarchical,target_acts,q4eu_053,N,W,2,10,0.1,0.5,0.16666666666666669,0.5,1.0,0.6131471927654584,10,1
hier_article,hierarchical,target_acts,q4eu_054,L,W,4,5,0.0,0.0,0.0,0.0,0.0,0.0,5,0
hier_article,hierarchical,target_acts,q4eu_054,L,W,4,10,0.0,0.0,0.0,0.0,0.0,0.0,10,0
hier_article,hierarchical,target_acts,q4eu_055,H,W,1,5,0.2,1.0,0.33333333333333337,1.0,1.0,1.0,5,1
hier_article,hierarchical,target_acts,q4eu_055,H,W,1,10,0.1,1.0,0.18181818181818182,1.0,1.0,1.0,10,1
hier_article,hierarchical,target_acts,q4eu_056,L,W,4,5,0.4,0.5,0.4444444444444445,0.5,1.0,0.5855700749881525,5,2
hier_article,hierarchical,target_acts,q4eu_056,L,W,4,10,0.2,0.5,0.28571428571428575,0.5,1.0,0.5855700749881525,10,2
hier_article,hierarchical,target_acts,q4eu_057,N,W,4,5,0.4,0.5,0.4444444444444445,0.5,1.0,0.6366824387328317,5,2
hier_article,hierarchical,target_acts,q4eu_057,N,W,4,10,0.3,0.75,0.4285714285714285,0.5,1.0,0.7495275800817669,10,3
hier_article,hierarchical,target_acts,q4eu_058,N,W,4,5,0.4,0.5,0.4444444444444445,0.5,1.0,0.5585075862632192,5,2
hier_article,hierarchical,target_acts,q4eu_058,N,W,4,10,0.2,0.5,0.28571428571428575,0.5,1.0,0.5585075862632192,10,2
hier_article,hierarchical,target_acts,q4eu_059,H,W,3,5,0.2,0.3333333333333333,0.25,0.3333333333333333,1.0,0.46927872602275644,5,1
hier_article,hierarchical,target_acts,q4eu_059,H,W,3,10,0.2,0.6666666666666666,0.30769230769230765,0.3333333333333333,1.0,0.6049306994552042,10,2
hier_article,hierarchical,target_acts,q4eu_060,L,W,4,5,0.2,0.25,0.22222222222222224,0.25,0.25,0.16812753627111746,5,1
hier_article,hierarchical,target_acts,q4eu_060,L,W,4,10,0.1,0.25,0.14285714285714288,0.25,0.25,0.16812753627111746,10,1
hier_article,hierarchical,target_acts,q4eu_061,H,W,2,5,0.2,0.5,0.28571428571428575,0.5,1.0,0.6131471927654584,5,1
hier_article,hierarchical,target_acts,q4eu_061,H,W,2,10,0.1,0.5,0.16666666666666669,0.5,1.0,0.6131471927654584,10,1
hier_article,hierarchical,target_acts,q4eu_062,H,W,2,5,0.2,0.5,0.28571428571428575,0.5,1.0,0.6131471927654584,5,1
hier_article,hierarchical,target_acts,q4eu_062,H,W,2,10,0.1,0.5,0.16666666666666669,0.5,1.0,0.6131471927654584,10,1
hier_article,hierarchical,target_acts,q4eu_063,N,W,2,5,0.2,0.5,0.28571428571428575,0.5,1.0,0.6131471927654584,5,1
hier_article,hierarchical,target_acts,q4eu_063,N,W,2,10,0.1,0.5,0.16666666666666669,0.5,1.0,0.6131471927654584,10,1
hier_article,hierarchical,target_acts,q4eu_064,N,W,3,5,0.6,1.0,0.7499999999999999,0.6666666666666666,1.0,0.9469024295259745,5,3
hier_article,hierarchical,target_acts,q4eu_064,N,W,3,10,0.3,1.0,0.4615384615384615,0.6666666666666666,1.0,0.9469024295259745,10,3
hier_article,hierarchical,target_acts,q4eu_065,L,W,6,5,0.6,0.5,0.5454545454545454,0.5,1.0,0.639945385422766,5,3
hier_article,hierarchical,target_acts,q4eu_065,L,W,6,10,0.5,0.8333333333333334,0.625,0.6666666666666666,1.0,0.7796228390769658,10,5
hier_article,hierarchical,target_acts,q4eu_066,H,W,1,5,0.2,1.0,0.33333333333333337,1.0,1.0,1.0,5,1
hier_article,hierarchical,target_acts,q4eu_066,H,W,1,10,0.1,1.0,0.18181818181818182,1.0,1.0,1.0,10,1
hier_article,hierarchical,target_acts,q4eu_067,L,W,3,5,0.2,0.3333333333333333,0.25,0.3333333333333333,1.0,0.46927872602275644,5,1
hier_article,hierarchical,target_acts,q4eu_067,L,W,3,10,0.1,0.3333333333333333,0.15384615384615383,0.3333333333333333,1.0,0.46927872602275644,10,1
hier_article,hierarchical,target_acts,q4eu_068,L,B;RI;RII,6,5,0.2,0.16666666666666666,0.1818181818181818,0.16666666666666666,1.0,0.3391602052736161,5,1
hier_article,hierarchical,target_acts,q4eu_068,L,B;RI;RII,6,10,0.2,0.3333333333333333,0.25,0.3333333333333333,1.0,0.41039156802332444,10,2
hier_article,hierarchical,target_acts,q4eu_069,L,RI,5,5,0.2,0.2,0.20000000000000004,0.2,0.3333333333333333,0.16958010263680806,5,1
hier_article,hierarchical,target_acts,q4eu_069,L,RI,5,10,0.2,0.4,0.26666666666666666,0.2,0.3333333333333333,0.29039140533630226,10,2
hier_article,hierarchical,target_acts,q4eu_070,H,RII,4,5,0.6,0.75,0.6666666666666665,0.75,1.0,0.8048099750039491,5,3
hier_article,hierarchical,target_acts,q4eu_070,H,RII,4,10,0.3,0.75,0.4285714285714285,0.75,1.0,0.8048099750039491,10,3
hier_article,hierarchical,target_acts,q4eu_071,N,B,2,5,0.2,0.5,0.28571428571428575,0.5,1.0,0.6131471927654584,5,1
hier_article,hierarchical,target_acts,q4eu_071,N,B,2,10,0.2,1.0,0.33333333333333337,0.5,1.0,0.8175295903539445,10,2
hier_article,hierarchical,target_acts,q4eu_072,L,G,3,5,0.0,0.0,0.0,0.0,0.0,0.0,5,0
hier_article,hierarchical,target_acts,q4eu_072,L,G,3,10,0.2,0.6666666666666666,0.30769230769230765,0.0,0.125,0.2893079283427616,10,2
hier_paragraph,hierarchical,all_acts,q4eu_001,H,E,3,5,0.75,1.0,0.8571428571428571,1.0,1.0,1.0,4,3
hier_paragraph,hierarchical,all_acts,q4eu_001,H,E,3,10,0.375,1.0,0.5454545454545454,1.0,1.0,1.0,8,3
hier_paragraph,hierarchical,all_acts,q4eu_002,N,E,2,5,0.0,0.0,0.0,0.0,0.0,0.0,4,0
hier_paragraph,hierarchical,all_acts,q4eu_002,N,E,2,10,0.1111111111111111,0.5,0.1818181818181818,0.0,0.16666666666666666,0.21840743681816419,9,1
hier_paragraph,hierarchical,all_acts,q4eu_003,L,E,2,5,0.25,0.5,0.3333333333333333,0.5,0.5,0.38685280723454163,4,1
hier_paragraph,hierarchical,all_acts,q4eu_003,L,E,2,10,0.125,0.5,0.2,0.5,0.5,0.38685280723454163,8,1
hier_paragraph,hierarchical,all_acts,q4eu_004,N,E,2,5,0.5,1.0,0.6666666666666666,0.5,1.0,0.9197207891481876,4,2
hier_paragraph,hierarchical,all_acts,q4eu_004,N,E,2,10,0.2857142857142857,1.0,0.4444444444444445,0.5,1.0,0.9197207891481876,7,2
hier_paragraph,hierarchical,all_acts,q4eu_005,L,E,2,5,0.2,0.5,0.28571428571428575,0.5,1.0,0.6131471927654584,5,1
hier_paragraph,hierarchical,all_acts,q4eu_005,L,E,2,10,0.14285714285714285,0.5,0.22222222222222224,0.5,1.0,0.6131471927654584,7,1
hier_paragraph,hierarchical,all_acts,q4eu_006,N,E,2,5,0.4,1.0,0.5714285714285715,1.0,1.0,1.0,5,2
hier_paragraph,hierarchical,all_acts,q4eu_006,N,E,2,10,0.2222222222222222,1.0,0.3636363636363636,1.0,1.0,1.0,9,2
hier_paragraph,hierarchical,all_acts,q4eu_007,H,E,1,5,0.25,1.0,0.4,1.0,1.0,1.0,4,1
hier_paragraph,hierarchical,all_acts,q4eu_007,H,E,1,10,0.1111111111111111,1.0,0.19999999999999998,1.0,1.0,1.0,9,1
hier_paragraph,hierarchical,all_acts,q4eu_008,L,E,2,5,0.0,0.0,0.0,0.0,0.0,0.0,4,0
hier_paragraph,hierarchical,all_acts,q4eu_008,L,E,2,10,0.0,0.0,0.0,0.0,0.0,0.0,9,0
hier_paragraph,hierarchical,all_acts,q4eu_009,H,E,2,5,0.2,0.5,0.28571428571428575,0.5,1.0,0.6131471927654584,5,1
hier_paragraph,hierarchical,all_acts,q4eu_009,H,E,2,10,0.2222222222222222,1.0,0.3636363636363636,0.5,1.0,0.8175295903539445,9,2
hier_paragraph,hierarchical,all_acts,q4eu_010,H,E,1,5,0.25,1.0,0.4,1.0,1.0,1.0,4,1
hier_paragraph,hierarchical,all_acts,q4eu_010,H,E,1,10,0.16666666666666666,1.0,0.2857142857142857,1.0,1.0,1.0,6,1
hier_paragraph,hierarchical,all_acts,q4eu_011,L,E,5,5,0.4,0.4,0.4000000000000001,0.4,0.5,0.34519134224686937,5,2
hier_paragraph,hierarchical,all_acts,q4eu_011,L,E,5,10,0.3,0.6,0.4,0.4,0.5,0.4660026449463635,10,3
hier_paragraph,hierarchical,all_acts,q4eu_012,N,E,4,5,0.8,1.0,0.888888888888889,0.75,1.0,0.9828920819566879,5,4
hier_paragraph,hierarchical,all_acts,q4eu_012,N,E,4,10,0.5714285714285714,1.0,0.7272727272727273,0.75,1.0,0.9828920819566879,7,4
hier_paragraph,hierarchical,all_acts,q4eu_013,N,E,2,5,0.5,1.0,0.6666666666666666,1.0,1.0,1.0,4,2
hier_paragraph,hierarchical,all_acts,q4eu_013,N,E,2,10,0.2222222222222222,1.0,0.3636363636363636,1.0,1.0,1.0,9,2
hier_paragraph,hierarchical,all_acts,q4eu_014,N,E,2,5,0.3333333333333333,0.5,0.4,0.5,1.0,0.6131471927654584,3,1
hier_paragraph,hierarchical,all_acts,q4eu_014,N,E,2,10,0.14285714285714285,0.5,0.22222222222222224,0.5,1.0,0.6131471927654584,7,1
hier_paragraph,hierarchical,all_acts,q4eu_015,H,E,1,5,0.5,1.0,0.6666666666666666,1.0,1.0,1.0,2,1
hier_paragraph,hierarchical,all_acts,q4eu_015,H,E,1,10,0.16666666666666666,1.0,0.2857142857142857,1.0,1.0,1.0,6,1
hier_paragraph,hierarchical,all_acts,q4eu_016,N,E,2,5,0.2,0.5,0.28571428571428575,0.5,1.0,0.6131471927654584,5,1
hier_paragraph,hierarchical,all_acts,q4eu_016,N,E,2,10,0.2222222222222222,1.0,0.3636363636363636,0.5,1.0,0.8065735963827293,9,2
hier_paragraph,hierarchical,all_acts,q4eu_017,L,E,2,5,0.4,1.0,0.5714285714285715,0.5,0.5,0.6509209298071326,5,2
hier_paragraph,hierarchical,all_acts,q4eu_017,L,E,2,10,0.2222222222222222,1.0,0.3636363636363636,0.5,0.5,0.6509209298071326,9,2
hier_paragraph,hierarchical,all_acts,q4eu_018,H,G,1,5,0.2,1.0,0.33333333333333337,0.0,0.2,0.38685280723454163,5,1
hier_paragraph,hierarchical,all_acts,q4eu_018,H,G,1,10,0.14285714285714285,1.0,0.25,0.0,0.2,0.38685280723454163,7,1
hier_paragraph,hierarchical,all_acts,q4eu_019,N,G,1,5,0.2,1.0,0.33333333333333337,0.0,0.5,0.6309297535714575,5,1
hier_paragraph,hierarchical,all_acts,q4eu_019,N,G,1,10,0.125,1.0,0.2222222222222222,0.0,0.5,0.6309297535714575,8,1
hier_paragraph,hierarchical,all_acts,q4eu_020,L,G,6,5,0.75,0.5,0.6,0.5,1.0,0.8048099750039491,4,3
hier_paragraph,hierarchical,all_acts,q4eu_020,L,G,6,10,0.375,0.5,0.42857142857142855,0.5,1.0,0.6238470455881189,8,3
hier_paragraph,hierarchical,all_acts,q4eu_021,N,G,2,5,0.25,0.5,0.3333333333333333,0.0,0.25,0.2640681225725909,4,1
hier_paragraph,hierarchical,all_acts,q4eu_021,N,G,2,10,0.125,0.5,0.2,0.0,0.25,0.2640681225725909,8,1
hier_paragraph,hierarchical,all_acts,q4eu_022,L,G,5,5,0.25,0.2,0.22222222222222224,0.2,0.3333333333333333,0.19519002499605084,4,1
hier_paragraph,hierarchical,all_acts,q4eu_022,L,G,5,10,0.125,0.2,0.15384615384615385,0.2,0.3333333333333333,0.16958010263680806,8,1
hier_paragraph,hierarchical,all_acts,q4eu_023,N,G,2,5,0.4,1.0,0.5714285714285715,0.5,0.5,0.6509209298071326,5,2
hier_paragraph,hierarchical,all_acts,q4eu_023,N,G,2,10,0.25,1.0,0.4,0.5,0.5,0.6509209298071326,8,2
hier_paragraph,hierarchical,all_acts,q4eu_024,H,G,3,5,0.6,1.0,0.7499999999999999,0.6666666666666666,1.0,0.9060254355346823,5,3
hier_paragraph,hierarchical,all_acts,q4eu_024,H,G,3,10,0.3333333333333333,1.0,0.5,0.6666666666666666,1.0,0.9060254355346823,9,3
hier_paragraph,hierarchical,all_acts,q4eu_025,L,G,8,5,0.4,0.25,0.3076923076923077,0.25,1.0,0.5087403079104241,5,2
hier_paragraph,hierarchical,all_acts,q4eu_025,L,G,8,10,0.2,0.25,0.22222222222222224,0.25,1.0,0.3794140541514857,10,2
hier_paragraph,hierarchical,all_acts,q4eu_026,H,G,1,5,0.2,1.0,0.33333333333333337,1.0,1.0,1.0,5,1
hier_paragraph,hierarchical,all_acts,q4eu_026,H,G,1,10,0.1,1.0,0.18181818181818182,1.0,1.0,1.0,10,1
hier_paragraph,hierarchical,all_acts,q4eu_027,H,G,1,5,0.25,1.0,0.4,1.0,1.0,1.0,4,1
hier_paragraph,hierarchical,all_acts,q4eu_027,H,G,1,10,0.1111111111111111,1.0,0.19999999999999998,1.0,1.0,1.0,9,1
hier_paragraph,hierarchical,all_acts,q4eu_028,N,G,4,5,0.5,0.5,0.5,0.5,1.0,0.5855700749881525,4,2
hier_paragraph,hierarchical,all_acts,q4eu_028,N,G,4,10,0.2222222222222222,0.5,0.30769230769230765,0.5,1.0,0.5855700749881525,9,2
hier_paragraph,hierarchical,all_acts,q4eu_029,N,G,2,5,0.25,0.5,0.3333333333333333,0.5,1.0,0.6131471927654584,4,1
hier_paragraph,hierarchical,all_acts,q4eu_029,N,G,2,10,0.14285714285714285,0.5,0.22222222222222224,0.5,1.0,0.6131471927654584,7,1
hier_paragraph,hierarchical,all_acts,q4eu_030,N,G,4,5,0.2,0.25,0.22222222222222224,0.25,0.5,0.24630238874073,5,1
hier_paragraph,hierarchical,all_acts,q4eu_030,N,G,4,10,0.1,0.25,0.14285714285714288,0.25,0.5,0.24630238874073,10,1
hier_paragraph,hierarchical,all_acts,q4eu_031,H,G,3,5,0.5,0.6666666666666666,0.5714285714285715,0.6666666666666666,0.5,0.5307212739772434,4,2
hier_paragraph,hierarchical,all_acts,q4eu_031,H,G,3,10,0.25,0.6666666666666666,0.36363636363636365,0.6666666666666666,0.5,0.5307212739772434,8,2
hier_paragraph,hierarchical,all_acts,q4eu_032,N,G,3,5,0.4,0.6666666666666666,0.5,0.3333333333333333,1.0,0.6508205185601091,5,2
hier_paragraph,hierarchical,all_acts,q4eu_032,N,G,3,10,0.2222222222222222,0.6666666666666666,0.3333333333333333,0.3333333333333333,1.0,0.6508205185601091,9,2
hier_paragraph,hierarchical,all_acts,q4eu_033,L,G,6,5,1.0,0.8333333333333334,0.9090909090909091,0.8333333333333334,1.0,1.0,5,5
hier_paragraph,hierarchical,all_acts,q4eu_033,L,G,6,10,0.8571428571428571,1.0,0.923076923076923,1.0,1.0,1.0,7,6
hier_paragraph,hierarchical,all_acts,q4eu_034,L,B,3,5,0.0,0.0,0.0,0.0,0.0,0.0,5,0
hier_paragraph,hierarchical,all_acts,q4eu_034,L,B,3,10,0.0,0.0,0.0,0.0,0.0,0.0,10,0
hier_paragraph,hierarchical,all_acts,q4eu_035,N,B,4,5,0.25,0.25,0.25,0.25,0.5,0.24630238874073,4,1
hier_paragraph,hierarchical,all_acts,q4eu_035,N,B,4,10,0.1111111111111111,0.25,0.15384615384615383,0.25,0.5,0.24630238874073,9,1
hier_paragraph,hierarchical,all_acts,q4eu_036,N,RI,4,5,0.2,0.25,0.22222222222222224,0.25,1.0,0.3903800499921017,5,1
hier_paragraph,hierarchical,all_acts,q4eu_036,N,RI,4,10,0.1,0.25,0.14285714285714288,0.25,1.0,0.3903800499921017,10,1
hier_paragraph,hierarchical,all_acts,q4eu_037,H,B,3,5,0.4,0.6666666666666666,0.5,0.3333333333333333,1.0,0.6508205185601091,5,2
hier_paragraph,hierarchical,all_acts,q4eu_037,H,B,3,10,0.2,0.6666666666666666,0.30769230769230765,0.3333333333333333,1.0,0.6508205185601091,10,2
hier_paragraph,hierarchical,all_acts,q4eu_038,H,B,3,5,0.5,0.6666666666666666,0.5714285714285715,0.6666666666666666,1.0,0.7653606369886217,4,2
hier_paragraph,hierarchical,all_acts,q4eu_038,H,B,3,10,0.2222222222222222,0.6666666666666666,0.3333333333333333,0.6666666666666666,1.0,0.7653606369886217,9,2
hier_paragraph,hierarchical,all_acts,q4eu_039,N,RII,22,5,0.6,0.13636363636363635,0.22222222222222218,0.13636363636363635,1.0,0.639945385422766,5,3
hier_paragraph,hierarchical,all_acts,q4eu_039,N,RII,22,10,0.5555555555555556,0.22727272727272727,0.3225806451612903,0.22727272727272727,1.0,0.5926006319332827,9,5
hier_paragraph,hierarchical,all_acts,q4eu_040,H,RI,4,5,0.4,0.5,0.4444444444444445,0.5,1.0,0.5585075862632192,5,2
hier_paragraph,hierarchical,all_acts,q4eu_040,H,RI,4,10,0.2222222222222222,0.5,0.30769230769230765,0.5,1.0,0.5585075862632192,9,2
hier_paragraph,hierarchical,all_acts,q4eu_041,N,B,5,5,0.75,0.6,0.6666666666666665,0.6,1.0,0.8048099750039491,4,3
hier_paragraph,hierarchical,all_acts,q4eu_041,N,B,5,10,0.3333333333333333,0.6,0.42857142857142855,0.6,1.0,0.6992148198508501,9,3
hier_paragraph,hierarchical,all_acts,q4eu_042,L,RI,2,5,0.25,0.5,0.3333333333333333,0.5,1.0,0.6131471927654584,4,1
hier_paragraph,hierarchical,all_acts,q4eu_042,L,RI,2,10,0.25,1.0,0.4,0.5,1.0,0.8315546295836225,8,2
hier_paragraph,hierarchical,all_acts,q4eu_043,N,B;RI,2,5,0.4,1.0,0.5714285714285715,1.0,1.0,1.0,5,2
hier_paragraph,hierarchical,all_acts,q4eu_043,N,B;RI,2,10,0.2,1.0,0.33333333333333337,1.0,1.0,1.0,10,2
hier_paragraph,hierarchical,all_acts,q4eu_044,L,RI,4,5,0.5,0.5,0.5,0.5,1.0,0.6366824387328317,4,2
hier_paragraph,hierarchical,all_acts,q4eu_044,L,RI,4,10,0.25,0.5,0.3333333333333333,0.5,1.0,0.6366824387328317,8,2
hier_paragraph,hierarchical,all_acts,q4eu_045,N,B,4,5,0.8,1.0,0.888888888888889,1.0,1.0,1.0,5,4
hier_paragraph,hierarchical,all_acts,q4eu_045,N,B,4,10,0.4,1.0,0.5714285714285715,1.0,1.0,1.0,10,4
hier_paragraph,hierarchical,all_acts,q4eu_046,H,B,5,5,0.75,0.6,0.6666666666666665,0.6,1.0,0.8318724637288826,4,3
hier_paragraph,hierarchical,all_acts,q4eu_046,H,B,5,10,0.3333333333333333,0.6,0.42857142857142855,0.6,1.0,0.7227265726449519,9,3
hier_paragraph,hierarchical,all_acts,q4eu_047,N,W,5,5,0.2,0.2,0.20000000000000004,0.2,1.0,0.3391602052736161,5,1
hier_paragraph,hierarchical,all_acts,q4eu_047,N,W,5,10,0.2222222222222222,0.4,0.2857142857142857,0.2,1.0,0.4599715079731103,9,2
hier_paragraph,hierarchical,all_acts,q4eu_048,L,W,3,5,0.2,0.3333333333333333,0.25,0.3333333333333333,0.5,0.2960819109658652,5,1
hier_paragraph,hierarchical,all_acts,q4eu_048,L,W,3,10,0.1,0.3333333333333333,0.15384615384615383,0.3333333333333333,0.5,0.2960819109658652,10,1
hier_paragraph,hierarchical,all_acts,q4eu_049,N,W,3,5,0.25,0.3333333333333333,0.28571428571428575,0.3333333333333333,1.0,0.46927872602275644,4,1
hier_paragraph,hierarchical,all_acts,q4eu_049,N,W,3,10,0.2222222222222222,0.6666666666666666,0.3333333333333333,0.3333333333333333,1.0,0.6257049680303419,9,2
hier_paragraph,hierarchical,all_acts,q4eu_050,H,W,2,5,0.25,0.5,0.3333333333333333,0.5,1.0,0.6131471927654584,4,1
hier_paragraph,hierarchical,all_acts,q4eu_050,H,W,2,10,0.16666666666666666,0.5,0.25,0.5,1.0,0.6131471927654584,6,1
hier_paragraph,hierarchical,all_acts,q4eu_051,L,W,5,5,1.0,0.8,0.888888888888889,0.8,1.0,1.0,4,4
hier_paragraph,hierarchical,all_acts,q4eu_051,L,W,5,10,0.4444444444444444,0.8,0.5714285714285714,0.8,1.0,0.8687949224876582,9,4
hier_paragraph,hierarchical,all_acts,q4eu_052,H,W,1,5,0.2,1.0,0.33333333333333337,1.0,1.0,1.0,5,1
hier_paragraph,hierarchical,all_acts,q4eu_052,H,W,1,10,0.125,1.0,0.2222222222222222,1.0,1.0,1.0,8,1
hier_paragraph,hierarchical,all_acts,q4eu_053,N,W,2,5,0.4,1.0,0.5714285714285715,0.5,1.0,0.8772153153380493,5,2
hier_paragraph,hierarchical,all_acts,q4eu_053,N,W,2,10,0.25,1.0,0.4,0.5,1.0,0.8772153153380493,8,2
hier_paragraph,hierarchical,all_acts,q4eu_054,L,W,4,5,0.2,0.25,0.22222222222222224,0.25,0.3333333333333333,0.19519002499605084,5,1
hier_paragraph,hierarchical,all_acts,q4eu_054,L,W,4,10,0.125,0.25,0.16666666666666666,0.25,0.3333333333333333,0.19519002499605084,8,1
hier_paragraph,hierarchical,all_acts,q4eu_055,H,W,1,5,0.2,1.0,0.33333333333333337,0.0,0.5,0.6309297535714575,5,1
hier_paragraph,hierarchical,all_acts,q4eu_055,H,W,1,10,0.14285714285714285,1.0,0.25,0.0,0.5,0.6309297535714575,7,1
hier_paragraph,hierarchical,all_acts,q4eu_056,L,W,4,5,0.3333333333333333,0.25,0.28571428571428575,0.25,1.0,0.46927872602275644,3,1
hier_paragraph,hierarchical,all_acts,q4eu_056,L,W,4,10,0.5,0.75,0.6,0.5,1.0,0.7095272044910244,6,3
hier_paragraph,hierarchical,all_acts,q4eu_057,N,W,4,5,0.6,0.75,0.6666666666666665,0.5,1.0,0.787702056960637,5,3
hier_paragraph,hierarchical,all_acts,q4eu_057,N,W,4,10,0.42857142857142855,0.75,0.5454545454545454,0.5,1.0,0.787702056960637,7,3
hier_paragraph,hierarchical,all_acts,q4eu_058,N,W,4,5,0.5,0.5,0.5,0.5,1.0,0.5855700749881525,4,2
hier_paragraph,hierarchical,all_acts,q4eu_058,N,W,4,10,0.25,0.5,0.3333333333333333,0.5,1.0,0.5855700749881525,8,2
hier_paragraph,hierarchical,all_acts,q4eu_059,H,W,3,5,0.2,0.3333333333333333,0.25,0.3333333333333333,1.0,0.46927872602275644,5,1
hier_paragraph,hierarchical,all_acts,q4eu_059,H,W,3,10,0.1,0.3333333333333333,0.15384615384615383,0.3333333333333333,1.0,0.46927872602275644,10,1
hier_paragraph,hierarchical,all_acts,q4eu_060,L,W,4,5,0.0,0.0,0.0,0.0,0.0,0.0,5,0
hier_paragraph,hierarchical,all_acts,q4eu_060,L,W,4,10,0.0,0.0,0.0,0.0,0.0,0.0,10,0
hier_paragraph,hierarchical,all_acts,q4eu_061,H,W,2,5,0.2,0.5,0.28571428571428575,0.5,1.0,0.6131471927654584,5,1
hier_paragraph,hierarchical,all_acts,q4eu_061,H,W,2,10,0.1111111111111111,0.5,0.1818181818181818,0.5,1.0,0.6131471927654584,9,1
hier_paragraph,hierarchical,all_acts,q4eu_062,H,W,2,5,0.2,0.5,0.28571428571428575,0.5,1.0,0.6131471927654584,5,1
hier_paragraph,hierarchical,all_acts,q4eu_062,H,W,2,10,0.1111111111111111,0.5,0.1818181818181818,0.5,1.0,0.6131471927654584,9,1
hier_paragraph,hierarchical,all_acts,q4eu_063,N,W,2,5,0.3333333333333333,0.5,0.4,0.5,1.0,0.6131471927654584,3,1
hier_paragraph,hierarchical,all_acts,q4eu_063,N,W,2,10,0.14285714285714285,0.5,0.22222222222222224,0.5,1.0,0.6131471927654584,7,1
hier_paragraph,hierarchical,all_acts,q4eu_064,N,W,3,5,0.5,0.6666666666666666,0.5714285714285715,0.6666666666666666,1.0,0.7653606369886217,4,2
hier_paragraph,hierarchical,all_acts,q4eu_064,N,W,3,10,0.3333333333333333,1.0,0.5,0.6666666666666666,1.0,0.9066276098484507,9,3
hier_paragraph,hierarchical,all_acts,q4eu_065,L,W,6,5,1.0,0.5,0.6666666666666666,0.5,1.0,1.0,3,3
hier_paragraph,hierarchical,all_acts,q4eu_065,L,W,6,10,0.5714285714285714,0.6666666666666666,0.6153846153846153,0.6666666666666666,1.0,0.7618870795651186,7,4
hier_paragraph,hierarchical,all_acts,q4eu_066,H,W,1,5,0.2,1.0,0.33333333333333337,1.0,1.0,1.0,5,1
hier_paragraph,hierarchical,all_acts,q4eu_066,H,W,1,10,0.1,1.0,0.18181818181818182,1.0,1.0,1.0,10,1
hier_paragraph,hierarchical,all_acts,q4eu_067,L,W,3,5,0.2,0.3333333333333333,0.25,0.3333333333333333,1.0,0.46927872602275644,5,1
hier_paragraph,hierarchical,all_acts,q4eu_067,L,W,3,10,0.1111111111111111,0.3333333333333333,0.16666666666666666,0.3333333333333333,1.0,0.46927872602275644,9,1
hier_paragraph,hierarchical,all_acts,q4eu_068,L,B;RI;RII,6,5,0.2,0.16666666666666666,0.1818181818181818,0.16666666666666666,1.0,0.3391602052736161,5,1
hier_paragraph,hierarchical,all_acts,q4eu_068,L,B;RI;RII,6,10,0.1,0.16666666666666666,0.125,0.16666666666666666,1.0,0.3026024134988135,10,1
hier_paragraph,hierarchical,all_acts,q4eu_069,L,RI,5,5,0.4,0.4,0.4000000000000001,0.4,0.3333333333333333,0.30078518014914984,5,2
hier_paragraph,hierarchical,all_acts,q4eu_069,L,RI,5,10,0.2,0.4,0.26666666666666666,0.4,0.3333333333333333,0.30078518014914984,10,2
hier_paragraph,hierarchical,all_acts,q4eu_070,H,RII,4,5,0.6,0.75,0.6666666666666665,0.75,1.0,0.8048099750039491,5,3
hier_paragraph,hierarchical,all_acts,q4eu_070,H,RII,4,10,0.3333333333333333,0.75,0.46153846153846156,0.75,1.0,0.8048099750039491,9,3
hier_paragraph,hierarchical,all_acts,q4eu_071,N,B,2,5,0.2,0.5,0.28571428571428575,0.5,1.0,0.6131471927654584,5,1
hier_paragraph,hierarchical,all_acts,q4eu_071,N,B,2,10,0.1,0.5,0.16666666666666669,0.5,1.0,0.6131471927654584,10,1
hier_paragraph,hierarchical,all_acts,q4eu_072,L,G,3,5,0.0,0.0,0.0,0.0,0.0,0.0,5,0
hier_paragraph,hierarchical,all_acts,q4eu_072,L,G,3,10,0.0,0.0,0.0,0.0,0.0,0.0,10,0
hier_paragraph,hierarchical,pil_acts,q4eu_034,L,B,3,5,0.0,0.0,0.0,0.0,0.0,0.0,5,0
hier_paragraph,hierarchical,pil_acts,q4eu_034,L,B,3,10,0.0,0.0,0.0,0.0,0.0,0.0,10,0
hier_paragraph,hierarchical,pil_acts,q4eu_035,N,B,4,5,0.25,0.25,0.25,0.25,0.5,0.24630238874073,4,1
hier_paragraph,hierarchical,pil_acts,q4eu_035,N,B,4,10,0.1111111111111111,0.25,0.15384615384615383,0.25,0.5,0.24630238874073,9,1
hier_paragraph,hierarchical,pil_acts,q4eu_036,N,RI,4,5,0.2,0.25,0.22222222222222224,0.25,1.0,0.3903800499921017,5,1
hier_paragraph,hierarchical,pil_acts,q4eu_036,N,RI,4,10,0.1,0.25,0.14285714285714288,0.25,1.0,0.3903800499921017,10,1
hier_paragraph,hierarchical,pil_acts,q4eu_037,H,B,3,5,0.4,0.6666666666666666,0.5,0.3333333333333333,1.0,0.6713860725233041,5,2
hier_paragraph,hierarchical,pil_acts,q4eu_037,H,B,3,10,0.2,0.6666666666666666,0.30769230769230765,0.3333333333333333,1.0,0.6713860725233041,10,2
hier_paragraph,hierarchical,pil_acts,q4eu_038,H,B,3,5,0.5,0.6666666666666666,0.5714285714285715,0.6666666666666666,1.0,0.7653606369886217,4,2
hier_paragraph,hierarchical,pil_acts,q4eu_038,H,B,3,10,0.2222222222222222,0.6666666666666666,0.3333333333333333,0.6666666666666666,1.0,0.7653606369886217,9,2
hier_paragraph,hierarchical,pil_acts,q4eu_039,N,RII,22,5,0.6,0.13636363636363635,0.22222222222222218,0.13636363636363635,1.0,0.639945385422766,5,3
hier_paragraph,hierarchical,pil_acts,q4eu_039,N,RII,22,10,0.5555555555555556,0.22727272727272727,0.3225806451612903,0.22727272727272727,1.0,0.5926006319332827,9,5
hier_paragraph,hierarchical,pil_acts,q4eu_040,H,RI,4,5,0.4,0.5,0.4444444444444445,0.5,1.0,0.5585075862632192,5,2
hier_paragraph,hierarchical,pil_acts,q4eu_040,H,RI,4,10,0.2222222222222222,0.5,0.30769230769230765,0.5,1.0,0.5585075862632192,9,2
hier_paragraph,hierarchical,pil_acts,q4eu_041,N,B,5,5,0.75,0.6,0.6666666666666665,0.6,1.0,0.8048099750039491,4,3
hier_paragraph,hierarchical,pil_acts,q4eu_041,N,B,5,10,0.3333333333333333,0.6,0.42857142857142855,0.6,1.0,0.6992148198508501,9,3
hier_paragraph,hierarchical,pil_acts,q4eu_042,L,RI,2,5,0.25,0.5,0.3333333333333333,0.5,1.0,0.6131471927654584,4,1
hier_paragraph,hierarchical,pil_acts,q4eu_042,L,RI,2,10,0.25,1.0,0.4,0.5,1.0,0.8315546295836225,8,2
hier_paragraph,hierarchical,pil_acts,q4eu_043,N,B;RI,2,5,0.4,1.0,0.5714285714285715,1.0,1.0,1.0,5,2
hier_paragraph,hierarchical,pil_acts,q4eu_043,N,B;RI,2,10,0.2,1.0,0.33333333333333337,1.0,1.0,1.0,10,2
hier_paragraph,hierarchical,pil_acts,q4eu_044,L,RI,4,5,0.5,0.5,0.5,0.5,1.0,0.6366824387328317,4,2
hier_paragraph,hierarchical,pil_acts,q4eu_044,L,RI,4,10,0.3333333333333333,0.75,0.46153846153846156,0.5,1.0,0.7598336331031966,9,3
hier_paragraph,hierarchical,pil_acts,q4eu_045,N,B,4,5,0.8,1.0,0.888888888888889,1.0,1.0,1.0,5,4
hier_paragraph,hierarchical,pil_acts,q4eu_045,N,B,4,10,0.4,1.0,0.5714285714285715,1.0,1.0,1.0,10,4
hier_paragraph,hierarchical,pil_acts,q4eu_046,H,B,5,5,0.75,0.6,0.6666666666666665,0.6,1.0,0.8318724637288826,4,3
hier_paragraph,hierarchical,pil_acts,q4eu_046,H,B,5,10,0.3333333333333333,0.6,0.42857142857142855,0.6,1.0,0.7227265726449519,9,3
hier_paragraph,hierarchical,pil_acts,q4eu_068,L,B;RI;RII,6,5,0.2,0.16666666666666666,0.1818181818181818,0.16666666666666666,1.0,0.3391602052736161,5,1
hier_paragraph,hierarchical,pil_acts,q4eu_068,L,B;RI;RII,6,10,0.1,0.16666666666666666,0.125,0.16666666666666666,1.0,0.3026024134988135,10,1
hier_paragraph,hierarchical,pil_acts,q4eu_069,L,RI,5,5,0.4,0.4,0.4000000000000001,0.4,0.3333333333333333,0.30078518014914984,5,2
hier_paragraph,hierarchical,pil_acts,q4eu_069,L,RI,5,10,0.2,0.4,0.26666666666666666,0.4,0.3333333333333333,0.30078518014914984,10,2
hier_paragraph,hierarchical,pil_acts,q4eu_070,H,RII,4,5,0.6,0.75,0.6666666666666665,0.75,1.0,0.8048099750039491,5,3
hier_paragraph,hierarchical,pil_acts,q4eu_070,H,RII,4,10,0.3333333333333333,0.75,0.46153846153846156,0.75,1.0,0.8048099750039491,9,3
hier_paragraph,hierarchical,pil_acts,q4eu_071,N,B,2,5,0.2,0.5,0.28571428571428575,0.5,1.0,0.6131471927654584,5,1
hier_paragraph,hierarchical,pil_acts,q4eu_071,N,B,2,10,0.1,0.5,0.16666666666666669,0.5,1.0,0.6131471927654584,10,1
hier_paragraph,hierarchical,target_acts,q4eu_001,H,E,3,5,0.75,1.0,0.8571428571428571,1.0,1.0,1.0,4,3
hier_paragraph,hierarchical,target_acts,q4eu_001,H,E,3,10,0.375,1.0,0.5454545454545454,1.0,1.0,1.0,8,3
hier_paragraph,hierarchical,target_acts,q4eu_002,N,E,2,5,0.0,0.0,0.0,0.0,0.0,0.0,4,0
hier_paragraph,hierarchical,target_acts,q4eu_002,N,E,2,10,0.1111111111111111,0.5,0.1818181818181818,0.0,0.16666666666666666,0.21840743681816419,9,1
hier_paragraph,hierarchical,target_acts,q4eu_003,L,E,2,5,0.25,0.5,0.3333333333333333,0.5,0.5,0.38685280723454163,4,1
hier_paragraph,hierarchical,target_acts,q4eu_003,L,E,2,10,0.125,0.5,0.2,0.5,0.5,0.38685280723454163,8,1
hier_paragraph,hierarchical,target_acts,q4eu_004,N,E,2,5,0.5,1.0,0.6666666666666666,0.5,1.0,0.9197207891481876,4,2
hier_paragraph,hierarchical,target_acts,q4eu_004,N,E,2,10,0.2857142857142857,1.0,0.4444444444444445,0.5,1.0,0.9197207891481876,7,2
hier_paragraph,hierarchical,target_acts,q4eu_005,L,E,2,5,0.2,0.5,0.28571428571428575,0.5,1.0,0.6131471927654584,5,1
hier_paragraph,hierarchical,target_acts,q4eu_005,L,E,2,10,0.14285714285714285,0.5,0.22222222222222224,0.5,1.0,0.6131471927654584,7,1
hier_paragraph,hierarchical,target_acts,q4eu_006,N,E,2,5,0.4,1.0,0.5714285714285715,1.0,1.0,1.0,5,2
hier_paragraph,hierarchical,target_acts,q4eu_006,N,E,2,10,0.2222222222222222,1.0,0.3636363636363636,1.0,1.0,1.0,9,2
hier_paragraph,hierarchical,target_acts,q4eu_007,H,E,1,5,0.25,1.0,0.4,1.0,1.0,1.0,4,1
hier_paragraph,hierarchical,target_acts,q4eu_007,H,E,1,10,0.1111111111111111,1.0,0.19999999999999998,1.0,1.0,1.0,9,1
hier_paragraph,hierarchical,target_acts,q4eu_008,L,E,2,5,0.0,0.0,0.0,0.0,0.0,0.0,4,0
hier_paragraph,hierarchical,target_acts,q4eu_008,L,E,2,10,0.0,0.0,0.0,0.0,0.0,0.0,9,0
hier_paragraph,hierarchical,target_acts,q4eu_009,H,E,2,5,0.5,1.0,0.6666666666666666,0.5,1.0,0.9197207891481876,4,2
hier_paragraph,hierarchical,target_acts,q4eu_009,H,E,2,10,0.2857142857142857,1.0,0.4444444444444445,0.5,1.0,0.9197207891481876,7,2
hier_paragraph,hierarchical,target_acts,q4eu_010,H,E,1,5,0.25,1.0,0.4,1.0,1.0,1.0,4,1
hier_paragraph,hierarchical,target_acts,q4eu_010,H,E,1,10,0.16666666666666666,1.0,0.2857142857142857,1.0,1.0,1.0,6,1
hier_paragraph,hierarchical,target_acts,q4eu_011,L,E,5,5,0.4,0.4,0.4000000000000001,0.4,0.5,0.34519134224686937,5,2
hier_paragraph,hierarchical,target_acts,q4eu_011,L,E,5,10,0.3,0.6,0.4,0.4,0.5,0.4660026449463635,10,3
hier_paragraph,hierarchical,target_acts,q4eu_012,N,E,4,5,0.8,1.0,0.888888888888889,0.75,1.0,0.9828920819566879,5,4
hier_paragraph,hierarchical,target_acts,q4eu_012,N,E,4,10,0.5714285714285714,1.0,0.7272727272727273,0.75,1.0,0.9828920819566879,7,4
hier_paragraph,hierarchical,target_acts,q4eu_013,N,E,2,5,0.5,1.0,0.6666666666666666,1.0,1.0,1.0,4,2
hier_paragraph,hierarchical,target_acts,q4eu_013,N,E,2,10,0.2222222222222222,1.0,0.3636363636363636,1.0,1.0,1.0,9,2
hier_paragraph,hierarchical,target_acts,q4eu_014,N,E,2,5,0.3333333333333333,0.5,0.4,0.5,1.0,0.6131471927654584,3,1
hier_paragraph,hierarchical,target_acts,q4eu_014,N,E,2,10,0.14285714285714285,0.5,0.22222222222222224,0.5,1.0,0.6131471927654584,7,1
hier_paragraph,hierarchical,target_acts,q4eu_015,H,E,1,5,0.5,1.0,0.6666666666666666,1.0,1.0,1.0,2,1
hier_paragraph,hierarchical,target_acts,q4eu_015,H,E,1,10,0.16666666666666666,1.0,0.2857142857142857,1.0,1.0,1.0,6,1
hier_paragraph,hierarchical,target_acts,q4eu_016,N,E,2,5,0.2,0.5,0.28571428571428575,0.5,1.0,0.6131471927654584,5,1
hier_paragraph,hierarchical,target_acts,q4eu_016,N,E,2,10,0.2222222222222222,1.0,0.3636363636363636,0.5,1.0,0.8065735963827293,9,2
hier_paragraph,hierarchical,target_acts,q4eu_017,L,E,2,5,0.5,1.0,0.6666666666666666,0.5,0.5,0.6934264036172708,4,2
hier_paragraph,hierarchical,target_acts,q4eu_017,L,E,2,10,0.3333333333333333,1.0,0.5,0.5,0.5,0.6934264036172708,6,2
hier_paragraph,hierarchical,target_acts,q4eu_018,H,G,1,5,0.2,1.0,0.33333333333333337,0.0,0.2,0.38685280723454163,5,1
hier_paragraph,hierarchical,target_acts,q4eu_018,H,G,1,10,0.14285714285714285,1.0,0.25,0.0,0.2,0.38685280723454163,7,1
hier_paragraph,hierarchical,target_acts,q4eu_019,N,G,1,5,0.2,1.0,0.33333333333333337,0.0,0.5,0.6309297535714575,5,1
hier_paragraph,hierarchical,target_acts,q4eu_019,N,G,1,10,0.125,1.0,0.2222222222222222,0.0,0.5,0.6309297535714575,8,1
hier_paragraph,hierarchical,target_acts,q4eu_020,L,G,6,5,0.75,0.5,0.6,0.5,1.0,0.8048099750039491,4,3
hier_paragraph,hierarchical,target_acts,q4eu_020,L,G,6,10,0.375,0.5,0.42857142857142855,0.5,1.0,0.6238470455881189,8,3
hier_paragraph,hierarchical,target_acts,q4eu_021,N,G,2,5,0.25,0.5,0.3333333333333333,0.0,0.25,0.2640681225725909,4,1
hier_paragraph,hierarchical,target_acts,q4eu_021,N,G,2,10,0.125,0.5,0.2,0.0,0.25,0.2640681225725909,8,1
hier_paragraph,hierarchical,target_acts,q4eu_022,L,G,5,5,0.25,0.2,0.22222222222222224,0.2,0.3333333333333333,0.19519002499605084,4,1
hier_paragraph,hierarchical,target_acts,q4eu_022,L,G,5,10,0.125,0.2,0.15384615384615385,0.2,0.3333333333333333,0.16958010263680806,8,1
hier_paragraph,hierarchical,target_acts,q4eu_023,N,G,2,5,0.4,1.0,0.5714285714285715,0.5,0.5,0.6509209298071326,5,2
hier_paragraph,hierarchical,target_acts,q4eu_023,N,G,2,10,0.25,1.0,0.4,0.5,0.5,0.6509209298071326,8,2
hier_paragraph,hierarchical,target_acts,q4eu_024,H,G,3,5,0.6,1.0,0.7499999999999999,0.6666666666666666,1.0,0.9060254355346823,5,3
hier_paragraph,hierarchical,target_acts,q4eu_024,H,G,3,10,0.3333333333333333,1.0,0.5,0.6666666666666666,1.0,0.9060254355346823,9,3
hier_paragraph,hierarchical,target_acts,q4eu_025,L,G,8,5,0.4,0.25,0.3076923076923077,0.25,1.0,0.5087403079104241,5,2
hier_paragraph,hierarchical,target_acts,q4eu_025,L,G,8,10,0.2,0.25,0.22222222222222224,0.25,1.0,0.3794140541514857,10,2
hier_paragraph,hierarchical,target_acts,q4eu_026,H,G,1,5,0.2,1.0,0.33333333333333337,1.0,1.0,1.0,5,1
hier_paragraph,hierarchical,target_acts,q4eu_026,H,G,1,10,0.1,1.0,0.18181818181818182,1.0,1.0,1.0,10,1
hier_paragraph,hierarchical,target_acts,q4eu_027,H,G,1,5,0.25,1.0,0.4,1.0,1.0,1.0,4,1
hier_paragraph,hierarchical,target_acts,q4eu_027,H,G,1,10,0.1111111111111111,1.0,0.19999999999999998,1.0,1.0,1.0,9,1
hier_paragraph,hierarchical,target_acts,q4eu_028,N,G,4,5,0.5,0.5,0.5,0.5,1.0,0.5855700749881525,4,2
hier_paragraph,hierarchical,target_acts,q4eu_028,N,G,4,10,0.2222222222222222,0.5,0.30769230769230765,0.5,1.0,0.5855700749881525,9,2
hier_paragraph,hierarchical,target_acts,q4eu_029,N,G,2,5,0.25,0.5,0.3333333333333333,0.5,1.0,0.6131471927654584,4,1
hier_paragraph,hierarchical,target_acts,q4eu_029,N,G,2,10,0.14285714285714285,0.5,0.22222222222222224,0.5,1.0,0.6131471927654584,7,1
hier_paragraph,hierarchical,target_acts,q4eu_030,N,G,4,5,0.2,0.25,0.22222222222222224,0.25,0.5,0.24630238874073,5,1
hier_paragraph,hierarchical,target_acts,q4eu_030,N,G,4,10,0.1,0.25,0.14285714285714288,0.25,0.5,0.24630238874073,10,1
hier_paragraph,hierarchical,target_acts,q4eu_031,H,G,3,5,0.5,0.6666666666666666,0.5714285714285715,0.6666666666666666,0.5,0.5307212739772434,4,2
hier_paragraph,hierarchical,target_acts,q4eu_031,H,G,3,10,0.25,0.6666666666666666,0.36363636363636365,0.6666666666666666,0.5,0.5307212739772434,8,2
hier_paragraph,hierarchical,target_acts,q4eu_032,N,G,3,5,0.4,0.6666666666666666,0.5,0.3333333333333333,1.0,0.6508205185601091,5,2
hier_paragraph,hierarchical,target_acts,q4eu_032,N,G,3,10,0.2222222222222222,0.6666666666666666,0.3333333333333333,0.3333333333333333,1.0,0.6508205185601091,9,2
hier_paragraph,hierarchical,target_acts,q4eu_033,L,G,6,5,1.0,0.8333333333333334,0.9090909090909091,0.8333333333333334,1.0,1.0,5,5
hier_paragraph,hierarchical,target_acts,q4eu_033,L,G,6,10,1.0,1.0,1.0,1.0,1.0,1.0,6,6
hier_paragraph,hierarchical,target_acts,q4eu_034,L,B,3,5,0.0,0.0,0.0,0.0,0.0,0.0,5,0
hier_paragraph,hierarchical,target_acts,q4eu_034,L,B,3,10,0.2857142857142857,0.6666666666666666,0.4,0.0,0.16666666666666666,0.3235866969737877,7,2
hier_paragraph,hierarchical,target_acts,q4eu_035,N,B,4,5,0.5,0.5,0.5,0.5,1.0,0.5585075862632192,4,2
hier_paragraph,hierarchical,target_acts,q4eu_035,N,B,4,10,0.3333333333333333,0.75,0.46153846153846156,0.5,1.0,0.6886342695939197,9,3
hier_paragraph,hierarchical,target_acts,q4eu_036,N,RI,4,5,0.2,0.25,0.22222222222222224,0.25,1.0,0.3903800499921017,5,1
hier_paragraph,hierarchical,target_acts,q4eu_036,N,RI,4,10,0.1111111111111111,0.25,0.15384615384615383,0.25,1.0,0.3903800499921017,9,1
hier_paragraph,hierarchical,target_acts,q4eu_037,H,B,3,5,0.4,0.6666666666666666,0.5,0.6666666666666666,1.0,0.7039180890341347,5,2
hier_paragraph,hierarchical,target_acts,q4eu_037,H,B,3,10,0.3,1.0,0.4615384615384615,0.6666666666666666,1.0,0.8519590445170673,10,3
hier_paragraph,hierarchical,target_acts,q4eu_038,H,B,3,5,0.5,0.6666666666666666,0.5714285714285715,0.6666666666666666,1.0,0.7653606369886217,4,2
hier_paragraph,hierarchical,target_acts,q4eu_038,H,B,3,10,0.2222222222222222,0.6666666666666666,0.3333333333333333,0.6666666666666666,1.0,0.7653606369886217,9,2
hier_paragraph,hierarchical,target_acts,q4eu_039,N,RII,22,5,0.6,0.13636363636363635,0.22222222222222218,0.13636363636363635,1.0,0.639945385422766,5,3
hier_paragraph,hierarchical,target_acts,q4eu_039,N,RII,22,10,0.5555555555555556,0.22727272727272727,0.3225806451612903,0.22727272727272727,1.0,0.5926006319332827,9,5
hier_paragraph,hierarchical,target_acts,q4eu_040,H,RI,4,5,0.5,0.5,0.5,0.5,1.0,0.5855700749881525,4,2
hier_paragraph,hierarchical,target_acts,q4eu_040,H,RI,4,10,0.25,0.5,0.3333333333333333,0.5,1.0,0.5855700749881525,8,2
hier_paragraph,hierarchical,target_acts,q4eu_041,N,B,5,5,0.75,0.6,0.6666666666666665,0.6,1.0,0.8318724637288826,4,3
hier_paragraph,hierarchical,target_acts,q4eu_041,N,B,5,10,0.5714285714285714,0.8,0.6666666666666666,0.6,1.0,0.8357799744028238,7,4
hier_paragraph,hierarchical,target_acts,q4eu_042,L,RI,2,5,0.25,0.5,0.3333333333333333,0.5,1.0,0.6131471927654584,4,1
hier_paragraph,hierarchical,target_acts,q4eu_042,L,RI,2,10,0.25,1.0,0.4,0.5,1.0,0.8503449055347546,8,2
hier_paragraph,hierarchical,target_acts,q4eu_043,N,B;RI,2,5,0.4,1.0,0.5714285714285715,1.0,1.0,1.0,5,2
hier_paragraph,hierarchical,target_acts,q4eu_043,N,B;RI,2,10,0.2222222222222222,1.0,0.3636363636363636,1.0,1.0,1.0,9,2
hier_paragraph,hierarchical,target_acts,q4eu_044,L,RI,4,5,0.75,0.75,0.75,0.75,1.0,0.8048099750039491,4,3
hier_paragraph,hierarchical,target_acts,q4eu_044,L,RI,4,10,0.42857142857142855,0.75,0.5454545454545454,0.75,1.0,0.8048099750039491,7,3
hier_paragraph,hierarchical,target_acts,q4eu_045,N,B,4,5,0.8,1.0,0.888888888888889,1.0,1.0,1.0,5,4
hier_paragraph,hierarchical,target_acts,q4eu_045,N,B,4,10,0.4,1.0,0.5714285714285715,1.0,1.0,1.0,10,4
hier_paragraph,hierarchical,target_acts,q4eu_046,H,B,5,5,0.75,0.6,0.6666666666666665,0.6,1.0,0.8318724637288826,4,3
hier_paragraph,hierarchical,target_acts,q4eu_046,H,B,5,10,0.3333333333333333,0.6,0.42857142857142855,0.6,1.0,0.7227265726449519,9,3
hier_paragraph,hierarchical,target_acts,q4eu_047,N,W,5,5,0.2,0.2,0.20000000000000004,0.2,1.0,0.3391602052736161,5,1
hier_paragraph,hierarchical,target_acts,q4eu_047,N,W,5,10,0.2222222222222222,0.4,0.2857142857142857,0.2,1.0,0.4599715079731103,9,2
hier_paragraph,hierarchical,target_acts,q4eu_048,L,W,3,5,0.2,0.3333333333333333,0.25,0.3333333333333333,0.5,0.2960819109658652,5,1
hier_paragraph,hierarchical,target_acts,q4eu_048,L,W,3,10,0.1,0.3333333333333333,0.15384615384615383,0.3333333333333333,0.5,0.2960819109658652,10,1
hier_paragraph,hierarchical,target_acts,q4eu_049,N,W,3,5,0.25,0.3333333333333333,0.28571428571428575,0.3333333333333333,1.0,0.46927872602275644,4,1
hier_paragraph,hierarchical,target_acts,q4eu_049,N,W,3,10,0.2222222222222222,0.6666666666666666,0.3333333333333333,0.3333333333333333,1.0,0.6257049680303419,9,2
hier_paragraph,hierarchical,target_acts,q4eu_050,H,W,2,5,0.25,0.5,0.3333333333333333,0.5,1.0,0.6131471927654584,4,1
hier_paragraph,hierarchical,target_acts,q4eu_050,H,W,2,10,0.16666666666666666,0.5,0.25,0.5,1.0,0.6131471927654584,6,1
hier_paragraph,hierarchical,target_acts,q4eu_051,L,W,5,5,1.0,0.8,0.888888888888889,0.8,1.0,1.0,4,4
hier_paragraph,hierarchical,target_acts,q4eu_051,L,W,5,10,0.4444444444444444,0.8,0.5714285714285714,0.8,1.0,0.8687949224876582,9,4
hier_paragraph,hierarchical,target_acts,q4eu_052,H,W,1,5,0.3333333333333333,1.0,0.5,1.0,1.0,1.0,3,1
hier_paragraph,hierarchical,target_acts,q4eu_052,H,W,1,10,0.14285714285714285,1.0,0.25,1.0,1.0,1.0,7,1
hier_paragraph,hierarchical,target_acts,q4eu_053,N,W,2,5,0.4,1.0,0.5714285714285715,0.5,1.0,0.8772153153380493,5,2
hier_paragraph,hierarchical,target_acts,q4eu_053,N,W,2,10,0.25,1.0,0.4,0.5,1.0,0.8772153153380493,8,2
hier_paragraph,hierarchical,target_acts,q4eu_054,L,W,4,5,0.2,0.25,0.22222222222222224,0.25,0.3333333333333333,0.19519002499605084,5,1
hier_paragraph,hierarchical,target_acts,q4eu_054,L,W,4,10,0.125,0.25,0.16666666666666666,0.25,0.3333333333333333,0.19519002499605084,8,1
hier_paragraph,hierarchical,target_acts,q4eu_055,H,W,1,5,0.2,1.0,0.33333333333333337,0.0,0.5,0.6309297535714575,5,1
hier_paragraph,hierarchical,target_acts,q4eu_055,H,W,1,10,0.14285714285714285,1.0,0.25,0.0,0.5,0.6309297535714575,7,1
hier_paragraph,hierarchical,target_acts,q4eu_056,L,W,4,5,0.3333333333333333,0.25,0.28571428571428575,0.25,1.0,0.46927872602275644,3,1
hier_paragraph,hierarchical,target_acts,q4eu_056,L,W,4,10,0.5,0.75,0.6,0.5,1.0,0.7095272044910244,6,3
hier_paragraph,hierarchical,target_acts,q4eu_057,N,W,4,5,0.6,0.75,0.6666666666666665,0.5,1.0,0.787702056960637,5,3
hier_paragraph,hierarchical,target_acts,q4eu_057,N,W,4,10,0.42857142857142855,0.75,0.5454545454545454,0.5,1.0,0.787702056960637,7,3
hier_paragraph,hierarchical,target_acts,q4eu_058,N,W,4,5,0.5,0.5,0.5,0.5,1.0,0.5855700749881525,4,2
hier_paragraph,hierarchical,target_acts,q4eu_058,N,W,4,10,0.25,0.5,0.3333333333333333,0.5,1.0,0.5855700749881525,8,2
hier_paragraph,hierarchical,target_acts,q4eu_059,H,W,3,5,0.2,0.3333333333333333,0.25,0.3333333333333333,1.0,0.46927872602275644,5,1
hier_paragraph,hierarchical,target_acts,q4eu_059,H,W,3,10,0.2,0.6666666666666666,0.30769230769230765,0.3333333333333333,1.0,0.6049306994552042,10,2
hier_paragraph,hierarchical,target_acts,q4eu_060,L,W,4,5,0.2,0.25,0.22222222222222224,0.25,0.5,0.24630238874073,5,1
hier_paragraph,hierarchical,target_acts,q4eu_060,L,W,4,10,0.3,0.75,0.4285714285714285,0.25,0.5,0.4766636348460924,10,3
hier_paragraph,hierarchical,target_acts,q4eu_061,H,W,2,5,0.2,0.5,0.28571428571428575,0.5,1.0,0.6131471927654584,5,1
hier_paragraph,hierarchical,target_acts,q4eu_061,H,W,2,10,0.1111111111111111,0.5,0.1818181818181818,0.5,1.0,0.6131471927654584,9,1
hier_paragraph,hierarchical,target_acts,q4eu_062,H,W,2,5,0.2,0.5,0.28571428571428575,0.5,1.0,0.6131471927654584,5,1
hier_paragraph,hierarchical,target_acts,q4eu_062,H,W,2,10,0.1111111111111111,0.5,0.1818181818181818,0.5,1.0,0.6131471927654584,9,1
hier_paragraph,hierarchical,target_acts,q4eu_063,N,W,2,5,0.3333333333333333,0.5,0.4,0.5,1.0,0.6131471927654584,3,1
hier_paragraph,hierarchical,target_acts,q4eu_063,N,W,2,10,0.14285714285714285,0.5,0.22222222222222224,0.5,1.0,0.6131471927654584,7,1
hier_paragraph,hierarchical,target_acts,q4eu_064,N,W,3,5,0.5,0.6666666666666666,0.5714285714285715,0.6666666666666666,1.0,0.7653606369886217,4,2
hier_paragraph,hierarchical,target_acts,q4eu_064,N,W,3,10,0.3333333333333333,1.0,0.5,0.6666666666666666,1.0,0.9066276098484507,9,3
hier_paragraph,hierarchical,target_acts,q4eu_065,L,W,6,5,1.0,0.5,0.6666666666666666,0.5,1.0,1.0,3,3
hier_paragraph,hierarchical,target_acts,q4eu_065,L,W,6,10,0.5714285714285714,0.6666666666666666,0.6153846153846153,0.6666666666666666,1.0,0.7618870795651186,7,4
hier_paragraph,hierarchical,target_acts,q4eu_066,H,W,1,5,0.2,1.0,0.33333333333333337,1.0,1.0,1.0,5,1
hier_paragraph,hierarchical,target_acts,q4eu_066,H,W,1,10,0.1,1.0,0.18181818181818182,1.0,1.0,1.0,10,1
hier_paragraph,hierarchical,target_acts,q4eu_067,L,W,3,5,0.25,0.3333333333333333,0.28571428571428575,0.3333333333333333,1.0,0.46927872602275644,4,1
hier_paragraph,hierarchical,target_acts,q4eu_067,L,W,3,10,0.14285714285714285,0.3333333333333333,0.2,0.3333333333333333,1.0,0.46927872602275644,7,1
hier_paragraph,hierarchical,target_acts,q4eu_068,L,B;RI;RII,6,5,0.2,0.16666666666666666,0.1818181818181818,0.16666666666666666,1.0,0.3391602052736161,5,1
hier_paragraph,hierarchical,target_acts,q4eu_068,L,B;RI;RII,6,10,0.1,0.16666666666666666,0.125,0.16666666666666666,1.0,0.3026024134988135,10,1
hier_paragraph,hierarchical,target_acts,q4eu_069,L,RI,5,5,0.4,0.4,0.4000000000000001,0.4,0.3333333333333333,0.3156484524795145,5,2
hier_paragraph,hierarchical,target_acts,q4eu_069,L,RI,5,10,0.2,0.4,0.26666666666666666,0.4,0.3333333333333333,0.3156484524795145,10,2
hier_paragraph,hierarchical,target_acts,q4eu_070,H,RII,4,5,0.6,0.75,0.6666666666666665,0.75,1.0,0.8318724637288826,5,3
hier_paragraph,hierarchical,target_acts,q4eu_070,H,RII,4,10,0.3333333333333333,0.75,0.46153846153846156,0.75,1.0,0.8318724637288826,9,3
hier_paragraph,hierarchical,target_acts,q4eu_071,N,B,2,5,0.25,0.5,0.3333333333333333,0.5,1.0,0.6131471927654584,4,1
hier_paragraph,hierarchical,target_acts,q4eu_071,N,B,2,10,0.2222222222222222,1.0,0.3636363636363636,0.5,1.0,0.8065735963827293,9,2
hier_paragraph,hierarchical,target_acts,q4eu_072,L,G,3,5,0.0,0.0,0.0,0.0,0.0,0.0,5,0
hier_paragraph,hierarchical,target_acts,q4eu_072,L,G,3,10,0.0,0.0,0.0,0.0,0.0,0.0,10,0
hier_paragraph_contextualized,hierarchical,all_acts,q4eu_001,H,E,3,5,1.0,1.0,1.0,1.0,1.0,1.0,3,3
hier_paragraph_contextualized,hierarchical,all_acts,q4eu_001,H,E,3,10,0.5,1.0,0.6666666666666666,1.0,1.0,1.0,6,3
hier_paragraph_contextualized,hierarchical,all_acts,q4eu_002,N,E,2,5,0.2,0.5,0.28571428571428575,0.5,0.5,0.38685280723454163,5,1
hier_paragraph_contextualized,hierarchical,all_acts,q4eu_002,N,E,2,10,0.125,0.5,0.2,0.5,0.5,0.38685280723454163,8,1
hier_paragraph_contextualized,hierarchical,all_acts,q4eu_003,L,E,2,5,0.0,0.0,0.0,0.0,0.0,0.0,4,0
hier_paragraph_contextualized,hierarchical,all_acts,q4eu_003,L,E,2,10,0.125,0.5,0.2,0.0,0.16666666666666666,0.21840743681816419,8,1
hier_paragraph_contextualized,hierarchical,all_acts,q4eu_004,N,E,2,5,0.6666666666666666,1.0,0.8,0.5,1.0,0.9197207891481876,3,2
hier_paragraph_contextualized,hierarchical,all_acts,q4eu_004,N,E,2,10,0.2857142857142857,1.0,0.4444444444444445,0.5,1.0,0.9197207891481876,7,2
hier_paragraph_contextualized,hierarchical,all_acts,q4eu_005,L,E,2,5,0.3333333333333333,0.5,0.4,0.5,1.0,0.6131471927654584,3,1
hier_paragraph_contextualized,hierarchical,all_acts,q4eu_005,L,E,2,10,0.2,0.5,0.28571428571428575,0.5,1.0,0.6131471927654584,5,1
hier_paragraph_contextualized,hierarchical,all_acts,q4eu_006,N,E,2,5,0.4,1.0,0.5714285714285715,1.0,1.0,1.0,5,2
hier_paragraph_contextualized,hierarchical,all_acts,q4eu_006,N,E,2,10,0.25,1.0,0.4,1.0,1.0,1.0,8,2
hier_paragraph_contextualized,hierarchical,all_acts,q4eu_007,H,E,1,5,0.2,1.0,0.33333333333333337,1.0,1.0,1.0,5,1
hier_paragraph_contextualized,hierarchical,all_acts,q4eu_007,H,E,1,10,0.1111111111111111,1.0,0.19999999999999998,1.0,1.0,1.0,9,1
hier_paragraph_contextualized,hierarchical,all_acts,q4eu_008,L,E,2,5,0.0,0.0,0.0,0.0,0.0,0.0,3,0
hier_paragraph_contextualized,hierarchical,all_acts,q4eu_008,L,E,2,10,0.0,0.0,0.0,0.0,0.0,0.0,8,0
hier_paragraph_contextualized,hierarchical,all_acts,q4eu_009,H,E,2,5,0.25,0.5,0.3333333333333333,0.5,1.0,0.6131471927654584,4,1
hier_paragraph_contextualized,hierarchical,all_acts,q4eu_009,H,E,2,10,0.25,1.0,0.4,0.5,1.0,0.8175295903539445,8,2
hier_paragraph_contextualized,hierarchical,all_acts,q4eu_010,H,E,1,5,0.25,1.0,0.4,1.0,1.0,1.0,4,1
hier_paragraph_contextualized,hierarchical,all_acts,q4eu_010,H,E,1,10,0.2,1.0,0.33333333333333337,1.0,1.0,1.0,5,1
hier_paragraph_contextualized,hierarchical,all_acts,q4eu_011,L,E,5,5,0.5,0.4,0.4444444444444445,0.4,0.3333333333333333,0.36331756126716835,4,2
hier_paragraph_contextualized,hierarchical,all_acts,q4eu_011,L,E,5,10,0.5,0.8,0.6153846153846154,0.4,0.3333333333333333,0.5356949866046503,8,4
hier_paragraph_contextualized,hierarchical,all_acts,q4eu_012,N,E,4,5,0.8,1.0,0.888888888888889,0.75,1.0,0.9558295932317544,5,4
hier_paragraph_contextualized,hierarchical,all_acts,q4eu_012,N,E,4,10,0.5714285714285714,1.0,0.7272727272727273,0.75,1.0,0.9558295932317544,7,4
hier_paragraph_contextualized,hierarchical,all_acts,q4eu_013,N,E,2,5,0.5,1.0,0.6666666666666666,1.0,1.0,1.0,4,2
hier_paragraph_contextualized,hierarchical,all_acts,q4eu_013,N,E,2,10,0.25,1.0,0.4,1.0,1.0,1.0,8,2
hier_paragraph_contextualized,hierarchical,all_acts,q4eu_014,N,E,2,5,0.5,0.5,0.5,0.5,1.0,0.6131471927654584,2,1
hier_paragraph_contextualized,hierarchical,all_acts,q4eu_014,N,E,2,10,0.16666666666666666,0.5,0.25,0.5,1.0,0.6131471927654584,6,1
hier_paragraph_contextualized,hierarchical,all_acts,q4eu_015,H,E,1,5,1.0,1.0,1.0,1.0,1.0,1.0,1,1
hier_paragraph_contextualized,hierarchical,all_acts,q4eu_015,H,E,1,10,0.25,1.0,0.4,1.0,1.0,1.0,4,1
hier_paragraph_contextualized,hierarchical,all_acts,q4eu_016,N,E,2,5,0.5,1.0,0.6666666666666666,1.0,1.0,1.0,4,2
hier_paragraph_contextualized,hierarchical,all_acts,q4eu_016,N,E,2,10,0.2222222222222222,1.0,0.3636363636363636,1.0,1.0,1.0,9,2
hier_paragraph_contextualized,hierarchical,all_acts,q4eu_017,L,E,2,5,0.3333333333333333,0.5,0.4,0.5,0.5,0.38685280723454163,3,1
hier_paragraph_contextualized,hierarchical,all_acts,q4eu_017,L,E,2,10,0.3333333333333333,1.0,0.5,0.5,0.5,0.6052602440527057,6,2
hier_paragraph_contextualized,hierarchical,all_acts,q4eu_018,H,G,1,5,0.3333333333333333,1.0,0.5,1.0,1.0,1.0,3,1
hier_paragraph_contextualized,hierarchical,all_acts,q4eu_018,H,G,1,10,0.2,1.0,0.33333333333333337,1.0,1.0,1.0,5,1
hier_paragraph_contextualized,hierarchical,all_acts,q4eu_019,N,G,1,5,0.25,1.0,0.4,0.0,0.5,0.6309297535714575,4,1
hier_paragraph_contextualized,hierarchical,all_acts,q4eu_019,N,G,1,10,0.125,1.0,0.2222222222222222,0.0,0.5,0.6309297535714575,8,1
hier_paragraph_contextualized,hierarchical,all_acts,q4eu_020,L,G,6,5,0.6666666666666666,0.3333333333333333,0.4444444444444444,0.3333333333333333,1.0,0.7653606369886217,3,2
hier_paragraph_contextualized,hierarchical,all_acts,q4eu_020,L,G,6,10,0.5714285714285714,0.6666666666666666,0.6153846153846153,0.6666666666666666,1.0,0.7183750273402226,7,4
hier_paragraph_contextualized,hierarchical,all_acts,q4eu_021,N,G,2,5,0.0,0.0,0.0,0.0,0.0,0.0,2,0
hier_paragraph_contextualized,hierarchical,all_acts,q4eu_021,N,G,2,10,0.2,0.5,0.28571428571428575,0.0,0.25,0.2640681225725909,5,1
hier_paragraph_contextualized,hierarchical,all_acts,q4eu_022,L,G,5,5,0.25,0.2,0.22222222222222224,0.2,1.0,0.3903800499921017,4,1
hier_paragraph_contextualized,hierarchical,all_acts,q4eu_022,L,G,5,10,0.14285714285714285,0.2,0.16666666666666666,0.2,1.0,0.3391602052736161,7,1
hier_paragraph_contextualized,hierarchical,all_acts,q4eu_023,N,G,2,5,1.0,0.5,0.6666666666666666,0.5,1.0,1.0,1,1
hier_paragraph_contextualized,hierarchical,all_acts,q4eu_023,N,G,2,10,0.6666666666666666,1.0,0.8,0.5,1.0,0.9197207891481876,3,2
hier_paragraph_contextualized,hierarchical,all_acts,q4eu_024,H,G,3,5,0.6,1.0,0.7499999999999999,0.6666666666666666,1.0,0.9469024295259745,5,3
hier_paragraph_contextualized,hierarchical,all_acts,q4eu_024,H,G,3,10,0.3333333333333333,1.0,0.5,0.6666666666666666,1.0,0.9469024295259745,9,3
hier_paragraph_contextualized,hierarchical,all_acts,q4eu_025,L,G,8,5,0.4,0.25,0.3076923076923077,0.25,1.0,0.5087403079104241,5,2
hier_paragraph_contextualized,hierarchical,all_acts,q4eu_025,L,G,8,10,0.4,0.5,0.4444444444444445,0.375,1.0,0.5353519334313175,10,4
hier_paragraph_contextualized,hierarchical,all_acts,q4eu_026,H,G,1,5,0.5,1.0,0.6666666666666666,1.0,1.0,1.0,2,1
hier_paragraph_contextualized,hierarchical,all_acts,q4eu_026,H,G,1,10,0.14285714285714285,1.0,0.25,1.0,1.0,1.0,7,1
hier_paragraph_contextualized,hierarchical,all_acts,q4eu_027,H,G,1,5,1.0,1.0,1.0,1.0,1.0,1.0,1,1
hier_paragraph_contextualized,hierarchical,all_acts,q4eu_027,H,G,1,10,0.16666666666666666,1.0,0.2857142857142857,1.0,1.0,1.0,6,1
hier_paragraph_contextualized,hierarchical,all_acts,q4eu_028,N,G,4,5,0.4,0.5,0.4444444444444445,0.5,1.0,0.6366824387328317,5,2
hier_paragraph_contextualized,hierarchical,all_acts,q4eu_028,N,G,4,10,0.2222222222222222,0.5,0.30769230769230765,0.5,1.0,0.6366824387328317,9,2
hier_paragraph_contextualized,hierarchical,all_acts,q4eu_029,N,G,2,5,1.0,0.5,0.6666666666666666,0.5,1.0,1.0,1,1
hier_paragraph_contextualized,hierarchical,all_acts,q4eu_029,N,G,2,10,0.5,0.5,0.5,0.5,1.0,0.6131471927654584,2,1
hier_paragraph_contextualized,hierarchical,all_acts,q4eu_030,N,G,4,5,0.2,0.25,0.22222222222222224,0.25,0.25,0.16812753627111746,5,1
hier_paragraph_contextualized,hierarchical,all_acts,q4eu_030,N,G,4,10,0.3,0.75,0.4285714285714285,0.25,0.25,0.4200288571308283,10,3
hier_paragraph_contextualized,hierarchical,all_acts,q4eu_031,H,G,3,5,0.5,0.3333333333333333,0.4,0.3333333333333333,1.0,0.6131471927654584,2,1
hier_paragraph_contextualized,hierarchical,all_acts,q4eu_031,H,G,3,10,0.4,0.6666666666666666,0.5,0.3333333333333333,1.0,0.6713860725233041,5,2
hier_paragraph_contextualized,hierarchical,all_acts,q4eu_032,N,G,3,5,0.5,0.6666666666666666,0.5714285714285715,0.6666666666666666,1.0,0.7653606369886217,4,2
hier_paragraph_contextualized,hierarchical,all_acts,q4eu_032,N,G,3,10,0.2857142857142857,0.6666666666666666,0.4,0.6666666666666666,1.0,0.7653606369886217,7,2
hier_paragraph_contextualized,hierarchical,all_acts,q4eu_033,L,G,6,5,1.0,0.5,0.6666666666666666,0.5,1.0,1.0,3,3
hier_paragraph_contextualized,hierarchical,all_acts,q4eu_033,L,G,6,10,0.75,0.5,0.6,0.5,1.0,0.8318724637288826,4,3
hier_paragraph_contextualized,hierarchical,all_acts,q4eu_034,L,B,3,5,0.0,0.0,0.0,0.0,0.0,0.0,5,0
hier_paragraph_contextualized,hierarchical,all_acts,q4eu_034,L,B,3,10,0.0,0.0,0.0,0.0,0.0,0.0,10,0
hier_paragraph_contextualized,hierarchical,all_acts,q4eu_035,N,B,4,5,0.25,0.25,0.25,0.25,1.0,0.3903800499921017,4,1
hier_paragraph_contextualized,hierarchical,all_acts,q4eu_035,N,B,4,10,0.2222222222222222,0.5,0.30769230769230765,0.25,1.0,0.5078961547485289,9,2
hier_paragraph_contextualized,hierarchical,all_acts,q4eu_036,N,RI,4,5,0.2,0.25,0.22222222222222224,0.25,1.0,0.3903800499921017,5,1
hier_paragraph_contextualized,hierarchical,all_acts,q4eu_036,N,RI,4,10,0.1,0.25,0.14285714285714288,0.25,1.0,0.3903800499921017,10,1
hier_paragraph_contextualized,hierarchical,all_acts,q4eu_037,H,B,3,5,0.2,0.3333333333333333,0.25,0.3333333333333333,1.0,0.46927872602275644,5,1
hier_paragraph_contextualized,hierarchical,all_acts,q4eu_037,H,B,3,10,0.2,0.6666666666666666,0.30769230769230765,0.3333333333333333,1.0,0.6364391809889587,10,2
hier_paragraph_contextualized,hierarchical,all_acts,q4eu_038,H,B,3,5,0.5,0.6666666666666666,0.5714285714285715,0.6666666666666666,1.0,0.7653606369886217,4,2
hier_paragraph_contextualized,hierarchical,all_acts,q4eu_038,H,B,3,10,0.2222222222222222,0.6666666666666666,0.3333333333333333,0.6666666666666666,1.0,0.7653606369886217,9,2
hier_paragraph_contextualized,hierarchical,all_acts,q4eu_039,N,RII,22,5,0.4,0.09090909090909091,0.14814814814814814,0.09090909090909091,0.5,0.38356636737133565,5,2
hier_paragraph_contextualized,hierarchical,all_acts,q4eu_039,N,RII,22,10,0.625,0.22727272727272727,0.3333333333333333,0.22727272727272727,0.5,0.5402692099794264,8,5
hier_paragraph_contextualized,hierarchical,all_acts,q4eu_040,H,RI,4,5,0.4,0.5,0.4444444444444445,0.25,1.0,0.5413996682199069,5,2
hier_paragraph_contextualized,hierarchical,all_acts,q4eu_040,H,RI,4,10,0.25,0.5,0.3333333333333333,0.25,1.0,0.5413996682199069,8,2
hier_paragraph_contextualized,hierarchical,all_acts,q4eu_041,N,B,5,5,0.75,0.6,0.6666666666666665,0.6,1.0,0.8318724637288826,4,3
hier_paragraph_contextualized,hierarchical,all_acts,q4eu_041,N,B,5,10,0.5,0.6,0.5454545454545454,0.6,1.0,0.7227265726449519,6,3
hier_paragraph_contextualized,hierarchical,all_acts,q4eu_042,L,RI,2,5,0.3333333333333333,0.5,0.4,0.5,1.0,0.6131471927654584,3,1
hier_paragraph_contextualized,hierarchical,all_acts,q4eu_042,L,RI,2,10,0.3333333333333333,1.0,0.5,0.5,1.0,0.8772153153380493,6,2
hier_paragraph_contextualized,hierarchical,all_acts,q4eu_043,N,B;RI,2,5,0.4,1.0,0.5714285714285715,1.0,1.0,1.0,5,2
hier_paragraph_contextualized,hierarchical,all_acts,q4eu_043,N,B;RI,2,10,0.2222222222222222,1.0,0.3636363636363636,1.0,1.0,1.0,9,2
hier_paragraph_contextualized,hierarchical,all_acts,q4eu_044,L,RI,4,5,0.6666666666666666,0.5,0.5714285714285715,0.5,1.0,0.7039180890341347,3,2
hier_paragraph_contextualized,hierarchical,all_acts,q4eu_044,L,RI,4,10,0.2857142857142857,0.5,0.36363636363636365,0.5,1.0,0.5855700749881525,7,2
hier_paragraph_contextualized,hierarchical,all_acts,q4eu_045,N,B,4,5,0.8,1.0,0.888888888888889,1.0,1.0,1.0,5,4
hier_paragraph_contextualized,hierarchical,all_acts,q4eu_045,N,B,4,10,0.4,1.0,0.5714285714285715,1.0,1.0,1.0,10,4
hier_paragraph_contextualized,hierarchical,all_acts,q4eu_046,H,B,5,5,0.75,0.6,0.6666666666666665,0.6,1.0,0.8318724637288826,4,3
hier_paragraph_contextualized,hierarchical,all_acts,q4eu_046,H,B,5,10,0.375,0.6,0.4615384615384615,0.6,1.0,0.7227265726449519,8,3
hier_paragraph_contextualized,hierarchical,all_acts,q4eu_047,N,W,5,5,0.2,0.2,0.20000000000000004,0.2,1.0,0.3391602052736161,5,1
hier_paragraph_contextualized,hierarchical,all_acts,q4eu_047,N,W,5,10,0.1111111111111111,0.2,0.14285714285714285,0.2,1.0,0.3391602052736161,9,1
hier_paragraph_contextualized,hierarchical,all_acts,q4eu_048,L,W,3,5,0.25,0.3333333333333333,0.28571428571428575,0.3333333333333333,1.0,0.46927872602275644,4,1
hier_paragraph_contextualized,hierarchical,all_acts,q4eu_048,L,W,3,10,0.14285714285714285,0.3333333333333333,0.2,0.3333333333333333,1.0,0.46927872602275644,7,1
hier_paragraph_contextualized,hierarchical,all_acts,q4eu_049,N,W,3,5,0.25,0.3333333333333333,0.28571428571428575,0.3333333333333333,1.0,0.46927872602275644,4,1
hier_paragraph_contextualized,hierarchical,all_acts,q4eu_049,N,W,3,10,0.2222222222222222,0.6666666666666666,0.3333333333333333,0.3333333333333333,1.0,0.6257049680303419,9,2
hier_paragraph_contextualized,hierarchical,all_acts,q4eu_050,H,W,2,5,0.3333333333333333,0.5,0.4,0.5,1.0,0.6131471927654584,3,1
hier_paragraph_contextualized,hierarchical,all_acts,q4eu_050,H,W,2,10,0.16666666666666666,0.5,0.25,0.5,1.0,0.6131471927654584,6,1
hier_paragraph_contextualized,hierarchical,all_acts,q4eu_051,L,W,5,5,0.75,0.6,0.6666666666666665,0.6,1.0,0.8318724637288826,4,3
hier_paragraph_contextualized,hierarchical,all_acts,q4eu_051,L,W,5,10,0.5,0.8,0.6153846153846154,0.6,1.0,0.8357799744028238,8,4
hier_paragraph_contextualized,hierarchical,all_acts,q4eu_052,H,W,1,5,0.2,1.0,0.33333333333333337,1.0,1.0,1.0,5,1
hier_paragraph_contextualized,hierarchical,all_acts,q4eu_052,H,W,1,10,0.125,1.0,0.2222222222222222,1.0,1.0,1.0,8,1
hier_paragraph_contextualized,hierarchical,all_acts,q4eu_053,N,W,2,5,0.2,0.5,0.28571428571428575,0.5,1.0,0.6131471927654584,5,1
hier_paragraph_contextualized,hierarchical,all_acts,q4eu_053,N,W,2,10,0.25,1.0,0.4,0.5,1.0,0.8175295903539445,8,2
hier_paragraph_contextualized,hierarchical,all_acts,q4eu_054,L,W,4,5,0.2,0.25,0.22222222222222224,0.25,0.3333333333333333,0.19519002499605084,5,1
hier_paragraph_contextualized,hierarchical,all_acts,q4eu_054,L,W,4,10,0.125,0.25,0.16666666666666666,0.25,0.3333333333333333,0.19519002499605084,8,1
hier_paragraph_contextualized,hierarchical,all_acts,q4eu_055,H,W,1,5,0.2,1.0,0.33333333333333337,1.0,1.0,1.0,5,1
hier_paragraph_contextualized,hierarchical,all_acts,q4eu_055,H,W,1,10,0.1111111111111111,1.0,0.19999999999999998,1.0,1.0,1.0,9,1
hier_paragraph_contextualized,hierarchical,all_acts,q4eu_056,L,W,4,5,0.3333333333333333,0.25,0.28571428571428575,0.25,1.0,0.46927872602275644,3,1
hier_paragraph_contextualized,hierarchical,all_acts,q4eu_056,L,W,4,10,0.5,0.75,0.6,0.25,1.0,0.6804558477306826,6,3
hier_paragraph_contextualized,hierarchical,all_acts,q4eu_057,N,W,4,5,0.5,0.5,0.5,0.5,0.5,0.44149241373678083,4,2
hier_paragraph_contextualized,hierarchical,all_acts,q4eu_057,N,W,4,10,0.42857142857142855,0.75,0.5454545454545454,0.5,0.5,0.592512031964586,7,3
hier_paragraph_contextualized,hierarchical,all_acts,q4eu_058,N,W,4,5,0.3333333333333333,0.25,0.28571428571428575,0.25,1.0,0.46927872602275644,3,1
hier_paragraph_contextualized,hierarchical,all_acts,q4eu_058,N,W,4,10,0.3333333333333333,0.5,0.4,0.5,1.0,0.5585075862632192,6,2
hier_paragraph_contextualized,hierarchical,all_acts,q4eu_059,H,W,3,5,0.2,0.3333333333333333,0.25,0.3333333333333333,1.0,0.46927872602275644,5,1
hier_paragraph_contextualized,hierarchical,all_acts,q4eu_059,H,W,3,10,0.2222222222222222,0.6666666666666666,0.3333333333333333,0.3333333333333333,1.0,0.617319681505689,9,2
hier_paragraph_contextualized,hierarchical,all_acts,q4eu_060,L,W,4,5,0.0,0.0,0.0,0.0,0.0,0.0,5,0
hier_paragraph_contextualized,hierarchical,all_acts,q4eu_060,L,W,4,10,0.0,0.0,0.0,0.0,0.0,0.0,10,0
hier_paragraph_contextualized,hierarchical,all_acts,q4eu_061,H,W,2,5,0.25,0.5,0.3333333333333333,0.5,1.0,0.6131471927654584,4,1
hier_paragraph_contextualized,hierarchical,all_acts,q4eu_061,H,W,2,10,0.125,0.5,0.2,0.5,1.0,0.6131471927654584,8,1
hier_paragraph_contextualized,hierarchical,all_acts,q4eu_062,H,W,2,5,0.2,0.5,0.28571428571428575,0.5,1.0,0.6131471927654584,5,1
hier_paragraph_contextualized,hierarchical,all_acts,q4eu_062,H,W,2,10,0.1111111111111111,0.5,0.1818181818181818,0.5,1.0,0.6131471927654584,9,1
hier_paragraph_contextualized,hierarchical,all_acts,q4eu_063,N,W,2,5,0.5,0.5,0.5,0.5,1.0,0.6131471927654584,2,1
hier_paragraph_contextualized,hierarchical,all_acts,q4eu_063,N,W,2,10,0.14285714285714285,0.5,0.22222222222222224,0.5,1.0,0.6131471927654584,7,1
hier_paragraph_contextualized,hierarchical,all_acts,q4eu_064,N,W,3,5,0.5,0.6666666666666666,0.5714285714285715,0.6666666666666666,1.0,0.7653606369886217,4,2
hier_paragraph_contextualized,hierarchical,all_acts,q4eu_064,N,W,3,10,0.3333333333333333,1.0,0.5,0.6666666666666666,1.0,0.9217868789962071,9,3
hier_paragraph_contextualized,hierarchical,all_acts,q4eu_065,L,W,6,5,1.0,0.5,0.6666666666666666,0.5,1.0,1.0,3,3
hier_paragraph_contextualized,hierarchical,all_acts,q4eu_065,L,W,6,10,0.6666666666666666,0.6666666666666666,0.6666666666666666,0.6666666666666666,1.0,0.7751482523375256,6,4
hier_paragraph_contextualized,hierarchical,all_acts,q4eu_066,H,W,1,5,0.2,1.0,0.33333333333333337,1.0,1.0,1.0,5,1
hier_paragraph_contextualized,hierarchical,all_acts,q4eu_066,H,W,1,10,0.125,1.0,0.2222222222222222,1.0,1.0,1.0,8,1
hier_paragraph_contextualized,hierarchical,all_acts,q4eu_067,L,W,3,5,0.2,0.3333333333333333,0.25,0.3333333333333333,1.0,0.46927872602275644,5,1
hier_paragraph_contextualized,hierarchical,all_acts,q4eu_067,L,W,3,10,0.1111111111111111,0.3333333333333333,0.16666666666666666,0.3333333333333333,1.0,0.46927872602275644,9,1
hier_paragraph_contextualized,hierarchical,all_acts,q4eu_068,L,B;RI;RII,6,5,0.0,0.0,0.0,0.0,0.0,0.0,5,0
hier_paragraph_contextualized,hierarchical,all_acts,q4eu_068,L,B;RI;RII,6,10,0.0,0.0,0.0,0.0,0.0,0.0,10,0
hier_paragraph_contextualized,hierarchical,all_acts,q4eu_069,L,RI,5,5,0.2,0.2,0.20000000000000004,0.2,0.3333333333333333,0.16958010263680806,5,1
hier_paragraph_contextualized,hierarchical,all_acts,q4eu_069,L,RI,5,10,0.2,0.4,0.26666666666666666,0.2,0.3333333333333333,0.29039140533630226,10,2
hier_paragraph_contextualized,hierarchical,all_acts,q4eu_070,H,RII,4,5,0.6,0.75,0.6666666666666665,0.75,1.0,0.8048099750039491,5,3
hier_paragraph_contextualized,hierarchical,all_acts,q4eu_070,H,RII,4,10,0.42857142857142855,0.75,0.5454545454545454,0.75,1.0,0.8048099750039491,7,3
hier_paragraph_contextualized,hierarchical,all_acts,q4eu_071,N,B,2,5,0.2,0.5,0.28571428571428575,0.5,1.0,0.6131471927654584,5,1
hier_paragraph_contextualized,hierarchical,all_acts,q4eu_071,N,B,2,10,0.1111111111111111,0.5,0.1818181818181818,0.5,1.0,0.6131471927654584,9,1
hier_paragraph_contextualized,hierarchical,all_acts,q4eu_072,L,G,3,5,0.5,0.6666666666666666,0.5714285714285715,0.3333333333333333,0.3333333333333333,0.4367467095119258,4,2
hier_paragraph_contextualized,hierarchical,all_acts,q4eu_072,L,G,3,10,0.5,0.6666666666666666,0.5714285714285715,0.3333333333333333,0.3333333333333333,0.4367467095119258,4,2
hier_paragraph_contextualized,hierarchical,pil_acts,q4eu_034,L,B,3,5,0.0,0.0,0.0,0.0,0.0,0.0,5,0
hier_paragraph_contextualized,hierarchical,pil_acts,q4eu_034,L,B,3,10,0.0,0.0,0.0,0.0,0.0,0.0,10,0
hier_paragraph_contextualized,hierarchical,pil_acts,q4eu_035,N,B,4,5,0.25,0.25,0.25,0.25,1.0,0.3903800499921017,4,1
hier_paragraph_contextualized,hierarchical,pil_acts,q4eu_035,N,B,4,10,0.2222222222222222,0.5,0.30769230769230765,0.25,1.0,0.5078961547485289,9,2
hier_paragraph_contextualized,hierarchical,pil_acts,q4eu_036,N,RI,4,5,0.2,0.25,0.22222222222222224,0.25,1.0,0.3903800499921017,5,1
hier_paragraph_contextualized,hierarchical,pil_acts,q4eu_036,N,RI,4,10,0.1,0.25,0.14285714285714288,0.25,1.0,0.3903800499921017,10,1
hier_paragraph_contextualized,hierarchical,pil_acts,q4eu_037,H,B,3,5,0.2,0.3333333333333333,0.25,0.3333333333333333,1.0,0.46927872602275644,5,1
hier_paragraph_contextualized,hierarchical,pil_acts,q4eu_037,H,B,3,10,0.3,1.0,0.4615384615384615,0.3333333333333333,1.0,0.7720911544214064,10,3
hier_paragraph_contextualized,hierarchical,pil_acts,q4eu_038,H,B,3,5,0.5,0.6666666666666666,0.5714285714285715,0.6666666666666666,1.0,0.7653606369886217,4,2
hier_paragraph_contextualized,hierarchical,pil_acts,q4eu_038,H,B,3,10,0.2222222222222222,0.6666666666666666,0.3333333333333333,0.6666666666666666,1.0,0.7653606369886217,9,2
hier_paragraph_contextualized,hierarchical,pil_acts,q4eu_039,N,RII,22,5,0.4,0.09090909090909091,0.14814814814814814,0.09090909090909091,0.5,0.38356636737133565,5,2
hier_paragraph_contextualized,hierarchical,pil_acts,q4eu_039,N,RII,22,10,0.625,0.22727272727272727,0.3333333333333333,0.22727272727272727,0.5,0.5402692099794264,8,5
hier_paragraph_contextualized,hierarchical,pil_acts,q4eu_040,H,RI,4,5,0.4,0.5,0.4444444444444445,0.25,1.0,0.5413996682199069,5,2
hier_paragraph_contextualized,hierarchical,pil_acts,q4eu_040,H,RI,4,10,0.25,0.5,0.3333333333333333,0.25,1.0,0.5413996682199069,8,2
hier_paragraph_contextualized,hierarchical,pil_acts,q4eu_041,N,B,5,5,0.75,0.6,0.6666666666666665,0.6,1.0,0.8318724637288826,4,3
hier_paragraph_contextualized,hierarchical,pil_acts,q4eu_041,N,B,5,10,0.5,0.6,0.5454545454545454,0.6,1.0,0.7227265726449519,6,3
hier_paragraph_contextualized,hierarchical,pil_acts,q4eu_042,L,RI,2,5,0.3333333333333333,0.5,0.4,0.5,1.0,0.6131471927654584,3,1
hier_paragraph_contextualized,hierarchical,pil_acts,q4eu_042,L,RI,2,10,0.3333333333333333,1.0,0.5,0.5,1.0,0.8772153153380493,6,2
hier_paragraph_contextualized,hierarchical,pil_acts,q4eu_043,N,B;RI,2,5,0.4,1.0,0.5714285714285715,1.0,1.0,1.0,5,2
hier_paragraph_contextualized,hierarchical,pil_acts,q4eu_043,N,B;RI,2,10,0.2222222222222222,1.0,0.3636363636363636,1.0,1.0,1.0,9,2
hier_paragraph_contextualized,hierarchical,pil_acts,q4eu_044,L,RI,4,5,0.75,0.75,0.75,0.75,1.0,0.8048099750039491,4,3
hier_paragraph_contextualized,hierarchical,pil_acts,q4eu_044,L,RI,4,10,0.3333333333333333,0.75,0.46153846153846156,0.75,1.0,0.8048099750039491,9,3
hier_paragraph_contextualized,hierarchical,pil_acts,q4eu_045,N,B,4,5,0.8,1.0,0.888888888888889,1.0,1.0,1.0,5,4
hier_paragraph_contextualized,hierarchical,pil_acts,q4eu_045,N,B,4,10,0.4,1.0,0.5714285714285715,1.0,1.0,1.0,10,4
hier_paragraph_contextualized,hierarchical,pil_acts,q4eu_046,H,B,5,5,0.75,0.6,0.6666666666666665,0.6,1.0,0.8318724637288826,4,3
hier_paragraph_contextualized,hierarchical,pil_acts,q4eu_046,H,B,5,10,0.375,0.6,0.4615384615384615,0.6,1.0,0.7227265726449519,8,3
hier_paragraph_contextualized,hierarchical,pil_acts,q4eu_068,L,B;RI;RII,6,5,0.0,0.0,0.0,0.0,0.0,0.0,5,0
hier_paragraph_contextualized,hierarchical,pil_acts,q4eu_068,L,B;RI;RII,6,10,0.0,0.0,0.0,0.0,0.0,0.0,10,0
hier_paragraph_contextualized,hierarchical,pil_acts,q4eu_069,L,RI,5,5,0.2,0.2,0.20000000000000004,0.2,0.3333333333333333,0.16958010263680806,5,1
hier_paragraph_contextualized,hierarchical,pil_acts,q4eu_069,L,RI,5,10,0.2,0.4,0.26666666666666666,0.2,0.3333333333333333,0.29039140533630226,10,2
hier_paragraph_contextualized,hierarchical,pil_acts,q4eu_070,H,RII,4,5,0.6,0.75,0.6666666666666665,0.75,1.0,0.8048099750039491,5,3
hier_paragraph_contextualized,hierarchical,pil_acts,q4eu_070,H,RII,4,10,0.42857142857142855,0.75,0.5454545454545454,0.75,1.0,0.8048099750039491,7,3
hier_paragraph_contextualized,hierarchical,pil_acts,q4eu_071,N,B,2,5,0.2,0.5,0.28571428571428575,0.5,1.0,0.6131471927654584,5,1
hier_paragraph_contextualized,hierarchical,pil_acts,q4eu_071,N,B,2,10,0.1111111111111111,0.5,0.1818181818181818,0.5,1.0,0.6131471927654584,9,1
hier_paragraph_contextualized,hierarchical,target_acts,q4eu_001,H,E,3,5,1.0,1.0,1.0,1.0,1.0,1.0,3,3
hier_paragraph_contextualized,hierarchical,target_acts,q4eu_001,H,E,3,10,0.5,1.0,0.6666666666666666,1.0,1.0,1.0,6,3
hier_paragraph_contextualized,hierarchical,target_acts,q4eu_002,N,E,2,5,0.2,0.5,0.28571428571428575,0.5,0.5,0.38685280723454163,5,1
hier_paragraph_contextualized,hierarchical,target_acts,q4eu_002,N,E,2,10,0.125,0.5,0.2,0.5,0.5,0.38685280723454163,8,1
hier_paragraph_contextualized,hierarchical,target_acts,q4eu_003,L,E,2,5,0.0,0.0,0.0,0.0,0.0,0.0,4,0
hier_paragraph_contextualized,hierarchical,target_acts,q4eu_003,L,E,2,10,0.125,0.5,0.2,0.0,0.16666666666666666,0.21840743681816419,8,1
hier_paragraph_contextualized,hierarchical,target_acts,q4eu_004,N,E,2,5,0.6666666666666666,1.0,0.8,0.5,1.0,0.9197207891481876,3,2
hier_paragraph_contextualized,hierarchical,target_acts,q4eu_004,N,E,2,10,0.2857142857142857,1.0,0.4444444444444445,0.5,1.0,0.9197207891481876,7,2
hier_paragraph_contextualized,hierarchical,target_acts,q4eu_005,L,E,2,5,0.3333333333333333,0.5,0.4,0.5,1.0,0.6131471927654584,3,1
hier_paragraph_contextualized,hierarchical,target_acts,q4eu_005,L,E,2,10,0.2,0.5,0.28571428571428575,0.5,1.0,0.6131471927654584,5,1
hier_paragraph_contextualized,hierarchical,target_acts,q4eu_006,N,E,2,5,0.4,1.0,0.5714285714285715,1.0,1.0,1.0,5,2
hier_paragraph_contextualized,hierarchical,target_acts,q4eu_006,N,E,2,10,0.25,1.0,0.4,1.0,1.0,1.0,8,2
hier_paragraph_contextualized,hierarchical,target_acts,q4eu_007,H,E,1,5,0.2,1.0,0.33333333333333337,1.0,1.0,1.0,5,1
hier_paragraph_contextualized,hierarchical,target_acts,q4eu_007,H,E,1,10,0.1111111111111111,1.0,0.19999999999999998,1.0,1.0,1.0,9,1
hier_paragraph_contextualized,hierarchical,target_acts,q4eu_008,L,E,2,5,0.0,0.0,0.0,0.0,0.0,0.0,3,0
hier_paragraph_contextualized,hierarchical,target_acts,q4eu_008,L,E,2,10,0.0,0.0,0.0,0.0,0.0,0.0,8,0
hier_paragraph_contextualized,hierarchical,target_acts,q4eu_009,H,E,2,5,0.5,1.0,0.6666666666666666,0.5,1.0,0.8772153153380493,4,2
hier_paragraph_contextualized,hierarchical,target_acts,q4eu_009,H,E,2,10,0.3333333333333333,1.0,0.5,0.5,1.0,0.8772153153380493,6,2
hier_paragraph_contextualized,hierarchical,target_acts,q4eu_010,H,E,1,5,0.25,1.0,0.4,1.0,1.0,1.0,4,1
hier_paragraph_contextualized,hierarchical,target_acts,q4eu_010,H,E,1,10,0.2,1.0,0.33333333333333337,1.0,1.0,1.0,5,1
hier_paragraph_contextualized,hierarchical,target_acts,q4eu_011,L,E,5,5,0.5,0.4,0.4444444444444445,0.4,0.3333333333333333,0.36331756126716835,4,2
hier_paragraph_contextualized,hierarchical,target_acts,q4eu_011,L,E,5,10,0.5,0.8,0.6153846153846154,0.4,0.3333333333333333,0.5356949866046503,8,4
hier_paragraph_contextualized,hierarchical,target_acts,q4eu_012,N,E,4,5,0.8,1.0,0.888888888888889,0.75,1.0,0.9558295932317544,5,4
hier_paragraph_contextualized,hierarchical,target_acts,q4eu_012,N,E,4,10,0.5714285714285714,1.0,0.7272727272727273,0.75,1.0,0.9558295932317544,7,4
hier_paragraph_contextualized,hierarchical,target_acts,q4eu_013,N,E,2,5,0.5,1.0,0.6666666666666666,1.0,1.0,1.0,4,2
hier_paragraph_contextualized,hierarchical,target_acts,q4eu_013,N,E,2,10,0.25,1.0,0.4,1.0,1.0,1.0,8,2
hier_paragraph_contextualized,hierarchical,target_acts,q4eu_014,N,E,2,5,0.5,0.5,0.5,0.5,1.0,0.6131471927654584,2,1
hier_paragraph_contextualized,hierarchical,target_acts,q4eu_014,N,E,2,10,0.16666666666666666,0.5,0.25,0.5,1.0,0.6131471927654584,6,1
hier_paragraph_contextualized,hierarchical,target_acts,q4eu_015,H,E,1,5,1.0,1.0,1.0,1.0,1.0,1.0,1,1
hier_paragraph_contextualized,hierarchical,target_acts,q4eu_015,H,E,1,10,0.25,1.0,0.4,1.0,1.0,1.0,4,1
hier_paragraph_contextualized,hierarchical,target_acts,q4eu_016,N,E,2,5,0.5,1.0,0.6666666666666666,1.0,1.0,1.0,4,2
hier_paragraph_contextualized,hierarchical,target_acts,q4eu_016,N,E,2,10,0.2222222222222222,1.0,0.3636363636363636,1.0,1.0,1.0,9,2
hier_paragraph_contextualized,hierarchical,target_acts,q4eu_017,L,E,2,5,0.6666666666666666,1.0,0.8,0.5,0.5,0.6934264036172708,3,2
hier_paragraph_contextualized,hierarchical,target_acts,q4eu_017,L,E,2,10,0.3333333333333333,1.0,0.5,0.5,0.5,0.6934264036172708,6,2
hier_paragraph_contextualized,hierarchical,target_acts,q4eu_018,H,G,1,5,0.3333333333333333,1.0,0.5,1.0,1.0,1.0,3,1
hier_paragraph_contextualized,hierarchical,target_acts,q4eu_018,H,G,1,10,0.2,1.0,0.33333333333333337,1.0,1.0,1.0,5,1
hier_paragraph_contextualized,hierarchical,target_acts,q4eu_019,N,G,1,5,0.25,1.0,0.4,0.0,0.5,0.6309297535714575,4,1
hier_paragraph_contextualized,hierarchical,target_acts,q4eu_019,N,G,1,10,0.125,1.0,0.2222222222222222,0.0,0.5,0.6309297535714575,8,1
hier_paragraph_contextualized,hierarchical,target_acts,q4eu_020,L,G,6,5,0.6666666666666666,0.3333333333333333,0.4444444444444444,0.3333333333333333,1.0,0.7653606369886217,3,2
hier_paragraph_contextualized,hierarchical,target_acts,q4eu_020,L,G,6,10,0.5714285714285714,0.6666666666666666,0.6153846153846153,0.6666666666666666,1.0,0.7183750273402226,7,4
hier_paragraph_contextualized,hierarchical,target_acts,q4eu_021,N,G,2,5,0.0,0.0,0.0,0.0,0.0,0.0,2,0
hier_paragraph_contextualized,hierarchical,target_acts,q4eu_021,N,G,2,10,0.2,0.5,0.28571428571428575,0.0,0.25,0.2640681225725909,5,1
hier_paragraph_contextualized,hierarchical,target_acts,q4eu_022,L,G,5,5,0.25,0.2,0.22222222222222224,0.2,1.0,0.3903800499921017,4,1
hier_paragraph_contextualized,hierarchical,target_acts,q4eu_022,L,G,5,10,0.14285714285714285,0.2,0.16666666666666666,0.2,1.0,0.3391602052736161,7,1
hier_paragraph_contextualized,hierarchical,target_acts,q4eu_023,N,G,2,5,1.0,0.5,0.6666666666666666,0.5,1.0,1.0,1,1
hier_paragraph_contextualized,hierarchical,target_acts,q4eu_023,N,G,2,10,0.6666666666666666,1.0,0.8,0.5,1.0,0.9197207891481876,3,2
hier_paragraph_contextualized,hierarchical,target_acts,q4eu_024,H,G,3,5,0.6,1.0,0.7499999999999999,0.6666666666666666,1.0,0.9469024295259745,5,3
hier_paragraph_contextualized,hierarchical,target_acts,q4eu_024,H,G,3,10,0.3333333333333333,1.0,0.5,0.6666666666666666,1.0,0.9469024295259745,9,3
hier_paragraph_contextualized,hierarchical,target_acts,q4eu_025,L,G,8,5,0.4,0.25,0.3076923076923077,0.25,1.0,0.5087403079104241,5,2
hier_paragraph_contextualized,hierarchical,target_acts,q4eu_025,L,G,8,10,0.4,0.5,0.4444444444444445,0.375,1.0,0.5353519334313175,10,4
hier_paragraph_contextualized,hierarchical,target_acts,q4eu_026,H,G,1,5,0.5,1.0,0.6666666666666666,1.0,1.0,1.0,2,1
hier_paragraph_contextualized,hierarchical,target_acts,q4eu_026,H,G,1,10,0.14285714285714285,1.0,0.25,1.0,1.0,1.0,7,1
hier_paragraph_contextualized,hierarchical,target_acts,q4eu_027,H,G,1,5,1.0,1.0,1.0,1.0,1.0,1.0,1,1
hier_paragraph_contextualized,hierarchical,target_acts,q4eu_027,H,G,1,10,0.16666666666666666,1.0,0.2857142857142857,1.0,1.0,1.0,6,1
hier_paragraph_contextualized,hierarchical,target_acts,q4eu_028,N,G,4,5,0.4,0.5,0.4444444444444445,0.5,1.0,0.6366824387328317,5,2
hier_paragraph_contextualized,hierarchical,target_acts,q4eu_028,N,G,4,10,0.2222222222222222,0.5,0.30769230769230765,0.5,1.0,0.6366824387328317,9,2
hier_paragraph_contextualized,hierarchical,target_acts,q4eu_029,N,G,2,5,1.0,0.5,0.6666666666666666,0.5,1.0,1.0,1,1
hier_paragraph_contextualized,hierarchical,target_acts,q4eu_029,N,G,2,10,0.5,0.5,0.5,0.5,1.0,0.6131471927654584,2,1
hier_paragraph_contextualized,hierarchical,target_acts,q4eu_030,N,G,4,5,0.2,0.25,0.22222222222222224,0.25,0.25,0.16812753627111746,5,1
hier_paragraph_contextualized,hierarchical,target_acts,q4eu_030,N,G,4,10,0.3,0.75,0.4285714285714285,0.25,0.25,0.4200288571308283,10,3
hier_paragraph_contextualized,hierarchical,target_acts,q4eu_031,H,G,3,5,0.5,0.3333333333333333,0.4,0.3333333333333333,1.0,0.6131471927654584,2,1
hier_paragraph_contextualized,hierarchical,target_acts,q4eu_031,H,G,3,10,0.4,0.6666666666666666,0.5,0.3333333333333333,1.0,0.6713860725233041,5,2
hier_paragraph_contextualized,hierarchical,target_acts,q4eu_032,N,G,3,5,0.5,0.6666666666666666,0.5714285714285715,0.6666666666666666,1.0,0.7653606369886217,4,2
hier_paragraph_contextualized,hierarchical,target_acts,q4eu_032,N,G,3,10,0.2857142857142857,0.6666666666666666,0.4,0.6666666666666666,1.0,0.7653606369886217,7,2
hier_paragraph_contextualized,hierarchical,target_acts,q4eu_033,L,G,6,5,1.0,0.5,0.6666666666666666,0.5,1.0,1.0,3,3
hier_paragraph_contextualized,hierarchical,target_acts,q4eu_033,L,G,6,10,1.0,0.6666666666666666,0.8,0.6666666666666666,1.0,1.0,4,4
hier_paragraph_contextualized,hierarchical,target_acts,q4eu_034,L,B,3,5,0.25,0.3333333333333333,0.28571428571428575,0.0,0.25,0.20210734650054757,4,1
hier_paragraph_contextualized,hierarchical,target_acts,q4eu_034,L,B,3,10,0.2857142857142857,0.6666666666666666,0.4,0.0,0.25,0.38364913903790027,7,2
hier_paragraph_contextualized,hierarchical,target_acts,q4eu_035,N,B,4,5,0.75,0.75,0.75,0.75,1.0,0.75369761125927,4,3
hier_paragraph_contextualized,hierarchical,target_acts,q4eu_035,N,B,4,10,0.42857142857142855,0.75,0.5454545454545454,0.75,1.0,0.75369761125927,7,3
hier_paragraph_contextualized,hierarchical,target_acts,q4eu_036,N,RI,4,5,0.2,0.25,0.22222222222222224,0.25,1.0,0.3903800499921017,5,1
hier_paragraph_contextualized,hierarchical,target_acts,q4eu_036,N,RI,4,10,0.1111111111111111,0.25,0.15384615384615383,0.25,1.0,0.3903800499921017,9,1
hier_paragraph_contextualized,hierarchical,target_acts,q4eu_037,H,B,3,5,0.4,0.6666666666666666,0.5,0.3333333333333333,1.0,0.6713860725233041,5,2
hier_paragraph_contextualized,hierarchical,target_acts,q4eu_037,H,B,3,10,0.3,1.0,0.4615384615384615,0.3333333333333333,1.0,0.8278123145308894,10,3
hier_paragraph_contextualized,hierarchical,target_acts,q4eu_038,H,B,3,5,0.5,0.6666666666666666,0.5714285714285715,0.6666666666666666,1.0,0.7653606369886217,4,2
hier_paragraph_contextualized,hierarchical,target_acts,q4eu_038,H,B,3,10,0.2222222222222222,0.6666666666666666,0.3333333333333333,0.6666666666666666,1.0,0.7653606369886217,9,2
hier_paragraph_contextualized,hierarchical,target_acts,q4eu_039,N,RII,22,5,0.4,0.09090909090909091,0.14814814814814814,0.09090909090909091,0.5,0.38356636737133565,5,2
hier_paragraph_contextualized,hierarchical,target_acts,q4eu_039,N,RII,22,10,0.625,0.22727272727272727,0.3333333333333333,0.22727272727272727,0.5,0.5402692099794264,8,5
hier_paragraph_contextualized,hierarchical,target_acts,q4eu_040,H,RI,4,5,0.4,0.5,0.4444444444444445,0.5,1.0,0.5855700749881525,5,2
hier_paragraph_contextualized,hierarchical,target_acts,q4eu_040,H,RI,4,10,0.2857142857142857,0.5,0.36363636363636365,0.5,1.0,0.5855700749881525,7,2
hier_paragraph_contextualized,hierarchical,target_acts,q4eu_041,N,B,5,5,1.0,0.6,0.7499999999999999,0.6,1.0,1.0,3,3
hier_paragraph_contextualized,hierarchical,target_acts,q4eu_041,N,B,5,10,0.5714285714285714,0.8,0.6666666666666666,0.6,1.0,0.8435378753444459,7,4
hier_paragraph_contextualized,hierarchical,target_acts,q4eu_042,L,RI,2,5,0.3333333333333333,0.5,0.4,0.5,1.0,0.6131471927654584,3,1
hier_paragraph_contextualized,hierarchical,target_acts,q4eu_042,L,RI,2,10,0.3333333333333333,1.0,0.5,0.5,1.0,0.8772153153380493,6,2
hier_paragraph_contextualized,hierarchical,target_acts,q4eu_043,N,B;RI,2,5,0.4,1.0,0.5714285714285715,1.0,1.0,1.0,5,2
hier_paragraph_contextualized,hierarchical,target_acts,q4eu_043,N,B;RI,2,10,0.2,1.0,0.33333333333333337,1.0,1.0,1.0,10,2
hier_paragraph_contextualized,hierarchical,target_acts,q4eu_044,L,RI,4,5,0.75,0.75,0.75,0.75,1.0,0.8318724637288826,4,3
hier_paragraph_contextualized,hierarchical,target_acts,q4eu_044,L,RI,4,10,0.42857142857142855,0.75,0.5454545454545454,0.75,1.0,0.8318724637288826,7,3
hier_paragraph_contextualized,hierarchical,target_acts,q4eu_045,N,B,4,5,0.8,1.0,0.888888888888889,1.0,1.0,1.0,5,4
hier_paragraph_contextualized,hierarchical,target_acts,q4eu_045,N,B,4,10,0.4,1.0,0.5714285714285715,1.0,1.0,1.0,10,4
hier_paragraph_contextualized,hierarchical,target_acts,q4eu_046,H,B,5,5,0.75,0.6,0.6666666666666665,0.6,1.0,0.8318724637288826,4,3
hier_paragraph_contextualized,hierarchical,target_acts,q4eu_046,H,B,5,10,0.375,0.6,0.4615384615384615,0.6,1.0,0.7227265726449519,8,3
hier_paragraph_contextualized,hierarchical,target_acts,q4eu_047,N,W,5,5,0.2,0.2,0.20000000000000004,0.2,1.0,0.3391602052736161,5,1
hier_paragraph_contextualized,hierarchical,target_acts,q4eu_047,N,W,5,10,0.1111111111111111,0.2,0.14285714285714285,0.2,1.0,0.3391602052736161,9,1
hier_paragraph_contextualized,hierarchical,target_acts,q4eu_048,L,W,3,5,0.25,0.3333333333333333,0.28571428571428575,0.3333333333333333,1.0,0.46927872602275644,4,1
hier_paragraph_contextualized,hierarchical,target_acts,q4eu_048,L,W,3,10,0.14285714285714285,0.3333333333333333,0.2,0.3333333333333333,1.0,0.46927872602275644,7,1
hier_paragraph_contextualized,hierarchical,target_acts,q4eu_049,N,W,3,5,0.25,0.3333333333333333,0.28571428571428575,0.3333333333333333,1.0,0.46927872602275644,4,1
hier_paragraph_contextualized,hierarchical,target_acts,q4eu_049,N,W,3,10,0.2222222222222222,0.6666666666666666,0.3333333333333333,0.3333333333333333,1.0,0.6257049680303419,9,2
hier_paragraph_contextualized,hierarchical,target_acts,q4eu_050,H,W,2,5,0.3333333333333333,0.5,0.4,0.5,1.0,0.6131471927654584,3,1
hier_paragraph_contextualized,hierarchical,target_acts,q4eu_050,H,W,2,10,0.16666666666666666,0.5,0.25,0.5,1.0,0.6131471927654584,6,1
hier_paragraph_contextualized,hierarchical,target_acts,q4eu_051,L,W,5,5,0.75,0.6,0.6666666666666665,0.6,1.0,0.8318724637288826,4,3
hier_paragraph_contextualized,hierarchical,target_acts,q4eu_051,L,W,5,10,0.5,0.8,0.6153846153846154,0.6,1.0,0.8357799744028238,8,4
hier_paragraph_contextualized,hierarchical,target_acts,q4eu_052,H,W,1,5,0.3333333333333333,1.0,0.5,1.0,1.0,1.0,3,1
hier_paragraph_contextualized,hierarchical,target_acts,q4eu_052,H,W,1,10,0.125,1.0,0.2222222222222222,1.0,1.0,1.0,8,1
hier_paragraph_contextualized,hierarchical,target_acts,q4eu_053,N,W,2,5,0.2,0.5,0.28571428571428575,0.5,1.0,0.6131471927654584,5,1
hier_paragraph_contextualized,hierarchical,target_acts,q4eu_053,N,W,2,10,0.25,1.0,0.4,0.5,1.0,0.8175295903539445,8,2
hier_paragraph_contextualized,hierarchical,target_acts,q4eu_054,L,W,4,5,0.2,0.25,0.22222222222222224,0.25,0.3333333333333333,0.19519002499605084,5,1
hier_paragraph_contextualized,hierarchical,target_acts,q4eu_054,L,W,4,10,0.125,0.25,0.16666666666666666,0.25,0.3333333333333333,0.19519002499605084,8,1
hier_paragraph_contextualized,hierarchical,target_acts,q4eu_055,H,W,1,5,0.2,1.0,0.33333333333333337,1.0,1.0,1.0,5,1
hier_paragraph_contextualized,hierarchical,target_acts,q4eu_055,H,W,1,10,0.1111111111111111,1.0,0.19999999999999998,1.0,1.0,1.0,9,1
hier_paragraph_contextualized,hierarchical,target_acts,q4eu_056,L,W,4,5,0.3333333333333333,0.25,0.28571428571428575,0.25,1.0,0.46927872602275644,3,1
hier_paragraph_contextualized,hierarchical,target_acts,q4eu_056,L,W,4,10,0.5,0.75,0.6,0.25,1.0,0.6804558477306826,6,3
hier_paragraph_contextualized,hierarchical,target_acts,q4eu_057,N,W,4,5,0.5,0.5,0.5,0.5,0.5,0.44149241373678083,4,2
hier_paragraph_contextualized,hierarchical,target_acts,q4eu_057,N,W,4,10,0.42857142857142855,0.75,0.5454545454545454,0.5,0.5,0.592512031964586,7,3
hier_paragraph_contextualized,hierarchical,target_acts,q4eu_058,N,W,4,5,0.3333333333333333,0.25,0.28571428571428575,0.25,1.0,0.46927872602275644,3,1
hier_paragraph_contextualized,hierarchical,target_acts,q4eu_058,N,W,4,10,0.3333333333333333,0.5,0.4,0.5,1.0,0.5585075862632192,6,2
hier_paragraph_contextualized,hierarchical,target_acts,q4eu_059,H,W,3,5,0.2,0.3333333333333333,0.25,0.3333333333333333,1.0,0.46927872602275644,5,1
hier_paragraph_contextualized,hierarchical,target_acts,q4eu_059,H,W,3,10,0.2222222222222222,0.6666666666666666,0.3333333333333333,0.3333333333333333,1.0,0.617319681505689,9,2
hier_paragraph_contextualized,hierarchical,target_acts,q4eu_060,L,W,4,5,0.75,0.75,0.75,0.75,1.0,0.8048099750039491,4,3
hier_paragraph_contextualized,hierarchical,target_acts,q4eu_060,L,W,4,10,0.3333333333333333,0.75,0.46153846153846156,0.75,1.0,0.8048099750039491,9,3
hier_paragraph_contextualized,hierarchical,target_acts,q4eu_061,H,W,2,5,0.25,0.5,0.3333333333333333,0.5,1.0,0.6131471927654584,4,1
hier_paragraph_contextualized,hierarchical,target_acts,q4eu_061,H,W,2,10,0.125,0.5,0.2,0.5,1.0,0.6131471927654584,8,1
hier_paragraph_contextualized,hierarchical,target_acts,q4eu_062,H,W,2,5,0.2,0.5,0.28571428571428575,0.5,1.0,0.6131471927654584,5,1
hier_paragraph_contextualized,hierarchical,target_acts,q4eu_062,H,W,2,10,0.1111111111111111,0.5,0.1818181818181818,0.5,1.0,0.6131471927654584,9,1
hier_paragraph_contextualized,hierarchical,target_acts,q4eu_063,N,W,2,5,0.5,0.5,0.5,0.5,1.0,0.6131471927654584,2,1
hier_paragraph_contextualized,hierarchical,target_acts,q4eu_063,N,W,2,10,0.16666666666666666,0.5,0.25,0.5,1.0,0.6131471927654584,6,1
hier_paragraph_contextualized,hierarchical,target_acts,q4eu_064,N,W,3,5,0.5,0.6666666666666666,0.5714285714285715,0.6666666666666666,1.0,0.7653606369886217,4,2
hier_paragraph_contextualized,hierarchical,target_acts,q4eu_064,N,W,3,10,0.3333333333333333,1.0,0.5,0.6666666666666666,1.0,0.9217868789962071,9,3
hier_paragraph_contextualized,hierarchical,target_acts,q4eu_065,L,W,6,5,1.0,0.5,0.6666666666666666,0.5,1.0,1.0,3,3
hier_paragraph_contextualized,hierarchical,target_acts,q4eu_065,L,W,6,10,0.6666666666666666,0.6666666666666666,0.6666666666666666,0.6666666666666666,1.0,0.7751482523375256,6,4
hier_paragraph_contextualized,hierarchical,target_acts,q4eu_066,H,W,1,5,0.2,1.0,0.33333333333333337,1.0,1.0,1.0,5,1
hier_paragraph_contextualized,hierarchical,target_acts,q4eu_066,H,W,1,10,0.125,1.0,0.2222222222222222,1.0,1.0,1.0,8,1
hier_paragraph_contextualized,hierarchical,target_acts,q4eu_067,L,W,3,5,0.25,0.3333333333333333,0.28571428571428575,0.3333333333333333,1.0,0.46927872602275644,4,1
hier_paragraph_contextualized,hierarchical,target_acts,q4eu_067,L,W,3,10,0.125,0.3333333333333333,0.18181818181818182,0.3333333333333333,1.0,0.46927872602275644,8,1
hier_paragraph_contextualized,hierarchical,target_acts,q4eu_068,L,B;RI;RII,6,5,0.0,0.0,0.0,0.0,0.0,0.0,5,0
hier_paragraph_contextualized,hierarchical,target_acts,q4eu_068,L,B;RI;RII,6,10,0.0,0.0,0.0,0.0,0.0,0.0,10,0
hier_paragraph_contextualized,hierarchical,target_acts,q4eu_069,L,RI,5,5,0.4,0.4,0.4000000000000001,0.4,0.3333333333333333,0.30078518014914984,5,2
hier_paragraph_contextualized,hierarchical,target_acts,q4eu_069,L,RI,5,10,0.2222222222222222,0.4,0.2857142857142857,0.4,0.3333333333333333,0.30078518014914984,9,2
hier_paragraph_contextualized,hierarchical,target_acts,q4eu_070,H,RII,4,5,0.75,0.75,0.75,0.75,1.0,0.8318724637288826,4,3
hier_paragraph_contextualized,hierarchical,target_acts,q4eu_070,H,RII,4,10,0.42857142857142855,0.75,0.5454545454545454,0.75,1.0,0.8318724637288826,7,3
hier_paragraph_contextualized,hierarchical,target_acts,q4eu_071,N,B,2,5,0.25,0.5,0.3333333333333333,0.5,1.0,0.6131471927654584,4,1
hier_paragraph_contextualized,hierarchical,target_acts,q4eu_071,N,B,2,10,0.1111111111111111,0.5,0.1818181818181818,0.5,1.0,0.6131471927654584,9,1
hier_paragraph_contextualized,hierarchical,target_acts,q4eu_072,L,G,3,5,0.5,0.6666666666666666,0.5714285714285715,0.3333333333333333,0.3333333333333333,0.4367467095119258,4,2
hier_paragraph_contextualized,hierarchical,target_acts,q4eu_072,L,G,3,10,0.5,0.6666666666666666,0.5714285714285715,0.3333333333333333,0.3333333333333333,0.4367467095119258,4,2
hier_subparagraph,hierarchical,all_acts,q4eu_001,H,E,3,5,0.75,1.0,0.8571428571428571,1.0,1.0,1.0,4,3
hier_subparagraph,hierarchical,all_acts,q4eu_001,H,E,3,10,0.375,1.0,0.5454545454545454,1.0,1.0,1.0,8,3
hier_subparagraph,hierarchical,all_acts,q4eu_002,N,E,2,5,0.0,0.0,0.0,0.0,0.0,0.0,4,0
hier_subparagraph,hierarchical,all_acts,q4eu_002,N,E,2,10,0.1111111111111111,0.5,0.1818181818181818,0.0,0.16666666666666666,0.21840743681816419,9,1
hier_subparagraph,hierarchical,all_acts,q4eu_003,L,E,2,5,0.25,0.5,0.3333333333333333,0.5,0.5,0.38685280723454163,4,1
hier_subparagraph,hierarchical,all_acts,q4eu_003,L,E,2,10,0.125,0.5,0.2,0.5,0.5,0.38685280723454163,8,1
hier_subparagraph,hierarchical,all_acts,q4eu_004,N,E,2,5,0.5,1.0,0.6666666666666666,0.5,1.0,0.9197207891481876,4,2
hier_subparagraph,hierarchical,all_acts,q4eu_004,N,E,2,10,0.2857142857142857,1.0,0.4444444444444445,0.5,1.0,0.9197207891481876,7,2
hier_subparagraph,hierarchical,all_acts,q4eu_005,L,E,2,5,0.2,0.5,0.28571428571428575,0.5,1.0,0.6131471927654584,5,1
hier_subparagraph,hierarchical,all_acts,q4eu_005,L,E,2,10,0.14285714285714285,0.5,0.22222222222222224,0.5,1.0,0.6131471927654584,7,1
hier_subparagraph,hierarchical,all_acts,q4eu_006,N,E,2,5,0.4,1.0,0.5714285714285715,1.0,1.0,1.0,5,2
hier_subparagraph,hierarchical,all_acts,q4eu_006,N,E,2,10,0.2222222222222222,1.0,0.3636363636363636,1.0,1.0,1.0,9,2
hier_subparagraph,hierarchical,all_acts,q4eu_007,H,E,1,5,0.25,1.0,0.4,1.0,1.0,1.0,4,1
hier_subparagraph,hierarchical,all_acts,q4eu_007,H,E,1,10,0.1111111111111111,1.0,0.19999999999999998,1.0,1.0,1.0,9,1
hier_subparagraph,hierarchical,all_acts,q4eu_008,L,E,2,5,0.0,0.0,0.0,0.0,0.0,0.0,4,0
hier_subparagraph,hierarchical,all_acts,q4eu_008,L,E,2,10,0.0,0.0,0.0,0.0,0.0,0.0,9,0
hier_subparagraph,hierarchical,all_acts,q4eu_009,H,E,2,5,0.2,0.5,0.28571428571428575,0.5,1.0,0.6131471927654584,5,1
hier_subparagraph,hierarchical,all_acts,q4eu_009,H,E,2,10,0.2222222222222222,1.0,0.3636363636363636,0.5,1.0,0.8175295903539445,9,2
hier_subparagraph,hierarchical,all_acts,q4eu_010,H,E,1,5,0.25,1.0,0.4,1.0,1.0,1.0,4,1
hier_subparagraph,hierarchical,all_acts,q4eu_010,H,E,1,10,0.16666666666666666,1.0,0.2857142857142857,1.0,1.0,1.0,6,1
hier_subparagraph,hierarchical,all_acts,q4eu_011,L,E,5,5,0.4,0.4,0.4000000000000001,0.4,0.5,0.34519134224686937,5,2
hier_subparagraph,hierarchical,all_acts,q4eu_011,L,E,5,10,0.3,0.6,0.4,0.4,0.5,0.4660026449463635,10,3
hier_subparagraph,hierarchical,all_acts,q4eu_012,N,E,4,5,0.8,1.0,0.888888888888889,0.75,1.0,0.9828920819566879,5,4
hier_subparagraph,hierarchical,all_acts,q4eu_012,N,E,4,10,0.5714285714285714,1.0,0.7272727272727273,0.75,1.0,0.9828920819566879,7,4
hier_subparagraph,hierarchical,all_acts,q4eu_013,N,E,2,5,0.5,1.0,0.6666666666666666,1.0,1.0,1.0,4,2
hier_subparagraph,hierarchical,all_acts,q4eu_013,N,E,2,10,0.2222222222222222,1.0,0.3636363636363636,1.0,1.0,1.0,9,2
hier_subparagraph,hierarchical,all_acts,q4eu_014,N,E,2,5,0.3333333333333333,0.5,0.4,0.5,1.0,0.6131471927654584,3,1
hier_subparagraph,hierarchical,all_acts,q4eu_014,N,E,2,10,0.14285714285714285,0.5,0.22222222222222224,0.5,1.0,0.6131471927654584,7,1
hier_subparagraph,hierarchical,all_acts,q4eu_015,H,E,1,5,0.5,1.0,0.6666666666666666,1.0,1.0,1.0,2,1
hier_subparagraph,hierarchical,all_acts,q4eu_015,H,E,1,10,0.16666666666666666,1.0,0.2857142857142857,1.0,1.0,1.0,6,1
hier_subparagraph,hierarchical,all_acts,q4eu_016,N,E,2,5,0.2,0.5,0.28571428571428575,0.5,1.0,0.6131471927654584,5,1
hier_subparagraph,hierarchical,all_acts,q4eu_016,N,E,2,10,0.2222222222222222,1.0,0.3636363636363636,0.5,1.0,0.8065735963827293,9,2
hier_subparagraph,hierarchical,all_acts,q4eu_017,L,E,2,5,0.2,0.5,0.28571428571428575,0.0,0.25,0.2640681225725909,5,1
hier_subparagraph,hierarchical,all_acts,q4eu_017,L,E,2,10,0.2222222222222222,1.0,0.3636363636363636,0.0,0.25,0.48247555939075504,9,2
hier_subparagraph,hierarchical,all_acts,q4eu_018,H,G,1,5,0.2,1.0,0.33333333333333337,0.0,0.2,0.38685280723454163,5,1
hier_subparagraph,hierarchical,all_acts,q4eu_018,H,G,1,10,0.125,1.0,0.2222222222222222,0.0,0.2,0.38685280723454163,8,1
hier_subparagraph,hierarchical,all_acts,q4eu_019,N,G,1,5,0.2,1.0,0.33333333333333337,0.0,0.2,0.38685280723454163,5,1
hier_subparagraph,hierarchical,all_acts,q4eu_019,N,G,1,10,0.1111111111111111,1.0,0.19999999999999998,0.0,0.2,0.38685280723454163,9,1
hier_subparagraph,hierarchical,all_acts,q4eu_020,L,G,6,5,0.75,0.5,0.6,0.5,1.0,0.8048099750039491,4,3
hier_subparagraph,hierarchical,all_acts,q4eu_020,L,G,6,10,0.625,0.8333333333333334,0.7142857142857143,0.8333333333333334,1.0,0.8486987932505933,8,5
hier_subparagraph,hierarchical,all_acts,q4eu_021,N,G,2,5,0.2,0.5,0.28571428571428575,0.0,0.25,0.2640681225725909,5,1
hier_subparagraph,hierarchical,all_acts,q4eu_021,N,G,2,10,0.1111111111111111,0.5,0.1818181818181818,0.0,0.25,0.2640681225725909,9,1
hier_subparagraph,hierarchical,all_acts,q4eu_022,L,G,5,5,0.2,0.2,0.20000000000000004,0.2,0.25,0.14606834984270645,5,1
hier_subparagraph,hierarchical,all_acts,q4eu_022,L,G,5,10,0.25,0.4,0.3076923076923077,0.2,0.25,0.26687965254220064,8,2
hier_subparagraph,hierarchical,all_acts,q4eu_023,N,G,2,5,0.4,1.0,0.5714285714285715,0.5,0.5,0.6509209298071326,5,2
hier_subparagraph,hierarchical,all_acts,q4eu_023,N,G,2,10,0.2,1.0,0.33333333333333337,0.5,0.5,0.6509209298071326,10,2
hier_subparagraph,hierarchical,all_acts,q4eu_024,H,G,3,5,0.6,1.0,0.7499999999999999,0.3333333333333333,0.5,0.6797310500037655,5,3
hier_subparagraph,hierarchical,all_acts,q4eu_024,H,G,3,10,0.3333333333333333,1.0,0.5,0.3333333333333333,0.5,0.6797310500037655,9,3
hier_subparagraph,hierarchical,all_acts,q4eu_025,L,G,8,5,0.4,0.25,0.3076923076923077,0.25,1.0,0.5087403079104241,5,2
hier_subparagraph,hierarchical,all_acts,q4eu_025,L,G,8,10,0.3,0.375,0.33333333333333326,0.375,1.0,0.45920859271393394,10,3
hier_subparagraph,hierarchical,all_acts,q4eu_026,H,G,1,5,0.2,1.0,0.33333333333333337,1.0,1.0,1.0,5,1
hier_subparagraph,hierarchical,all_acts,q4eu_026,H,G,1,10,0.1111111111111111,1.0,0.19999999999999998,1.0,1.0,1.0,9,1
hier_subparagraph,hierarchical,all_acts,q4eu_027,H,G,1,5,0.0,0.0,0.0,0.0,0.0,0.0,5,0
hier_subparagraph,hierarchical,all_acts,q4eu_027,H,G,1,10,0.0,0.0,0.0,0.0,0.0,0.0,10,0
hier_subparagraph,hierarchical,all_acts,q4eu_028,N,G,4,5,0.4,0.5,0.4444444444444445,0.5,1.0,0.5855700749881525,5,2
hier_subparagraph,hierarchical,all_acts,q4eu_028,N,G,4,10,0.2,0.5,0.28571428571428575,0.5,1.0,0.5855700749881525,10,2
hier_subparagraph,hierarchical,all_acts,q4eu_029,N,G,2,5,0.2,0.5,0.28571428571428575,0.5,1.0,0.6131471927654584,5,1
hier_subparagraph,hierarchical,all_acts,q4eu_029,N,G,2,10,0.1111111111111111,0.5,0.1818181818181818,0.5,1.0,0.6131471927654584,9,1
hier_subparagraph,hierarchical,all_acts,q4eu_030,N,G,4,5,0.2,0.25,0.22222222222222224,0.25,0.5,0.24630238874073,5,1
hier_subparagraph,hierarchical,all_acts,q4eu_030,N,G,4,10,0.1,0.25,0.14285714285714288,0.25,0.5,0.24630238874073,10,1
hier_subparagraph,hierarchical,all_acts,q4eu_031,H,G,3,5,0.2,0.3333333333333333,0.25,0.3333333333333333,0.5,0.2960819109658652,5,1
hier_subparagraph,hierarchical,all_acts,q4eu_031,H,G,3,10,0.1111111111111111,0.3333333333333333,0.16666666666666666,0.3333333333333333,0.5,0.2960819109658652,9,1
hier_subparagraph,hierarchical,all_acts,q4eu_032,N,G,3,5,0.2,0.3333333333333333,0.25,0.0,0.25,0.20210734650054757,5,1
hier_subparagraph,hierarchical,all_acts,q4eu_032,N,G,3,10,0.2,0.6666666666666666,0.30769230769230765,0.0,0.25,0.3501483019834802,10,2
hier_subparagraph,hierarchical,all_acts,q4eu_033,L,G,6,5,1.0,0.8333333333333334,0.9090909090909091,0.8333333333333334,1.0,1.0,5,5
hier_subparagraph,hierarchical,all_acts,q4eu_033,L,G,6,10,0.8571428571428571,1.0,0.923076923076923,0.8333333333333334,1.0,0.9930783166417602,7,6
hier_subparagraph,hierarchical,all_acts,q4eu_034,L,B,3,5,0.0,0.0,0.0,0.0,0.0,0.0,5,0
hier_subparagraph,hierarchical,all_acts,q4eu_034,L,B,3,10,0.0,0.0,0.0,0.0,0.0,0.0,10,0
hier_subparagraph,hierarchical,all_acts,q4eu_035,N,B,4,5,0.2,0.25,0.22222222222222224,0.25,0.5,0.24630238874073,5,1
hier_subparagraph,hierarchical,all_acts,q4eu_035,N,B,4,10,0.1,0.25,0.14285714285714288,0.25,0.5,0.24630238874073,10,1
hier_subparagraph,hierarchical,all_acts,q4eu_036,N,RI,4,5,0.2,0.25,0.22222222222222224,0.25,1.0,0.3903800499921017,5,1
hier_subparagraph,hierarchical,all_acts,q4eu_036,N,RI,4,10,0.1,0.25,0.14285714285714288,0.25,1.0,0.3903800499921017,10,1
hier_subparagraph,hierarchical,all_acts,q4eu_037,H,B,3,5,0.4,0.6666666666666666,0.5,0.6666666666666666,1.0,0.7653606369886217,5,2
hier_subparagraph,hierarchical,all_acts,q4eu_037,H,B,3,10,0.3,1.0,0.4615384615384615,0.6666666666666666,1.0,0.9325210919548239,10,3
hier_subparagraph,hierarchical,all_acts,q4eu_038,H,B,3,5,0.4,0.6666666666666666,0.5,0.6666666666666666,1.0,0.7653606369886217,5,2
hier_subparagraph,hierarchical,all_acts,q4eu_038,H,B,3,10,0.2222222222222222,0.6666666666666666,0.3333333333333333,0.6666666666666666,1.0,0.7653606369886217,9,2
hier_subparagraph,hierarchical,all_acts,q4eu_039,N,RII,22,5,0.6,0.13636363636363635,0.22222222222222218,0.13636363636363635,1.0,0.639945385422766,5,3
hier_subparagraph,hierarchical,all_acts,q4eu_039,N,RII,22,10,0.5555555555555556,0.22727272727272727,0.3225806451612903,0.22727272727272727,1.0,0.5926006319332827,9,5
hier_subparagraph,hierarchical,all_acts,q4eu_040,H,RI,4,5,0.4,0.5,0.4444444444444445,0.5,1.0,0.5585075862632192,5,2
hier_subparagraph,hierarchical,all_acts,q4eu_040,H,RI,4,10,0.2222222222222222,0.5,0.30769230769230765,0.5,1.0,0.5585075862632192,9,2
hier_subparagraph,hierarchical,all_acts,q4eu_041,N,B,5,5,0.5,0.4,0.4444444444444445,0.4,1.0,0.5855700749881525,4,2
hier_subparagraph,hierarchical,all_acts,q4eu_041,N,B,5,10,0.3333333333333333,0.6,0.42857142857142855,0.4,1.0,0.615733440277688,9,3
hier_subparagraph,hierarchical,all_acts,q4eu_042,L,RI,2,5,0.25,0.5,0.3333333333333333,0.5,1.0,0.6131471927654584,4,1
hier_subparagraph,hierarchical,all_acts,q4eu_042,L,RI,2,10,0.25,1.0,0.4,0.5,1.0,0.8315546295836225,8,2
hier_subparagraph,hierarchical,all_acts,q4eu_043,N,B;RI,2,5,0.4,1.0,0.5714285714285715,1.0,1.0,1.0,5,2
hier_subparagraph,hierarchical,all_acts,q4eu_043,N,B;RI,2,10,0.2,1.0,0.33333333333333337,1.0,1.0,1.0,10,2
hier_subparagraph,hierarchical,all_acts,q4eu_044,L,RI,4,5,0.5,0.5,0.5,0.5,1.0,0.6366824387328317,4,2
hier_subparagraph,hierarchical,all_acts,q4eu_044,L,RI,4,10,0.25,0.5,0.3333333333333333,0.5,1.0,0.6366824387328317,8,2
hier_subparagraph,hierarchical,all_acts,q4eu_045,N,B,4,5,0.8,1.0,0.888888888888889,1.0,1.0,1.0,5,4
hier_subparagraph,hierarchical,all_acts,q4eu_045,N,B,4,10,0.4,1.0,0.5714285714285715,1.0,1.0,1.0,10,4
hier_subparagraph,hierarchical,all_acts,q4eu_046,H,B,5,5,1.0,0.6,0.7499999999999999,0.6,1.0,1.0,3,3
hier_subparagraph,hierarchical,all_acts,q4eu_046,H,B,5,10,0.375,0.6,0.4615384615384615,0.6,1.0,0.7227265726449519,8,3
hier_subparagraph,hierarchical,all_acts,q4eu_047,N,W,5,5,0.2,0.2,0.20000000000000004,0.2,1.0,0.3391602052736161,5,1
hier_subparagraph,hierarchical,all_acts,q4eu_047,N,W,5,10,0.2222222222222222,0.4,0.2857142857142857,0.2,1.0,0.45221360703148816,9,2
hier_subparagraph,hierarchical,all_acts,q4eu_048,L,W,3,5,0.2,0.3333333333333333,0.25,0.3333333333333333,0.5,0.2960819109658652,5,1
hier_subparagraph,hierarchical,all_acts,q4eu_048,L,W,3,10,0.1,0.3333333333333333,0.15384615384615383,0.3333333333333333,0.5,0.2960819109658652,10,1
hier_subparagraph,hierarchical,all_acts,q4eu_049,N,W,3,5,0.25,0.3333333333333333,0.28571428571428575,0.3333333333333333,1.0,0.46927872602275644,4,1
hier_subparagraph,hierarchical,all_acts,q4eu_049,N,W,3,10,0.2222222222222222,0.6666666666666666,0.3333333333333333,0.3333333333333333,1.0,0.6257049680303419,9,2
hier_subparagraph,hierarchical,all_acts,q4eu_050,H,W,2,5,0.2,0.5,0.28571428571428575,0.5,1.0,0.6131471927654584,5,1
hier_subparagraph,hierarchical,all_acts,q4eu_050,H,W,2,10,0.16666666666666666,0.5,0.25,0.5,1.0,0.6131471927654584,6,1
hier_subparagraph,hierarchical,all_acts,q4eu_051,L,W,5,5,1.0,0.8,0.888888888888889,0.8,1.0,1.0,4,4
hier_subparagraph,hierarchical,all_acts,q4eu_051,L,W,5,10,0.4444444444444444,0.8,0.5714285714285714,0.8,1.0,0.8687949224876582,9,4
hier_subparagraph,hierarchical,all_acts,q4eu_052,H,W,1,5,0.2,1.0,0.33333333333333337,1.0,1.0,1.0,5,1
hier_subparagraph,hierarchical,all_acts,q4eu_052,H,W,1,10,0.125,1.0,0.2222222222222222,1.0,1.0,1.0,8,1
hier_subparagraph,hierarchical,all_acts,q4eu_053,N,W,2,5,0.2,0.5,0.28571428571428575,0.5,1.0,0.6131471927654584,5,1
hier_subparagraph,hierarchical,all_acts,q4eu_053,N,W,2,10,0.2857142857142857,1.0,0.4444444444444445,0.5,1.0,0.8315546295836225,7,2
hier_subparagraph,hierarchical,all_acts,q4eu_054,L,W,4,5,0.25,0.25,0.25,0.25,0.3333333333333333,0.19519002499605084,4,1
hier_subparagraph,hierarchical,all_acts,q4eu_054,L,W,4,10,0.125,0.25,0.16666666666666666,0.25,0.3333333333333333,0.19519002499605084,8,1
hier_subparagraph,hierarchical,all_acts,q4eu_055,H,W,1,5,0.2,1.0,0.33333333333333337,0.0,0.5,0.6309297535714575,5,1
hier_subparagraph,hierarchical,all_acts,q4eu_055,H,W,1,10,0.14285714285714285,1.0,0.25,0.0,0.5,0.6309297535714575,7,1
hier_subparagraph,hierarchical,all_acts,q4eu_056,L,W,4,5,0.3333333333333333,0.25,0.28571428571428575,0.25,1.0,0.46927872602275644,3,1
hier_subparagraph,hierarchical,all_acts,q4eu_056,L,W,4,10,0.42857142857142855,0.75,0.5454545454545454,0.5,1.0,0.7095272044910244,7,3
hier_subparagraph,hierarchical,all_acts,q4eu_057,N,W,4,5,0.6,0.75,0.6666666666666665,0.75,1.0,0.8048099750039491,5,3
hier_subparagraph,hierarchical,all_acts,q4eu_057,N,W,4,10,0.375,0.75,0.5,0.75,1.0,0.8048099750039491,8,3
hier_subparagraph,hierarchical,all_acts,q4eu_058,N,W,4,5,0.6666666666666666,0.5,0.5714285714285715,0.5,1.0,0.7653606369886217,3,2
hier_subparagraph,hierarchical,all_acts,q4eu_058,N,W,4,10,0.2857142857142857,0.5,0.36363636363636365,0.5,1.0,0.6366824387328317,7,2
hier_subparagraph,hierarchical,all_acts,q4eu_059,H,W,3,5,0.2,0.3333333333333333,0.25,0.3333333333333333,1.0,0.46927872602275644,5,1
hier_subparagraph,hierarchical,all_acts,q4eu_059,H,W,3,10,0.1,0.3333333333333333,0.15384615384615383,0.3333333333333333,1.0,0.46927872602275644,10,1
hier_subparagraph,hierarchical,all_acts,q4eu_060,L,W,4,5,0.0,0.0,0.0,0.0,0.0,0.0,5,0
hier_subparagraph,hierarchical,all_acts,q4eu_060,L,W,4,10,0.0,0.0,0.0,0.0,0.0,0.0,10,0
hier_subparagraph,hierarchical,all_acts,q4eu_061,H,W,2,5,0.2,0.5,0.28571428571428575,0.5,1.0,0.6131471927654584,5,1
hier_subparagraph,hierarchical,all_acts,q4eu_061,H,W,2,10,0.1111111111111111,0.5,0.1818181818181818,0.5,1.0,0.6131471927654584,9,1
hier_subparagraph,hierarchical,all_acts,q4eu_062,H,W,2,5,0.2,0.5,0.28571428571428575,0.5,1.0,0.6131471927654584,5,1
hier_subparagraph,hierarchical,all_acts,q4eu_062,H,W,2,10,0.1111111111111111,0.5,0.1818181818181818,0.5,1.0,0.6131471927654584,9,1
hier_subparagraph,hierarchical,all_acts,q4eu_063,N,W,2,5,0.3333333333333333,0.5,0.4,0.5,1.0,0.6131471927654584,3,1
hier_subparagraph,hierarchical,all_acts,q4eu_063,N,W,2,10,0.14285714285714285,0.5,0.22222222222222224,0.5,1.0,0.6131471927654584,7,1
hier_subparagraph,hierarchical,all_acts,q4eu_064,N,W,3,5,0.5,0.6666666666666666,0.5714285714285715,0.6666666666666666,1.0,0.7653606369886217,4,2
hier_subparagraph,hierarchical,all_acts,q4eu_064,N,W,3,10,0.2222222222222222,0.6666666666666666,0.3333333333333333,0.6666666666666666,1.0,0.7653606369886217,9,2
hier_subparagraph,hierarchical,all_acts,q4eu_065,L,W,6,5,1.0,0.5,0.6666666666666666,0.5,1.0,1.0,3,3
hier_subparagraph,hierarchical,all_acts,q4eu_065,L,W,6,10,0.5714285714285714,0.6666666666666666,0.6153846153846153,0.6666666666666666,1.0,0.7526136409516658,7,4
hier_subparagraph,hierarchical,all_acts,q4eu_066,H,W,1,5,0.2,1.0,0.33333333333333337,1.0,1.0,1.0,5,1
hier_subparagraph,hierarchical,all_acts,q4eu_066,H,W,1,10,0.1,1.0,0.18181818181818182,1.0,1.0,1.0,10,1
hier_subparagraph,hierarchical,all_acts,q4eu_067,L,W,3,5,0.2,0.3333333333333333,0.25,0.3333333333333333,1.0,0.46927872602275644,5,1
hier_subparagraph,hierarchical,all_acts,q4eu_067,L,W,3,10,0.1111111111111111,0.3333333333333333,0.16666666666666666,0.3333333333333333,1.0,0.46927872602275644,9,1
hier_subparagraph,hierarchical,all_acts,q4eu_068,L,B;RI;RII,6,5,0.2,0.16666666666666666,0.1818181818181818,0.16666666666666666,1.0,0.3391602052736161,5,1
hier_subparagraph,hierarchical,all_acts,q4eu_068,L,B;RI;RII,6,10,0.1,0.16666666666666666,0.125,0.16666666666666666,1.0,0.3026024134988135,10,1
hier_subparagraph,hierarchical,all_acts,q4eu_069,L,RI,5,5,0.4,0.4,0.4000000000000001,0.4,0.3333333333333333,0.30078518014914984,5,2
hier_subparagraph,hierarchical,all_acts,q4eu_069,L,RI,5,10,0.2,0.4,0.26666666666666666,0.4,0.3333333333333333,0.30078518014914984,10,2
hier_subparagraph,hierarchical,all_acts,q4eu_070,H,RII,4,5,0.6,0.75,0.6666666666666665,0.75,1.0,0.8048099750039491,5,3
hier_subparagraph,hierarchical,all_acts,q4eu_070,H,RII,4,10,0.3333333333333333,0.75,0.46153846153846156,0.75,1.0,0.8048099750039491,9,3
hier_subparagraph,hierarchical,all_acts,q4eu_071,N,B,2,5,0.2,0.5,0.28571428571428575,0.5,1.0,0.6131471927654584,5,1
hier_subparagraph,hierarchical,all_acts,q4eu_071,N,B,2,10,0.1,0.5,0.16666666666666669,0.5,1.0,0.6131471927654584,10,1
hier_subparagraph,hierarchical,all_acts,q4eu_072,L,G,3,5,0.0,0.0,0.0,0.0,0.0,0.0,5,0
hier_subparagraph,hierarchical,all_acts,q4eu_072,L,G,3,10,0.0,0.0,0.0,0.0,0.0,0.0,10,0
hier_subparagraph,hierarchical,pil_acts,q4eu_034,L,B,3,5,0.0,0.0,0.0,0.0,0.0,0.0,5,0
hier_subparagraph,hierarchical,pil_acts,q4eu_034,L,B,3,10,0.0,0.0,0.0,0.0,0.0,0.0,10,0
hier_subparagraph,hierarchical,pil_acts,q4eu_035,N,B,4,5,0.2,0.25,0.22222222222222224,0.25,0.5,0.24630238874073,5,1
hier_subparagraph,hierarchical,pil_acts,q4eu_035,N,B,4,10,0.1,0.25,0.14285714285714288,0.25,0.5,0.24630238874073,10,1
hier_subparagraph,hierarchical,pil_acts,q4eu_036,N,RI,4,5,0.2,0.25,0.22222222222222224,0.25,1.0,0.3903800499921017,5,1
hier_subparagraph,hierarchical,pil_acts,q4eu_036,N,RI,4,10,0.1,0.25,0.14285714285714288,0.25,1.0,0.3903800499921017,10,1
hier_subparagraph,hierarchical,pil_acts,q4eu_037,H,B,3,5,0.6,1.0,0.7499999999999999,0.6666666666666666,1.0,0.9469024295259745,5,3
hier_subparagraph,hierarchical,pil_acts,q4eu_037,H,B,3,10,0.3,1.0,0.4615384615384615,0.6666666666666666,1.0,0.9469024295259745,10,3
hier_subparagraph,hierarchical,pil_acts,q4eu_038,H,B,3,5,0.4,0.6666666666666666,0.5,0.6666666666666666,1.0,0.7653606369886217,5,2
hier_subparagraph,hierarchical,pil_acts,q4eu_038,H,B,3,10,0.2222222222222222,0.6666666666666666,0.3333333333333333,0.6666666666666666,1.0,0.7653606369886217,9,2
hier_subparagraph,hierarchical,pil_acts,q4eu_039,N,RII,22,5,0.6,0.13636363636363635,0.22222222222222218,0.13636363636363635,1.0,0.639945385422766,5,3
hier_subparagraph,hierarchical,pil_acts,q4eu_039,N,RII,22,10,0.5555555555555556,0.22727272727272727,0.3225806451612903,0.22727272727272727,1.0,0.5926006319332827,9,5
hier_subparagraph,hierarchical,pil_acts,q4eu_040,H,RI,4,5,0.4,0.5,0.4444444444444445,0.5,1.0,0.5585075862632192,5,2
hier_subparagraph,hierarchical,pil_acts,q4eu_040,H,RI,4,10,0.2222222222222222,0.5,0.30769230769230765,0.5,1.0,0.5585075862632192,9,2
hier_subparagraph,hierarchical,pil_acts,q4eu_041,N,B,5,5,0.5,0.4,0.4444444444444445,0.4,1.0,0.5855700749881525,4,2
hier_subparagraph,hierarchical,pil_acts,q4eu_041,N,B,5,10,0.3333333333333333,0.6,0.42857142857142855,0.4,1.0,0.615733440277688,9,3
hier_subparagraph,hierarchical,pil_acts,q4eu_042,L,RI,2,5,0.25,0.5,0.3333333333333333,0.5,1.0,0.6131471927654584,4,1
hier_subparagraph,hierarchical,pil_acts,q4eu_042,L,RI,2,10,0.25,1.0,0.4,0.5,1.0,0.8315546295836225,8,2
hier_subparagraph,hierarchical,pil_acts,q4eu_043,N,B;RI,2,5,0.4,1.0,0.5714285714285715,1.0,1.0,1.0,5,2
hier_subparagraph,hierarchical,pil_acts,q4eu_043,N,B;RI,2,10,0.2,1.0,0.33333333333333337,1.0,1.0,1.0,10,2
hier_subparagraph,hierarchical,pil_acts,q4eu_044,L,RI,4,5,0.5,0.5,0.5,0.5,1.0,0.6366824387328317,4,2
hier_subparagraph,hierarchical,pil_acts,q4eu_044,L,RI,4,10,0.3333333333333333,0.75,0.46153846153846156,0.5,1.0,0.7598336331031966,9,3
hier_subparagraph,hierarchical,pil_acts,q4eu_045,N,B,4,5,0.8,1.0,0.888888888888889,1.0,1.0,1.0,5,4
hier_subparagraph,hierarchical,pil_acts,q4eu_045,N,B,4,10,0.4,1.0,0.5714285714285715,1.0,1.0,1.0,10,4
hier_subparagraph,hierarchical,pil_acts,q4eu_046,H,B,5,5,1.0,0.6,0.7499999999999999,0.6,1.0,1.0,3,3
hier_subparagraph,hierarchical,pil_acts,q4eu_046,H,B,5,10,0.375,0.6,0.4615384615384615,0.6,1.0,0.7227265726449519,8,3
hier_subparagraph,hierarchical,pil_acts,q4eu_068,L,B;RI;RII,6,5,0.2,0.16666666666666666,0.1818181818181818,0.16666666666666666,1.0,0.3391602052736161,5,1
hier_subparagraph,hierarchical,pil_acts,q4eu_068,L,B;RI;RII,6,10,0.1,0.16666666666666666,0.125,0.16666666666666666,1.0,0.3026024134988135,10,1
hier_subparagraph,hierarchical,pil_acts,q4eu_069,L,RI,5,5,0.4,0.4,0.4000000000000001,0.4,0.3333333333333333,0.30078518014914984,5,2
hier_subparagraph,hierarchical,pil_acts,q4eu_069,L,RI,5,10,0.2,0.4,0.26666666666666666,0.4,0.3333333333333333,0.30078518014914984,10,2
hier_subparagraph,hierarchical,pil_acts,q4eu_070,H,RII,4,5,0.6,0.75,0.6666666666666665,0.75,1.0,0.8048099750039491,5,3
hier_subparagraph,hierarchical,pil_acts,q4eu_070,H,RII,4,10,0.3333333333333333,0.75,0.46153846153846156,0.75,1.0,0.8048099750039491,9,3
hier_subparagraph,hierarchical,pil_acts,q4eu_071,N,B,2,5,0.2,0.5,0.28571428571428575,0.5,1.0,0.6131471927654584,5,1
hier_subparagraph,hierarchical,pil_acts,q4eu_071,N,B,2,10,0.1111111111111111,0.5,0.1818181818181818,0.5,1.0,0.6131471927654584,9,1
hier_subparagraph,hierarchical,target_acts,q4eu_001,H,E,3,5,0.75,1.0,0.8571428571428571,1.0,1.0,1.0,4,3
hier_subparagraph,hierarchical,target_acts,q4eu_001,H,E,3,10,0.375,1.0,0.5454545454545454,1.0,1.0,1.0,8,3
hier_subparagraph,hierarchical,target_acts,q4eu_002,N,E,2,5,0.0,0.0,0.0,0.0,0.0,0.0,4,0
hier_subparagraph,hierarchical,target_acts,q4eu_002,N,E,2,10,0.1111111111111111,0.5,0.1818181818181818,0.0,0.16666666666666666,0.21840743681816419,9,1
hier_subparagraph,hierarchical,target_acts,q4eu_003,L,E,2,5,0.25,0.5,0.3333333333333333,0.5,0.5,0.38685280723454163,4,1
hier_subparagraph,hierarchical,target_acts,q4eu_003,L,E,2,10,0.125,0.5,0.2,0.5,0.5,0.38685280723454163,8,1
hier_subparagraph,hierarchical,target_acts,q4eu_004,N,E,2,5,0.5,1.0,0.6666666666666666,0.5,1.0,0.9197207891481876,4,2
hier_subparagraph,hierarchical,target_acts,q4eu_004,N,E,2,10,0.2857142857142857,1.0,0.4444444444444445,0.5,1.0,0.9197207891481876,7,2
hier_subparagraph,hierarchical,target_acts,q4eu_005,L,E,2,5,0.2,0.5,0.28571428571428575,0.5,1.0,0.6131471927654584,5,1
hier_subparagraph,hierarchical,target_acts,q4eu_005,L,E,2,10,0.14285714285714285,0.5,0.22222222222222224,0.5,1.0,0.6131471927654584,7,1
hier_subparagraph,hierarchical,target_acts,q4eu_006,N,E,2,5,0.4,1.0,0.5714285714285715,1.0,1.0,1.0,5,2
hier_subparagraph,hierarchical,target_acts,q4eu_006,N,E,2,10,0.2222222222222222,1.0,0.3636363636363636,1.0,1.0,1.0,9,2
hier_subparagraph,hierarchical,target_acts,q4eu_007,H,E,1,5,0.25,1.0,0.4,1.0,1.0,1.0,4,1
hier_subparagraph,hierarchical,target_acts,q4eu_007,H,E,1,10,0.1111111111111111,1.0,0.19999999999999998,1.0,1.0,1.0,9,1
hier_subparagraph,hierarchical,target_acts,q4eu_008,L,E,2,5,0.0,0.0,0.0,0.0,0.0,0.0,4,0
hier_subparagraph,hierarchical,target_acts,q4eu_008,L,E,2,10,0.0,0.0,0.0,0.0,0.0,0.0,9,0
hier_subparagraph,hierarchical,target_acts,q4eu_009,H,E,2,5,0.5,1.0,0.6666666666666666,0.5,1.0,0.9197207891481876,4,2
hier_subparagraph,hierarchical,target_acts,q4eu_009,H,E,2,10,0.2857142857142857,1.0,0.4444444444444445,0.5,1.0,0.9197207891481876,7,2
hier_subparagraph,hierarchical,target_acts,q4eu_010,H,E,1,5,0.25,1.0,0.4,1.0,1.0,1.0,4,1
hier_subparagraph,hierarchical,target_acts,q4eu_010,H,E,1,10,0.16666666666666666,1.0,0.2857142857142857,1.0,1.0,1.0,6,1
hier_subparagraph,hierarchical,target_acts,q4eu_011,L,E,5,5,0.4,0.4,0.4000000000000001,0.4,0.5,0.34519134224686937,5,2
hier_subparagraph,hierarchical,target_acts,q4eu_011,L,E,5,10,0.3,0.6,0.4,0.4,0.5,0.4660026449463635,10,3
hier_subparagraph,hierarchical,target_acts,q4eu_012,N,E,4,5,0.8,1.0,0.888888888888889,0.75,1.0,0.9828920819566879,5,4
hier_subparagraph,hierarchical,target_acts,q4eu_012,N,E,4,10,0.5714285714285714,1.0,0.7272727272727273,0.75,1.0,0.9828920819566879,7,4
hier_subparagraph,hierarchical,target_acts,q4eu_013,N,E,2,5,0.5,1.0,0.6666666666666666,1.0,1.0,1.0,4,2
hier_subparagraph,hierarchical,target_acts,q4eu_013,N,E,2,10,0.2222222222222222,1.0,0.3636363636363636,1.0,1.0,1.0,9,2
hier_subparagraph,hierarchical,target_acts,q4eu_014,N,E,2,5,0.3333333333333333,0.5,0.4,0.5,1.0,0.6131471927654584,3,1
hier_subparagraph,hierarchical,target_acts,q4eu_014,N,E,2,10,0.14285714285714285,0.5,0.22222222222222224,0.5,1.0,0.6131471927654584,7,1
hier_subparagraph,hierarchical,target_acts,q4eu_015,H,E,1,5,0.5,1.0,0.6666666666666666,1.0,1.0,1.0,2,1
hier_subparagraph,hierarchical,target_acts,q4eu_015,H,E,1,10,0.16666666666666666,1.0,0.2857142857142857,1.0,1.0,1.0,6,1
hier_subparagraph,hierarchical,target_acts,q4eu_016,N,E,2,5,0.2,0.5,0.28571428571428575,0.5,1.0,0.6131471927654584,5,1
hier_subparagraph,hierarchical,target_acts,q4eu_016,N,E,2,10,0.2222222222222222,1.0,0.3636363636363636,0.5,1.0,0.8065735963827293,9,2
hier_subparagraph,hierarchical,target_acts,q4eu_017,L,E,2,5,0.5,1.0,0.6666666666666666,0.5,0.5,0.6934264036172708,4,2
hier_subparagraph,hierarchical,target_acts,q4eu_017,L,E,2,10,0.3333333333333333,1.0,0.5,0.5,0.5,0.6934264036172708,6,2
hier_subparagraph,hierarchical,target_acts,q4eu_018,H,G,1,5,0.2,1.0,0.33333333333333337,0.0,0.2,0.38685280723454163,5,1
hier_subparagraph,hierarchical,target_acts,q4eu_018,H,G,1,10,0.125,1.0,0.2222222222222222,0.0,0.2,0.38685280723454163,8,1
hier_subparagraph,hierarchical,target_acts,q4eu_019,N,G,1,5,0.2,1.0,0.33333333333333337,0.0,0.2,0.38685280723454163,5,1
hier_subparagraph,hierarchical,target_acts,q4eu_019,N,G,1,10,0.1111111111111111,1.0,0.19999999999999998,0.0,0.2,0.38685280723454163,9,1
hier_subparagraph,hierarchical,target_acts,q4eu_020,L,G,6,5,0.75,0.5,0.6,0.5,1.0,0.8048099750039491,4,3
hier_subparagraph,hierarchical,target_acts,q4eu_020,L,G,6,10,0.625,0.8333333333333334,0.7142857142857143,0.8333333333333334,1.0,0.8486987932505933,8,5
hier_subparagraph,hierarchical,target_acts,q4eu_021,N,G,2,5,0.2,0.5,0.28571428571428575,0.0,0.25,0.2640681225725909,5,1
hier_subparagraph,hierarchical,target_acts,q4eu_021,N,G,2,10,0.1111111111111111,0.5,0.1818181818181818,0.0,0.25,0.2640681225725909,9,1
hier_subparagraph,hierarchical,target_acts,q4eu_022,L,G,5,5,0.2,0.2,0.20000000000000004,0.2,0.25,0.14606834984270645,5,1
hier_subparagraph,hierarchical,target_acts,q4eu_022,L,G,5,10,0.25,0.4,0.3076923076923077,0.2,0.25,0.26687965254220064,8,2
hier_subparagraph,hierarchical,target_acts,q4eu_023,N,G,2,5,0.4,1.0,0.5714285714285715,0.5,0.5,0.6509209298071326,5,2
hier_subparagraph,hierarchical,target_acts,q4eu_023,N,G,2,10,0.2,1.0,0.33333333333333337,0.5,0.5,0.6509209298071326,10,2
hier_subparagraph,hierarchical,target_acts,q4eu_024,H,G,3,5,0.6,1.0,0.7499999999999999,0.3333333333333333,0.5,0.6797310500037655,5,3
hier_subparagraph,hierarchical,target_acts,q4eu_024,H,G,3,10,0.3333333333333333,1.0,0.5,0.3333333333333333,0.5,0.6797310500037655,9,3
hier_subparagraph,hierarchical,target_acts,q4eu_025,L,G,8,5,0.4,0.25,0.3076923076923077,0.25,1.0,0.5087403079104241,5,2
hier_subparagraph,hierarchical,target_acts,q4eu_025,L,G,8,10,0.3,0.375,0.33333333333333326,0.375,1.0,0.45920859271393394,10,3
hier_subparagraph,hierarchical,target_acts,q4eu_026,H,G,1,5,0.2,1.0,0.33333333333333337,1.0,1.0,1.0,5,1
hier_subparagraph,hierarchical,target_acts,q4eu_026,H,G,1,10,0.1111111111111111,1.0,0.19999999999999998,1.0,1.0,1.0,9,1
hier_subparagraph,hierarchical,target_acts,q4eu_027,H,G,1,5,0.0,0.0,0.0,0.0,0.0,0.0,5,0
hier_subparagraph,hierarchical,target_acts,q4eu_027,H,G,1,10,0.0,0.0,0.0,0.0,0.0,0.0,10,0
hier_subparagraph,hierarchical,target_acts,q4eu_028,N,G,4,5,0.4,0.5,0.4444444444444445,0.5,1.0,0.5855700749881525,5,2
hier_subparagraph,hierarchical,target_acts,q4eu_028,N,G,4,10,0.2,0.5,0.28571428571428575,0.5,1.0,0.5855700749881525,10,2
hier_subparagraph,hierarchical,target_acts,q4eu_029,N,G,2,5,0.2,0.5,0.28571428571428575,0.5,1.0,0.6131471927654584,5,1
hier_subparagraph,hierarchical,target_acts,q4eu_029,N,G,2,10,0.1111111111111111,0.5,0.1818181818181818,0.5,1.0,0.6131471927654584,9,1
hier_subparagraph,hierarchical,target_acts,q4eu_030,N,G,4,5,0.2,0.25,0.22222222222222224,0.25,0.5,0.24630238874073,5,1
hier_subparagraph,hierarchical,target_acts,q4eu_030,N,G,4,10,0.1,0.25,0.14285714285714288,0.25,0.5,0.24630238874073,10,1
hier_subparagraph,hierarchical,target_acts,q4eu_031,H,G,3,5,0.2,0.3333333333333333,0.25,0.3333333333333333,0.5,0.2960819109658652,5,1
hier_subparagraph,hierarchical,target_acts,q4eu_031,H,G,3,10,0.1111111111111111,0.3333333333333333,0.16666666666666666,0.3333333333333333,0.5,0.2960819109658652,9,1
hier_subparagraph,hierarchical,target_acts,q4eu_032,N,G,3,5,0.2,0.3333333333333333,0.25,0.0,0.25,0.20210734650054757,5,1
hier_subparagraph,hierarchical,target_acts,q4eu_032,N,G,3,10,0.2,0.6666666666666666,0.30769230769230765,0.0,0.25,0.3501483019834802,10,2
hier_subparagraph,hierarchical,target_acts,q4eu_033,L,G,6,5,1.0,0.8333333333333334,0.9090909090909091,0.8333333333333334,1.0,1.0,5,5
hier_subparagraph,hierarchical,target_acts,q4eu_033,L,G,6,10,0.8571428571428571,1.0,0.923076923076923,0.8333333333333334,1.0,0.9930783166417602,7,6
hier_subparagraph,hierarchical,target_acts,q4eu_034,L,B,3,5,0.2,0.3333333333333333,0.25,0.0,0.2,0.18154179253735267,5,1
hier_subparagraph,hierarchical,target_acts,q4eu_034,L,B,3,10,0.2222222222222222,0.6666666666666666,0.3333333333333333,0.0,0.2,0.3379680345449381,9,2
hier_subparagraph,hierarchical,target_acts,q4eu_035,N,B,4,5,0.2,0.25,0.22222222222222224,0.25,1.0,0.3903800499921017,5,1
hier_subparagraph,hierarchical,target_acts,q4eu_035,N,B,4,10,0.2,0.5,0.28571428571428575,0.25,1.0,0.5294362295028773,10,2
hier_subparagraph,hierarchical,target_acts,q4eu_036,N,RI,4,5,0.2,0.25,0.22222222222222224,0.25,1.0,0.3903800499921017,5,1
hier_subparagraph,hierarchical,target_acts,q4eu_036,N,RI,4,10,0.1111111111111111,0.25,0.15384615384615383,0.25,1.0,0.3903800499921017,9,1
hier_subparagraph,hierarchical,target_acts,q4eu_037,H,B,3,5,0.6,1.0,0.7499999999999999,0.6666666666666666,1.0,0.9674679834891693,5,3
hier_subparagraph,hierarchical,target_acts,q4eu_037,H,B,3,10,0.375,1.0,0.5454545454545454,0.6666666666666666,1.0,0.9674679834891693,8,3
hier_subparagraph,hierarchical,target_acts,q4eu_038,H,B,3,5,0.4,0.6666666666666666,0.5,0.6666666666666666,1.0,0.7653606369886217,5,2
hier_subparagraph,hierarchical,target_acts,q4eu_038,H,B,3,10,0.2222222222222222,0.6666666666666666,0.3333333333333333,0.6666666666666666,1.0,0.7653606369886217,9,2
hier_subparagraph,hierarchical,target_acts,q4eu_039,N,RII,22,5,0.6,0.13636363636363635,0.22222222222222218,0.13636363636363635,1.0,0.639945385422766,5,3
hier_subparagraph,hierarchical,target_acts,q4eu_039,N,RII,22,10,0.5555555555555556,0.22727272727272727,0.3225806451612903,0.22727272727272727,1.0,0.5926006319332827,9,5
hier_subparagraph,hierarchical,target_acts,q4eu_040,H,RI,4,5,0.5,0.5,0.5,0.5,1.0,0.5855700749881525,4,2
hier_subparagraph,hierarchical,target_acts,q4eu_040,H,RI,4,10,0.25,0.5,0.3333333333333333,0.5,1.0,0.5855700749881525,8,2
hier_subparagraph,hierarchical,target_acts,q4eu_041,N,B,5,5,0.75,0.6,0.6666666666666665,0.6,1.0,0.8318724637288826,4,3
hier_subparagraph,hierarchical,target_acts,q4eu_041,N,B,5,10,0.4444444444444444,0.8,0.5714285714285714,0.6,1.0,0.8435378753444459,9,4
hier_subparagraph,hierarchical,target_acts,q4eu_042,L,RI,2,5,0.25,0.5,0.3333333333333333,0.5,1.0,0.6131471927654584,4,1
hier_subparagraph,hierarchical,target_acts,q4eu_042,L,RI,2,10,0.25,1.0,0.4,0.5,1.0,0.8503449055347546,8,2
hier_subparagraph,hierarchical,target_acts,q4eu_043,N,B;RI,2,5,0.4,1.0,0.5714285714285715,1.0,1.0,1.0,5,2
hier_subparagraph,hierarchical,target_acts,q4eu_043,N,B;RI,2,10,0.2222222222222222,1.0,0.3636363636363636,1.0,1.0,1.0,9,2
hier_subparagraph,hierarchical,target_acts,q4eu_044,L,RI,4,5,0.75,0.75,0.75,0.75,1.0,0.8048099750039491,4,3
hier_subparagraph,hierarchical,target_acts,q4eu_044,L,RI,4,10,0.42857142857142855,0.75,0.5454545454545454,0.75,1.0,0.8048099750039491,7,3
hier_subparagraph,hierarchical,target_acts,q4eu_045,N,B,4,5,0.8,1.0,0.888888888888889,1.0,1.0,1.0,5,4
hier_subparagraph,hierarchical,target_acts,q4eu_045,N,B,4,10,0.4,1.0,0.5714285714285715,1.0,1.0,1.0,10,4
hier_subparagraph,hierarchical,target_acts,q4eu_046,H,B,5,5,1.0,0.6,0.7499999999999999,0.6,1.0,1.0,3,3
hier_subparagraph,hierarchical,target_acts,q4eu_046,H,B,5,10,0.375,0.6,0.4615384615384615,0.6,1.0,0.7227265726449519,8,3
hier_subparagraph,hierarchical,target_acts,q4eu_047,N,W,5,5,0.2,0.2,0.20000000000000004,0.2,1.0,0.3391602052736161,5,1
hier_subparagraph,hierarchical,target_acts,q4eu_047,N,W,5,10,0.2222222222222222,0.4,0.2857142857142857,0.2,1.0,0.45221360703148816,9,2
hier_subparagraph,hierarchical,target_acts,q4eu_048,L,W,3,5,0.2,0.3333333333333333,0.25,0.3333333333333333,0.5,0.2960819109658652,5,1
hier_subparagraph,hierarchical,target_acts,q4eu_048,L,W,3,10,0.1,0.3333333333333333,0.15384615384615383,0.3333333333333333,0.5,0.2960819109658652,10,1
hier_subparagraph,hierarchical,target_acts,q4eu_049,N,W,3,5,0.25,0.3333333333333333,0.28571428571428575,0.3333333333333333,1.0,0.46927872602275644,4,1
hier_subparagraph,hierarchical,target_acts,q4eu_049,N,W,3,10,0.2222222222222222,0.6666666666666666,0.3333333333333333,0.3333333333333333,1.0,0.6257049680303419,9,2
hier_subparagraph,hierarchical,target_acts,q4eu_050,H,W,2,5,0.2,0.5,0.28571428571428575,0.5,1.0,0.6131471927654584,5,1
hier_subparagraph,hierarchical,target_acts,q4eu_050,H,W,2,10,0.16666666666666666,0.5,0.25,0.5,1.0,0.6131471927654584,6,1
hier_subparagraph,hierarchical,target_acts,q4eu_051,L,W,5,5,1.0,0.8,0.888888888888889,0.8,1.0,1.0,4,4
hier_subparagraph,hierarchical,target_acts,q4eu_051,L,W,5,10,0.4444444444444444,0.8,0.5714285714285714,0.8,1.0,0.8687949224876582,9,4
hier_subparagraph,hierarchical,target_acts,q4eu_052,H,W,1,5,0.25,1.0,0.4,1.0,1.0,1.0,4,1
hier_subparagraph,hierarchical,target_acts,q4eu_052,H,W,1,10,0.16666666666666666,1.0,0.2857142857142857,1.0,1.0,1.0,6,1
hier_subparagraph,hierarchical,target_acts,q4eu_053,N,W,2,5,0.2,0.5,0.28571428571428575,0.5,1.0,0.6131471927654584,5,1
hier_subparagraph,hierarchical,target_acts,q4eu_053,N,W,2,10,0.2857142857142857,1.0,0.4444444444444445,0.5,1.0,0.8315546295836225,7,2
hier_subparagraph,hierarchical,target_acts,q4eu_054,L,W,4,5,0.25,0.25,0.25,0.25,0.3333333333333333,0.19519002499605084,4,1
hier_subparagraph,hierarchical,target_acts,q4eu_054,L,W,4,10,0.125,0.25,0.16666666666666666,0.25,0.3333333333333333,0.19519002499605084,8,1
hier_subparagraph,hierarchical,target_acts,q4eu_055,H,W,1,5,0.2,1.0,0.33333333333333337,0.0,0.5,0.6309297535714575,5,1
hier_subparagraph,hierarchical,target_acts,q4eu_055,H,W,1,10,0.14285714285714285,1.0,0.25,0.0,0.5,0.6309297535714575,7,1
hier_subparagraph,hierarchical,target_acts,q4eu_056,L,W,4,5,0.3333333333333333,0.25,0.28571428571428575,0.25,1.0,0.46927872602275644,3,1
hier_subparagraph,hierarchical,target_acts,q4eu_056,L,W,4,10,0.42857142857142855,0.75,0.5454545454545454,0.5,1.0,0.7095272044910244,7,3
hier_subparagraph,hierarchical,target_acts,q4eu_057,N,W,4,5,0.6,0.75,0.6666666666666665,0.75,1.0,0.8048099750039491,5,3
hier_subparagraph,hierarchical,target_acts,q4eu_057,N,W,4,10,0.375,0.75,0.5,0.75,1.0,0.8048099750039491,8,3
hier_subparagraph,hierarchical,target_acts,q4eu_058,N,W,4,5,0.6666666666666666,0.5,0.5714285714285715,0.5,1.0,0.7653606369886217,3,2
hier_subparagraph,hierarchical,target_acts,q4eu_058,N,W,4,10,0.2857142857142857,0.5,0.36363636363636365,0.5,1.0,0.6366824387328317,7,2
hier_subparagraph,hierarchical,target_acts,q4eu_059,H,W,3,5,0.2,0.3333333333333333,0.25,0.3333333333333333,1.0,0.46927872602275644,5,1
hier_subparagraph,hierarchical,target_acts,q4eu_059,H,W,3,10,0.2,0.6666666666666666,0.30769230769230765,0.3333333333333333,1.0,0.6049306994552042,10,2
hier_subparagraph,hierarchical,target_acts,q4eu_060,L,W,4,5,0.2,0.25,0.22222222222222224,0.25,0.5,0.24630238874073,5,1
hier_subparagraph,hierarchical,target_acts,q4eu_060,L,W,4,10,0.3,0.75,0.4285714285714285,0.25,0.5,0.4869696878675221,10,3
hier_subparagraph,hierarchical,target_acts,q4eu_061,H,W,2,5,0.2,0.5,0.28571428571428575,0.5,1.0,0.6131471927654584,5,1
hier_subparagraph,hierarchical,target_acts,q4eu_061,H,W,2,10,0.1111111111111111,0.5,0.1818181818181818,0.5,1.0,0.6131471927654584,9,1
hier_subparagraph,hierarchical,target_acts,q4eu_062,H,W,2,5,0.2,0.5,0.28571428571428575,0.5,1.0,0.6131471927654584,5,1
hier_subparagraph,hierarchical,target_acts,q4eu_062,H,W,2,10,0.1111111111111111,0.5,0.1818181818181818,0.5,1.0,0.6131471927654584,9,1
hier_subparagraph,hierarchical,target_acts,q4eu_063,N,W,2,5,0.3333333333333333,0.5,0.4,0.5,1.0,0.6131471927654584,3,1
hier_subparagraph,hierarchical,target_acts,q4eu_063,N,W,2,10,0.14285714285714285,0.5,0.22222222222222224,0.5,1.0,0.6131471927654584,7,1
hier_subparagraph,hierarchical,target_acts,q4eu_064,N,W,3,5,0.5,0.6666666666666666,0.5714285714285715,0.6666666666666666,1.0,0.7653606369886217,4,2
hier_subparagraph,hierarchical,target_acts,q4eu_064,N,W,3,10,0.2222222222222222,0.6666666666666666,0.3333333333333333,0.6666666666666666,1.0,0.7653606369886217,9,2
hier_subparagraph,hierarchical,target_acts,q4eu_065,L,W,6,5,1.0,0.5,0.6666666666666666,0.5,1.0,1.0,3,3
hier_subparagraph,hierarchical,target_acts,q4eu_065,L,W,6,10,0.5714285714285714,0.6666666666666666,0.6153846153846153,0.6666666666666666,1.0,0.7526136409516658,7,4
hier_subparagraph,hierarchical,target_acts,q4eu_066,H,W,1,5,0.2,1.0,0.33333333333333337,1.0,1.0,1.0,5,1
hier_subparagraph,hierarchical,target_acts,q4eu_066,H,W,1,10,0.1,1.0,0.18181818181818182,1.0,1.0,1.0,10,1
hier_subparagraph,hierarchical,target_acts,q4eu_067,L,W,3,5,0.25,0.3333333333333333,0.28571428571428575,0.3333333333333333,1.0,0.46927872602275644,4,1
hier_subparagraph,hierarchical,target_acts,q4eu_067,L,W,3,10,0.14285714285714285,0.3333333333333333,0.2,0.3333333333333333,1.0,0.46927872602275644,7,1
hier_subparagraph,hierarchical,target_acts,q4eu_068,L,B;RI;RII,6,5,0.2,0.16666666666666666,0.1818181818181818,0.16666666666666666,1.0,0.3391602052736161,5,1
hier_subparagraph,hierarchical,target_acts,q4eu_068,L,B;RI;RII,6,10,0.1,0.16666666666666666,0.125,0.16666666666666666,1.0,0.3026024134988135,10,1
hier_subparagraph,hierarchical,target_acts,q4eu_069,L,RI,5,5,0.4,0.4,0.4000000000000001,0.4,0.3333333333333333,0.3156484524795145,5,2
hier_subparagraph,hierarchical,target_acts,q4eu_069,L,RI,5,10,0.2,0.4,0.26666666666666666,0.4,0.3333333333333333,0.3156484524795145,10,2
hier_subparagraph,hierarchical,target_acts,q4eu_070,H,RII,4,5,0.6,0.75,0.6666666666666665,0.75,1.0,0.8318724637288826,5,3
hier_subparagraph,hierarchical,target_acts,q4eu_070,H,RII,4,10,0.3333333333333333,0.75,0.46153846153846156,0.75,1.0,0.8318724637288826,9,3
hier_subparagraph,hierarchical,target_acts,q4eu_071,N,B,2,5,0.25,0.5,0.3333333333333333,0.5,1.0,0.6131471927654584,4,1
hier_subparagraph,hierarchical,target_acts,q4eu_071,N,B,2,10,0.2222222222222222,1.0,0.3636363636363636,0.5,1.0,0.8315546295836225,9,2
hier_subparagraph,hierarchical,target_acts,q4eu_072,L,G,3,5,0.0,0.0,0.0,0.0,0.0,0.0,5,0
hier_subparagraph,hierarchical,target_acts,q4eu_072,L,G,3,10,0.0,0.0,0.0,0.0,0.0,0.0,10,0
sem_50_128,semantic,all_acts,q4eu_001,H,E,3,5,0.75,1.0,0.8571428571428571,1.0,1.0,1.0,4,3
sem_50_128,semantic,all_acts,q4eu_001,H,E,3,10,0.375,1.0,0.5454545454545454,1.0,1.0,1.0,8,3
sem_50_128,semantic,all_acts,q4eu_002,N,E,2,5,0.125,0.5,0.2,0.0,0.25,0.2640681225725909,8,1
sem_50_128,semantic,all_acts,q4eu_002,N,E,2,10,0.16666666666666666,1.0,0.2857142857142857,0.0,0.25,0.44130740935663865,12,2
sem_50_128,semantic,all_acts,q4eu_003,L,E,2,5,0.16666666666666666,0.5,0.25,0.0,0.25,0.2640681225725909,6,1
sem_50_128,semantic,all_acts,q4eu_003,L,E,2,10,0.2,1.0,0.33333333333333337,0.0,0.25,0.44130740935663865,10,2
sem_50_128,semantic,all_acts,q4eu_004,N,E,2,5,0.5,1.0,0.6666666666666666,0.5,1.0,0.8772153153380493,4,2
sem_50_128,semantic,all_acts,q4eu_004,N,E,2,10,0.25,1.0,0.4,0.5,1.0,0.8772153153380493,8,2
sem_50_128,semantic,all_acts,q4eu_005,L,E,2,5,0.16666666666666666,0.5,0.25,0.5,1.0,0.6131471927654584,6,1
sem_50_128,semantic,all_acts,q4eu_005,L,E,2,10,0.2,1.0,0.33333333333333337,0.5,1.0,0.7977228895450266,10,2
sem_50_128,semantic,all_acts,q4eu_006,N,E,2,5,0.3333333333333333,1.0,0.5,1.0,1.0,1.0,6,2
sem_50_128,semantic,all_acts,q4eu_006,N,E,2,10,0.18181818181818182,1.0,0.3076923076923077,1.0,1.0,1.0,11,2
sem_50_128,semantic,all_acts,q4eu_007,H,E,1,5,0.25,1.0,0.4,1.0,1.0,1.0,4,1
sem_50_128,semantic,all_acts,q4eu_007,H,E,1,10,0.125,1.0,0.2222222222222222,1.0,1.0,1.0,8,1
sem_50_128,semantic,all_acts,q4eu_008,L,E,2,5,0.0,0.0,0.0,0.0,0.0,0.0,6,0
sem_50_128,semantic,all_acts,q4eu_008,L,E,2,10,0.0,0.0,0.0,0.0,0.0,0.0,11,0
sem_50_128,semantic,all_acts,q4eu_009,H,E,2,5,0.5,1.0,0.6666666666666666,0.5,1.0,0.8772153153380493,4,2
sem_50_128,semantic,all_acts,q4eu_009,H,E,2,10,0.2222222222222222,1.0,0.3636363636363636,0.5,1.0,0.8772153153380493,9,2
sem_50_128,semantic,all_acts,q4eu_010,H,E,1,5,0.3333333333333333,1.0,0.5,1.0,1.0,1.0,3,1
sem_50_128,semantic,all_acts,q4eu_010,H,E,1,10,0.2,1.0,0.33333333333333337,1.0,1.0,1.0,5,1
sem_50_128,semantic,all_acts,q4eu_011,L,E,5,5,0.42857142857142855,0.6,0.5,0.2,0.2,0.36506978196970796,7,3
sem_50_128,semantic,all_acts,q4eu_011,L,E,5,10,0.23076923076923078,0.6,0.33333333333333337,0.2,0.2,0.36506978196970796,13,3
sem_50_128,semantic,all_acts,q4eu_012,N,E,4,5,0.75,0.75,0.75,0.75,1.0,0.8318724637288826,4,3
sem_50_128,semantic,all_acts,q4eu_012,N,E,4,10,0.6666666666666666,1.0,0.8,0.75,1.0,0.9828920819566879,6,4
sem_50_128,semantic,all_acts,q4eu_013,N,E,2,5,0.6666666666666666,1.0,0.8,1.0,1.0,1.0,3,2
sem_50_128,semantic,all_acts,q4eu_013,N,E,2,10,0.3333333333333333,1.0,0.5,1.0,1.0,1.0,6,2
sem_50_128,semantic,all_acts,q4eu_014,N,E,2,5,0.5,1.0,0.6666666666666666,0.5,1.0,0.8772153153380493,4,2
sem_50_128,semantic,all_acts,q4eu_014,N,E,2,10,0.2222222222222222,1.0,0.3636363636363636,0.5,1.0,0.8772153153380493,9,2
sem_50_128,semantic,all_acts,q4eu_015,H,E,1,5,0.25,1.0,0.4,1.0,1.0,1.0,4,1
sem_50_128,semantic,all_acts,q4eu_015,H,E,1,10,0.1,1.0,0.18181818181818182,1.0,1.0,1.0,10,1
sem_50_128,semantic,all_acts,q4eu_016,N,E,2,5,0.4,1.0,0.5714285714285715,0.5,1.0,0.9197207891481876,5,2
sem_50_128,semantic,all_acts,q4eu_016,N,E,2,10,0.25,1.0,0.4,0.5,1.0,0.9197207891481876,8,2
sem_50_128,semantic,all_acts,q4eu_017,L,E,2,5,0.5,1.0,0.6666666666666666,0.5,0.5,0.6509209298071326,4,2
sem_50_128,semantic,all_acts,q4eu_017,L,E,2,10,0.2,1.0,0.33333333333333337,0.5,0.5,0.6509209298071326,10,2
sem_50_128,semantic,all_acts,q4eu_018,H,G,1,5,0.25,1.0,0.4,0.0,0.5,0.6309297535714575,4,1
sem_50_128,semantic,all_acts,q4eu_018,H,G,1,10,0.16666666666666666,1.0,0.2857142857142857,0.0,0.5,0.6309297535714575,6,1
sem_50_128,semantic,all_acts,q4eu_019,N,G,1,5,0.0,0.0,0.0,0.0,0.0,0.0,4,0
sem_50_128,semantic,all_acts,q4eu_019,N,G,1,10,0.14285714285714285,1.0,0.25,0.0,0.2,0.38685280723454163,7,1
sem_50_128,semantic,all_acts,q4eu_020,L,G,6,5,0.6666666666666666,0.3333333333333333,0.4444444444444444,0.3333333333333333,1.0,0.7653606369886217,3,2
sem_50_128,semantic,all_acts,q4eu_020,L,G,6,10,0.6666666666666666,0.6666666666666666,0.6666666666666666,0.6666666666666666,1.0,0.7409096387260824,6,4
sem_50_128,semantic,all_acts,q4eu_021,N,G,2,5,0.0,0.0,0.0,0.0,0.0,0.0,3,0
sem_50_128,semantic,all_acts,q4eu_021,N,G,2,10,0.16666666666666666,0.5,0.25,0.0,0.2,0.23719771276929622,6,1
sem_50_128,semantic,all_acts,q4eu_022,L,G,5,5,0.3333333333333333,0.2,0.25,0.2,0.5,0.2960819109658652,3,1
sem_50_128,semantic,all_acts,q4eu_022,L,G,5,10,0.2857142857142857,0.4,0.3333333333333333,0.2,0.5,0.3347975674340217,7,2
sem_50_128,semantic,all_acts,q4eu_023,N,G,2,5,0.16666666666666666,0.5,0.25,0.5,1.0,0.6131471927654584,6,1
sem_50_128,semantic,all_acts,q4eu_023,N,G,2,10,0.1,0.5,0.16666666666666669,0.5,1.0,0.6131471927654584,10,1
sem_50_128,semantic,all_acts,q4eu_024,H,G,3,5,0.6,1.0,0.7499999999999999,0.6666666666666666,0.5,0.7122630665145961,5,3
sem_50_128,semantic,all_acts,q4eu_024,H,G,3,10,0.3333333333333333,1.0,0.5,0.6666666666666666,0.5,0.7122630665145961,9,3
sem_50_128,semantic,all_acts,q4eu_025,L,G,8,5,0.4,0.25,0.3076923076923077,0.25,0.5,0.36005461457723403,5,2
sem_50_128,semantic,all_acts,q4eu_025,L,G,8,10,0.5,0.5,0.5,0.5,0.5,0.4384201169574681,8,4
sem_50_128,semantic,all_acts,q4eu_026,H,G,1,5,0.25,1.0,0.4,1.0,1.0,1.0,4,1
sem_50_128,semantic,all_acts,q4eu_026,H,G,1,10,0.14285714285714285,1.0,0.25,1.0,1.0,1.0,7,1
sem_50_128,semantic,all_acts,q4eu_027,H,G,1,5,0.3333333333333333,1.0,0.5,1.0,1.0,1.0,3,1
sem_50_128,semantic,all_acts,q4eu_027,H,G,1,10,0.1111111111111111,1.0,0.19999999999999998,1.0,1.0,1.0,9,1
sem_50_128,semantic,all_acts,q4eu_028,N,G,4,5,0.4,0.5,0.4444444444444445,0.5,1.0,0.5855700749881525,5,2
sem_50_128,semantic,all_acts,q4eu_028,N,G,4,10,0.2222222222222222,0.5,0.30769230769230765,0.5,1.0,0.5855700749881525,9,2
sem_50_128,semantic,all_acts,q4eu_029,N,G,2,5,0.3333333333333333,0.5,0.4,0.5,1.0,0.6131471927654584,3,1
sem_50_128,semantic,all_acts,q4eu_029,N,G,2,10,0.14285714285714285,0.5,0.22222222222222224,0.5,1.0,0.6131471927654584,7,1
sem_50_128,semantic,all_acts,q4eu_030,N,G,4,5,0.2,0.25,0.22222222222222224,0.25,0.3333333333333333,0.19519002499605084,5,1
sem_50_128,semantic,all_acts,q4eu_030,N,G,4,10,0.18181818181818182,0.5,0.26666666666666666,0.25,0.3333333333333333,0.30408378606428305,11,2
sem_50_128,semantic,all_acts,q4eu_031,H,G,3,5,0.25,0.3333333333333333,0.28571428571428575,0.3333333333333333,1.0,0.46927872602275644,4,1
sem_50_128,semantic,all_acts,q4eu_031,H,G,3,10,0.25,0.6666666666666666,0.36363636363636365,0.3333333333333333,1.0,0.617319681505689,8,2
sem_50_128,semantic,all_acts,q4eu_032,N,G,3,5,0.4,0.6666666666666666,0.5,0.6666666666666666,1.0,0.7039180890341347,5,2
sem_50_128,semantic,all_acts,q4eu_032,N,G,3,10,0.3333333333333333,1.0,0.5,0.6666666666666666,1.0,0.8710785440003369,9,3
sem_50_128,semantic,all_acts,q4eu_033,L,G,6,5,1.0,0.8333333333333334,0.9090909090909091,0.8333333333333334,1.0,1.0,5,5
sem_50_128,semantic,all_acts,q4eu_033,L,G,6,10,0.8571428571428571,1.0,0.923076923076923,1.0,1.0,1.0,7,6
sem_50_128,semantic,all_acts,q4eu_034,L,B,3,5,0.0,0.0,0.0,0.0,0.0,0.0,5,0
sem_50_128,semantic,all_acts,q4eu_034,L,B,3,10,0.0,0.0,0.0,0.0,0.0,0.0,11,0
sem_50_128,semantic,all_acts,q4eu_035,N,B,4,5,0.2,0.25,0.22222222222222224,0.25,0.25,0.16812753627111746,5,1
sem_50_128,semantic,all_acts,q4eu_035,N,B,4,10,0.125,0.25,0.16666666666666666,0.25,0.25,0.16812753627111746,8,1
sem_50_128,semantic,all_acts,q4eu_036,N,RI,4,5,0.16666666666666666,0.25,0.2,0.25,1.0,0.3903800499921017,6,1
sem_50_128,semantic,all_acts,q4eu_036,N,RI,4,10,0.09090909090909091,0.25,0.13333333333333333,0.25,1.0,0.3903800499921017,11,1
sem_50_128,semantic,all_acts,q4eu_037,H,B,3,5,0.6,1.0,0.7499999999999999,0.6666666666666666,0.5,0.7122630665145961,5,3
sem_50_128,semantic,all_acts,q4eu_037,H,B,3,10,0.2727272727272727,1.0,0.42857142857142855,0.6666666666666666,0.5,0.7122630665145961,11,3
sem_50_128,semantic,all_acts,q4eu_038,H,B,3,5,0.4,0.6666666666666666,0.5,0.6666666666666666,1.0,0.7653606369886217,5,2
sem_50_128,semantic,all_acts,q4eu_038,H,B,3,10,0.2,0.6666666666666666,0.30769230769230765,0.6666666666666666,1.0,0.7653606369886217,10,2
sem_50_128,semantic,all_acts,q4eu_039,N,RII,22,5,0.6666666666666666,0.18181818181818182,0.28571428571428575,0.18181818181818182,0.3333333333333333,0.5064767203222519,6,4
sem_50_128,semantic,all_acts,q4eu_039,N,RII,22,10,0.4444444444444444,0.18181818181818182,0.2580645161290322,0.18181818181818182,0.3333333333333333,0.39340432753771526,9,4
sem_50_128,semantic,all_acts,q4eu_040,H,RI,4,5,0.4,0.5,0.4444444444444445,0.5,1.0,0.5585075862632192,5,2
sem_50_128,semantic,all_acts,q4eu_040,H,RI,4,10,0.2,0.5,0.28571428571428575,0.5,1.0,0.5585075862632192,10,2
sem_50_128,semantic,all_acts,q4eu_041,N,B,5,5,0.6,0.6,0.6,0.6,0.5,0.5296347172140421,5,3
sem_50_128,semantic,all_acts,q4eu_041,N,B,5,10,0.36363636363636365,0.8,0.5000000000000001,0.6,0.5,0.6276740030453991,11,4
sem_50_128,semantic,all_acts,q4eu_042,L,RI,2,5,0.4,1.0,0.5714285714285715,0.5,1.0,0.8503449055347546,5,2
sem_50_128,semantic,all_acts,q4eu_042,L,RI,2,10,0.2222222222222222,1.0,0.3636363636363636,0.5,1.0,0.8503449055347546,9,2
sem_50_128,semantic,all_acts,q4eu_043,N,B;RI,2,5,0.3333333333333333,1.0,0.5,1.0,1.0,1.0,6,2
sem_50_128,semantic,all_acts,q4eu_043,N,B;RI,2,10,0.18181818181818182,1.0,0.3076923076923077,1.0,1.0,1.0,11,2
sem_50_128,semantic,all_acts,q4eu_044,L,RI,4,5,0.3333333333333333,0.5,0.4,0.5,1.0,0.6366824387328317,6,2
sem_50_128,semantic,all_acts,q4eu_044,L,RI,4,10,0.18181818181818182,0.5,0.26666666666666666,0.5,1.0,0.6366824387328317,11,2
sem_50_128,semantic,all_acts,q4eu_045,N,B,4,5,0.5,0.75,0.6,0.5,1.0,0.787702056960637,6,3
sem_50_128,semantic,all_acts,q4eu_045,N,B,4,10,0.2727272727272727,0.75,0.39999999999999997,0.5,1.0,0.787702056960637,11,3
sem_50_128,semantic,all_acts,q4eu_046,H,B,5,5,0.6,0.6,0.6,0.6,1.0,0.7227265726449519,5,3
sem_50_128,semantic,all_acts,q4eu_046,H,B,5,10,0.3333333333333333,0.6,0.42857142857142855,0.6,1.0,0.7227265726449519,9,3
sem_50_128,semantic,all_acts,q4eu_047,N,W,5,5,0.2,0.2,0.20000000000000004,0.2,1.0,0.3391602052736161,5,1
sem_50_128,semantic,all_acts,q4eu_047,N,W,5,10,0.2222222222222222,0.4,0.2857142857142857,0.2,1.0,0.4599715079731103,9,2
sem_50_128,semantic,all_acts,q4eu_048,L,W,3,5,0.25,0.3333333333333333,0.28571428571428575,0.3333333333333333,1.0,0.46927872602275644,4,1
sem_50_128,semantic,all_acts,q4eu_048,L,W,3,10,0.125,0.3333333333333333,0.18181818181818182,0.3333333333333333,1.0,0.46927872602275644,8,1
sem_50_128,semantic,all_acts,q4eu_049,N,W,3,5,0.25,0.3333333333333333,0.28571428571428575,0.3333333333333333,1.0,0.46927872602275644,4,1
sem_50_128,semantic,all_acts,q4eu_049,N,W,3,10,0.1111111111111111,0.3333333333333333,0.16666666666666666,0.3333333333333333,1.0,0.46927872602275644,9,1
sem_50_128,semantic,all_acts,q4eu_050,H,W,2,5,0.2,0.5,0.28571428571428575,0.5,1.0,0.6131471927654584,5,1
sem_50_128,semantic,all_acts,q4eu_050,H,W,2,10,0.14285714285714285,0.5,0.22222222222222224,0.5,1.0,0.6131471927654584,7,1
sem_50_128,semantic,all_acts,q4eu_051,L,W,5,5,0.6,0.6,0.6,0.6,1.0,0.7227265726449519,5,3
sem_50_128,semantic,all_acts,q4eu_051,L,W,5,10,0.3076923076923077,0.8,0.4444444444444444,0.6,1.0,0.8143806005732847,13,4
sem_50_128,semantic,all_acts,q4eu_052,H,W,1,5,0.2,1.0,0.33333333333333337,0.0,0.3333333333333333,0.5,5,1
sem_50_128,semantic,all_acts,q4eu_052,H,W,1,10,0.125,1.0,0.2222222222222222,0.0,0.3333333333333333,0.5,8,1
sem_50_128,semantic,all_acts,q4eu_053,N,W,2,5,0.2,0.5,0.28571428571428575,0.5,1.0,0.6131471927654584,5,1
sem_50_128,semantic,all_acts,q4eu_053,N,W,2,10,0.16666666666666666,0.5,0.25,0.5,1.0,0.6131471927654584,6,1
sem_50_128,semantic,all_acts,q4eu_054,L,W,4,5,0.2,0.25,0.22222222222222224,0.25,0.25,0.16812753627111746,5,1
sem_50_128,semantic,all_acts,q4eu_054,L,W,4,10,0.16666666666666666,0.25,0.2,0.25,0.25,0.16812753627111746,6,1
sem_50_128,semantic,all_acts,q4eu_055,H,W,1,5,0.25,1.0,0.4,0.0,0.5,0.6309297535714575,4,1
sem_50_128,semantic,all_acts,q4eu_055,H,W,1,10,0.1111111111111111,1.0,0.19999999999999998,0.0,0.5,0.6309297535714575,9,1
sem_50_128,semantic,all_acts,q4eu_056,L,W,4,5,0.5,0.25,0.3333333333333333,0.25,1.0,0.6131471927654584,2,1
sem_50_128,semantic,all_acts,q4eu_056,L,W,4,10,0.5,0.75,0.6,0.25,1.0,0.6804558477306826,6,3
sem_50_128,semantic,all_acts,q4eu_057,N,W,4,5,0.5,0.5,0.5,0.5,0.5,0.4144299250118475,4,2
sem_50_128,semantic,all_acts,q4eu_057,N,W,4,10,0.375,0.75,0.5,0.5,0.5,0.5654495432396527,8,3
sem_50_128,semantic,all_acts,q4eu_058,N,W,4,5,0.3333333333333333,0.25,0.28571428571428575,0.25,0.5,0.2960819109658652,3,1
sem_50_128,semantic,all_acts,q4eu_058,N,W,4,10,0.3333333333333333,0.5,0.4,0.5,0.5,0.4144299250118475,6,2
sem_50_128,semantic,all_acts,q4eu_059,H,W,3,5,0.25,0.3333333333333333,0.28571428571428575,0.3333333333333333,1.0,0.46927872602275644,4,1
sem_50_128,semantic,all_acts,q4eu_059,H,W,3,10,0.1111111111111111,0.3333333333333333,0.16666666666666666,0.3333333333333333,1.0,0.46927872602275644,9,1
sem_50_128,semantic,all_acts,q4eu_060,L,W,4,5,0.0,0.0,0.0,0.0,0.0,0.0,5,0
sem_50_128,semantic,all_acts,q4eu_060,L,W,4,10,0.0,0.0,0.0,0.0,0.0,0.0,11,0
sem_50_128,semantic,all_acts,q4eu_061,H,W,2,5,0.2,0.5,0.28571428571428575,0.5,1.0,0.6131471927654584,5,1
sem_50_128,semantic,all_acts,q4eu_061,H,W,2,10,0.18181818181818182,1.0,0.3076923076923077,0.5,1.0,0.7977228895450266,11,2
sem_50_128,semantic,all_acts,q4eu_062,H,W,2,5,0.25,0.5,0.3333333333333333,0.5,1.0,0.6131471927654584,4,1
sem_50_128,semantic,all_acts,q4eu_062,H,W,2,10,0.1111111111111111,0.5,0.1818181818181818,0.5,1.0,0.6131471927654584,9,1
sem_50_128,semantic,all_acts,q4eu_063,N,W,2,5,0.25,0.5,0.3333333333333333,0.5,1.0,0.6131471927654584,4,1
sem_50_128,semantic,all_acts,q4eu_063,N,W,2,10,0.1111111111111111,0.5,0.1818181818181818,0.5,1.0,0.6131471927654584,9,1
sem_50_128,semantic,all_acts,q4eu_064,N,W,3,5,0.75,1.0,0.8571428571428571,0.6666666666666666,1.0,0.9060254355346823,4,3
sem_50_128,semantic,all_acts,q4eu_064,N,W,3,10,0.3333333333333333,1.0,0.5,0.6666666666666666,1.0,0.9060254355346823,9,3
sem_50_128,semantic,all_acts,q4eu_065,L,W,6,5,0.2,0.16666666666666666,0.1818181818181818,0.16666666666666666,1.0,0.3391602052736161,5,1
sem_50_128,semantic,all_acts,q4eu_065,L,W,6,10,0.4,0.6666666666666666,0.5,0.16666666666666666,1.0,0.5864020318559602,10,4
sem_50_128,semantic,all_acts,q4eu_066,H,W,1,5,0.16666666666666666,1.0,0.2857142857142857,0.0,0.5,0.6309297535714575,6,1
sem_50_128,semantic,all_acts,q4eu_066,H,W,1,10,0.07692307692307693,1.0,0.14285714285714288,0.0,0.5,0.6309297535714575,13,1
sem_50_128,semantic,all_acts,q4eu_067,L,W,3,5,0.3333333333333333,0.3333333333333333,0.3333333333333333,0.3333333333333333,0.5,0.2960819109658652,3,1
sem_50_128,semantic,all_acts,q4eu_067,L,W,3,10,0.125,0.3333333333333333,0.18181818181818182,0.3333333333333333,0.5,0.2960819109658652,8,1
sem_50_128,semantic,all_acts,q4eu_068,L,B;RI;RII,6,5,0.2,0.16666666666666666,0.1818181818181818,0.16666666666666666,0.25,0.14606834984270645,5,1
sem_50_128,semantic,all_acts,q4eu_068,L,B;RI;RII,6,10,0.18181818181818182,0.3333333333333333,0.23529411764705885,0.16666666666666666,0.25,0.22578419899983798,11,2
sem_50_128,semantic,all_acts,q4eu_069,L,RI,5,5,0.16666666666666666,0.2,0.1818181818181818,0.0,0.16666666666666666,0.1208113026994942,6,1
sem_50_128,semantic,all_acts,q4eu_069,L,RI,5,10,0.15384615384615385,0.4,0.2222222222222222,0.0,0.16666666666666666,0.22290869782240583,13,2
sem_50_128,semantic,all_acts,q4eu_070,H,RII,4,5,0.3333333333333333,0.5,0.4,0.25,0.3333333333333333,0.34620964322385606,6,2
sem_50_128,semantic,all_acts,q4eu_070,H,RII,4,10,0.3,0.75,0.4285714285714285,0.25,0.3333333333333333,0.4693608375942211,10,3
sem_50_128,semantic,all_acts,q4eu_071,N,B,2,5,0.16666666666666666,0.5,0.25,0.0,0.2,0.23719771276929622,6,1
sem_50_128,semantic,all_acts,q4eu_071,N,B,2,10,0.1,0.5,0.16666666666666669,0.0,0.2,0.23719771276929622,10,1
sem_50_128,semantic,all_acts,q4eu_072,L,G,3,5,0.4,0.6666666666666666,0.5,0.3333333333333333,0.3333333333333333,0.4367467095119258,5,2
sem_50_128,semantic,all_acts,q4eu_072,L,G,3,10,0.18181818181818182,0.6666666666666666,0.28571428571428575,0.3333333333333333,0.3333333333333333,0.4367467095119258,11,2
sem_50_128,semantic,pil_acts,q4eu_034,L,B,3,5,0.0,0.0,0.0,0.0,0.0,0.0,5,0
sem_50_128,semantic,pil_acts,q4eu_034,L,B,3,10,0.0,0.0,0.0,0.0,0.0,0.0,11,0
sem_50_128,semantic,pil_acts,q4eu_035,N,B,4,5,0.2,0.25,0.22222222222222224,0.25,0.25,0.16812753627111746,5,1
sem_50_128,semantic,pil_acts,q4eu_035,N,B,4,10,0.125,0.25,0.16666666666666666,0.25,0.25,0.16812753627111746,8,1
sem_50_128,semantic,pil_acts,q4eu_036,N,RI,4,5,0.16666666666666666,0.25,0.2,0.25,1.0,0.3903800499921017,6,1
sem_50_128,semantic,pil_acts,q4eu_036,N,RI,4,10,0.09090909090909091,0.25,0.13333333333333333,0.25,1.0,0.3903800499921017,11,1
sem_50_128,semantic,pil_acts,q4eu_037,H,B,3,5,0.6,1.0,0.7499999999999999,0.6666666666666666,1.0,0.9674679834891693,5,3
sem_50_128,semantic,pil_acts,q4eu_037,H,B,3,10,0.2727272727272727,1.0,0.42857142857142855,0.6666666666666666,1.0,0.9674679834891693,11,3
sem_50_128,semantic,pil_acts,q4eu_038,H,B,3,5,0.4,0.6666666666666666,0.5,0.6666666666666666,1.0,0.7653606369886217,5,2
sem_50_128,semantic,pil_acts,q4eu_038,H,B,3,10,0.2,0.6666666666666666,0.30769230769230765,0.6666666666666666,1.0,0.7653606369886217,10,2
sem_50_128,semantic,pil_acts,q4eu_039,N,RII,22,5,0.6666666666666666,0.18181818181818182,0.28571428571428575,0.18181818181818182,0.3333333333333333,0.5064767203222519,6,4
sem_50_128,semantic,pil_acts,q4eu_039,N,RII,22,10,0.4444444444444444,0.18181818181818182,0.2580645161290322,0.18181818181818182,0.3333333333333333,0.39340432753771526,9,4
sem_50_128,semantic,pil_acts,q4eu_040,H,RI,4,5,0.4,0.5,0.4444444444444445,0.5,1.0,0.5585075862632192,5,2
sem_50_128,semantic,pil_acts,q4eu_040,H,RI,4,10,0.2,0.5,0.28571428571428575,0.5,1.0,0.5585075862632192,10,2
sem_50_128,semantic,pil_acts,q4eu_041,N,B,5,5,0.6,0.6,0.6,0.6,0.5,0.5296347172140421,5,3
sem_50_128,semantic,pil_acts,q4eu_041,N,B,5,10,0.36363636363636365,0.8,0.5000000000000001,0.6,0.5,0.6276740030453991,11,4
sem_50_128,semantic,pil_acts,q4eu_042,L,RI,2,5,0.4,1.0,0.5714285714285715,0.5,1.0,0.8503449055347546,5,2
sem_50_128,semantic,pil_acts,q4eu_042,L,RI,2,10,0.2222222222222222,1.0,0.3636363636363636,0.5,1.0,0.8503449055347546,9,2
sem_50_128,semantic,pil_acts,q4eu_043,N,B;RI,2,5,0.3333333333333333,1.0,0.5,1.0,1.0,1.0,6,2
sem_50_128,semantic,pil_acts,q4eu_043,N,B;RI,2,10,0.18181818181818182,1.0,0.3076923076923077,1.0,1.0,1.0,11,2
sem_50_128,semantic,pil_acts,q4eu_044,L,RI,4,5,0.4,0.5,0.4444444444444445,0.5,1.0,0.6366824387328317,5,2
sem_50_128,semantic,pil_acts,q4eu_044,L,RI,4,10,0.3,0.75,0.4285714285714285,0.5,1.0,0.7495275800817669,10,3
sem_50_128,semantic,pil_acts,q4eu_045,N,B,4,5,0.5,0.75,0.6,0.5,1.0,0.787702056960637,6,3
sem_50_128,semantic,pil_acts,q4eu_045,N,B,4,10,0.36363636363636365,1.0,0.5333333333333333,0.5,1.0,0.8965958180288691,11,4
sem_50_128,semantic,pil_acts,q4eu_046,H,B,5,5,0.6,0.6,0.6,0.6,1.0,0.7227265726449519,5,3
sem_50_128,semantic,pil_acts,q4eu_046,H,B,5,10,0.3,0.6,0.4,0.6,1.0,0.7227265726449519,10,3
sem_50_128,semantic,pil_acts,q4eu_068,L,B;RI;RII,6,5,0.3333333333333333,0.3333333333333333,0.3333333333333333,0.3333333333333333,0.3333333333333333,0.25909036127391766,6,2
sem_50_128,semantic,pil_acts,q4eu_068,L,B;RI;RII,6,10,0.25,0.5,0.3333333333333333,0.3333333333333333,0.3333333333333333,0.3408650790230897,12,3
sem_50_128,semantic,pil_acts,q4eu_069,L,RI,5,5,0.16666666666666666,0.2,0.1818181818181818,0.0,0.16666666666666666,0.1208113026994942,6,1
sem_50_128,semantic,pil_acts,q4eu_069,L,RI,5,10,0.15384615384615385,0.4,0.2222222222222222,0.0,0.16666666666666666,0.22290869782240583,13,2
sem_50_128,semantic,pil_acts,q4eu_070,H,RII,4,5,0.3333333333333333,0.5,0.4,0.25,0.3333333333333333,0.34620964322385606,6,2
sem_50_128,semantic,pil_acts,q4eu_070,H,RII,4,10,0.3,0.75,0.4285714285714285,0.25,0.3333333333333333,0.4693608375942211,10,3
sem_50_128,semantic,pil_acts,q4eu_071,N,B,2,5,0.16666666666666666,0.5,0.25,0.0,0.2,0.23719771276929622,6,1
sem_50_128,semantic,pil_acts,q4eu_071,N,B,2,10,0.1,0.5,0.16666666666666669,0.0,0.2,0.23719771276929622,10,1
sem_50_128,semantic,target_acts,q4eu_001,H,E,3,5,0.75,1.0,0.8571428571428571,1.0,1.0,1.0,4,3
sem_50_128,semantic,target_acts,q4eu_001,H,E,3,10,0.375,1.0,0.5454545454545454,1.0,1.0,1.0,8,3
sem_50_128,semantic,target_acts,q4eu_002,N,E,2,5,0.125,0.5,0.2,0.0,0.25,0.2640681225725909,8,1
sem_50_128,semantic,target_acts,q4eu_002,N,E,2,10,0.16666666666666666,1.0,0.2857142857142857,0.0,0.25,0.44130740935663865,12,2
sem_50_128,semantic,target_acts,q4eu_003,L,E,2,5,0.16666666666666666,0.5,0.25,0.0,0.25,0.2640681225725909,6,1
sem_50_128,semantic,target_acts,q4eu_003,L,E,2,10,0.2,1.0,0.33333333333333337,0.0,0.25,0.44130740935663865,10,2
sem_50_128,semantic,target_acts,q4eu_004,N,E,2,5,0.5,1.0,0.6666666666666666,0.5,1.0,0.8772153153380493,4,2
sem_50_128,semantic,target_acts,q4eu_004,N,E,2,10,0.2857142857142857,1.0,0.4444444444444445,0.5,1.0,0.8772153153380493,7,2
sem_50_128,semantic,target_acts,q4eu_005,L,E,2,5,0.16666666666666666,0.5,0.25,0.5,1.0,0.6131471927654584,6,1
sem_50_128,semantic,target_acts,q4eu_005,L,E,2,10,0.2,1.0,0.33333333333333337,0.5,1.0,0.7977228895450266,10,2
sem_50_128,semantic,target_acts,q4eu_006,N,E,2,5,0.3333333333333333,1.0,0.5,1.0,1.0,1.0,6,2
sem_50_128,semantic,target_acts,q4eu_006,N,E,2,10,0.18181818181818182,1.0,0.3076923076923077,1.0,1.0,1.0,11,2
sem_50_128,semantic,target_acts,q4eu_007,H,E,1,5,0.25,1.0,0.4,1.0,1.0,1.0,4,1
sem_50_128,semantic,target_acts,q4eu_007,H,E,1,10,0.125,1.0,0.2222222222222222,1.0,1.0,1.0,8,1
sem_50_128,semantic,target_acts,q4eu_008,L,E,2,5,0.0,0.0,0.0,0.0,0.0,0.0,7,0
sem_50_128,semantic,target_acts,q4eu_008,L,E,2,10,0.0,0.0,0.0,0.0,0.0,0.0,13,0
sem_50_128,semantic,target_acts,q4eu_009,H,E,2,5,0.5,1.0,0.6666666666666666,1.0,1.0,1.0,4,2
sem_50_128,semantic,target_acts,q4eu_009,H,E,2,10,0.2857142857142857,1.0,0.4444444444444445,1.0,1.0,1.0,7,2
sem_50_128,semantic,target_acts,q4eu_010,H,E,1,5,0.3333333333333333,1.0,0.5,1.0,1.0,1.0,3,1
sem_50_128,semantic,target_acts,q4eu_010,H,E,1,10,0.2,1.0,0.33333333333333337,1.0,1.0,1.0,5,1
sem_50_128,semantic,target_acts,q4eu_011,L,E,5,5,0.42857142857142855,0.6,0.5,0.2,0.2,0.36506978196970796,7,3
sem_50_128,semantic,target_acts,q4eu_011,L,E,5,10,0.23076923076923078,0.6,0.33333333333333337,0.2,0.2,0.36506978196970796,13,3
sem_50_128,semantic,target_acts,q4eu_012,N,E,4,5,0.75,0.75,0.75,0.75,1.0,0.8318724637288826,4,3
sem_50_128,semantic,target_acts,q4eu_012,N,E,4,10,0.6666666666666666,1.0,0.8,0.75,1.0,0.9828920819566879,6,4
sem_50_128,semantic,target_acts,q4eu_013,N,E,2,5,0.6666666666666666,1.0,0.8,1.0,1.0,1.0,3,2
sem_50_128,semantic,target_acts,q4eu_013,N,E,2,10,0.3333333333333333,1.0,0.5,1.0,1.0,1.0,6,2
sem_50_128,semantic,target_acts,q4eu_014,N,E,2,5,0.5,1.0,0.6666666666666666,0.5,1.0,0.8772153153380493,4,2
sem_50_128,semantic,target_acts,q4eu_014,N,E,2,10,0.2222222222222222,1.0,0.3636363636363636,0.5,1.0,0.8772153153380493,9,2
sem_50_128,semantic,target_acts,q4eu_015,H,E,1,5,0.25,1.0,0.4,1.0,1.0,1.0,4,1
sem_50_128,semantic,target_acts,q4eu_015,H,E,1,10,0.1,1.0,0.18181818181818182,1.0,1.0,1.0,10,1
sem_50_128,semantic,target_acts,q4eu_016,N,E,2,5,0.4,1.0,0.5714285714285715,0.5,1.0,0.9197207891481876,5,2
sem_50_128,semantic,target_acts,q4eu_016,N,E,2,10,0.25,1.0,0.4,0.5,1.0,0.9197207891481876,8,2
sem_50_128,semantic,target_acts,q4eu_017,L,E,2,5,0.4,1.0,0.5714285714285715,0.5,0.5,0.6934264036172708,5,2
sem_50_128,semantic,target_acts,q4eu_017,L,E,2,10,0.3333333333333333,1.0,0.5,0.5,0.5,0.6934264036172708,6,2
sem_50_128,semantic,target_acts,q4eu_018,H,G,1,5,0.25,1.0,0.4,0.0,0.5,0.6309297535714575,4,1
sem_50_128,semantic,target_acts,q4eu_018,H,G,1,10,0.16666666666666666,1.0,0.2857142857142857,0.0,0.5,0.6309297535714575,6,1
sem_50_128,semantic,target_acts,q4eu_019,N,G,1,5,0.0,0.0,0.0,0.0,0.0,0.0,4,0
sem_50_128,semantic,target_acts,q4eu_019,N,G,1,10,0.14285714285714285,1.0,0.25,0.0,0.2,0.38685280723454163,7,1
sem_50_128,semantic,target_acts,q4eu_020,L,G,6,5,0.6666666666666666,0.3333333333333333,0.4444444444444444,0.3333333333333333,1.0,0.7653606369886217,3,2
sem_50_128,semantic,target_acts,q4eu_020,L,G,6,10,0.6666666666666666,0.6666666666666666,0.6666666666666666,0.6666666666666666,1.0,0.7409096387260824,6,4
sem_50_128,semantic,target_acts,q4eu_021,N,G,2,5,0.0,0.0,0.0,0.0,0.0,0.0,3,0
sem_50_128,semantic,target_acts,q4eu_021,N,G,2,10,0.16666666666666666,0.5,0.25,0.0,0.2,0.23719771276929622,6,1
sem_50_128,semantic,target_acts,q4eu_022,L,G,5,5,0.3333333333333333,0.2,0.25,0.2,0.5,0.2960819109658652,3,1
sem_50_128,semantic,target_acts,q4eu_022,L,G,5,10,0.2857142857142857,0.4,0.3333333333333333,0.2,0.5,0.3347975674340217,7,2
sem_50_128,semantic,target_acts,q4eu_023,N,G,2,5,0.16666666666666666,0.5,0.25,0.5,1.0,0.6131471927654584,6,1
sem_50_128,semantic,target_acts,q4eu_023,N,G,2,10,0.1,0.5,0.16666666666666669,0.5,1.0,0.6131471927654584,10,1
sem_50_128,semantic,target_acts,q4eu_024,H,G,3,5,0.6,1.0,0.7499999999999999,0.6666666666666666,0.5,0.7122630665145961,5,3
sem_50_128,semantic,target_acts,q4eu_024,H,G,3,10,0.3333333333333333,1.0,0.5,0.6666666666666666,0.5,0.7122630665145961,9,3
sem_50_128,semantic,target_acts,q4eu_025,L,G,8,5,0.4,0.25,0.3076923076923077,0.25,0.5,0.36005461457723403,5,2
sem_50_128,semantic,target_acts,q4eu_025,L,G,8,10,0.5,0.5,0.5,0.5,0.5,0.4384201169574681,8,4
sem_50_128,semantic,target_acts,q4eu_026,H,G,1,5,0.25,1.0,0.4,1.0,1.0,1.0,4,1
sem_50_128,semantic,target_acts,q4eu_026,H,G,1,10,0.14285714285714285,1.0,0.25,1.0,1.0,1.0,7,1
sem_50_128,semantic,target_acts,q4eu_027,H,G,1,5,0.3333333333333333,1.0,0.5,1.0,1.0,1.0,3,1
sem_50_128,semantic,target_acts,q4eu_027,H,G,1,10,0.1111111111111111,1.0,0.19999999999999998,1.0,1.0,1.0,9,1
sem_50_128,semantic,target_acts,q4eu_028,N,G,4,5,0.4,0.5,0.4444444444444445,0.5,1.0,0.5855700749881525,5,2
sem_50_128,semantic,target_acts,q4eu_028,N,G,4,10,0.2222222222222222,0.5,0.30769230769230765,0.5,1.0,0.5855700749881525,9,2
sem_50_128,semantic,target_acts,q4eu_029,N,G,2,5,0.3333333333333333,0.5,0.4,0.5,1.0,0.6131471927654584,3,1
sem_50_128,semantic,target_acts,q4eu_029,N,G,2,10,0.14285714285714285,0.5,0.22222222222222224,0.5,1.0,0.6131471927654584,7,1
sem_50_128,semantic,target_acts,q4eu_030,N,G,4,5,0.2,0.25,0.22222222222222224,0.25,0.3333333333333333,0.19519002499605084,5,1
sem_50_128,semantic,target_acts,q4eu_030,N,G,4,10,0.18181818181818182,0.5,0.26666666666666666,0.25,0.3333333333333333,0.30408378606428305,11,2
sem_50_128,semantic,target_acts,q4eu_031,H,G,3,5,0.25,0.3333333333333333,0.28571428571428575,0.3333333333333333,1.0,0.46927872602275644,4,1
sem_50_128,semantic,target_acts,q4eu_031,H,G,3,10,0.25,0.6666666666666666,0.36363636363636365,0.3333333333333333,1.0,0.617319681505689,8,2
sem_50_128,semantic,target_acts,q4eu_032,N,G,3,5,0.4,0.6666666666666666,0.5,0.6666666666666666,1.0,0.7039180890341347,5,2
sem_50_128,semantic,target_acts,q4eu_032,N,G,3,10,0.3333333333333333,1.0,0.5,0.6666666666666666,1.0,0.8710785440003369,9,3
sem_50_128,semantic,target_acts,q4eu_033,L,G,6,5,1.0,0.8333333333333334,0.9090909090909091,0.8333333333333334,1.0,1.0,5,5
sem_50_128,semantic,target_acts,q4eu_033,L,G,6,10,1.0,1.0,1.0,1.0,1.0,1.0,6,6
sem_50_128,semantic,target_acts,q4eu_034,L,B,3,5,0.4,0.6666666666666666,0.5,0.0,0.25,0.38364913903790027,5,2
sem_50_128,semantic,target_acts,q4eu_034,L,B,3,10,0.3333333333333333,1.0,0.5,0.0,0.25,0.5249161118977291,9,3
sem_50_128,semantic,target_acts,q4eu_035,N,B,4,5,0.4,0.5,0.4444444444444445,0.5,1.0,0.5855700749881525,5,2
sem_50_128,semantic,target_acts,q4eu_035,N,B,4,10,0.2222222222222222,0.5,0.30769230769230765,0.5,1.0,0.5855700749881525,9,2
sem_50_128,semantic,target_acts,q4eu_036,N,RI,4,5,0.16666666666666666,0.25,0.2,0.25,1.0,0.3903800499921017,6,1
sem_50_128,semantic,target_acts,q4eu_036,N,RI,4,10,0.1,0.25,0.14285714285714288,0.25,1.0,0.3903800499921017,10,1
sem_50_128,semantic,target_acts,q4eu_037,H,B,3,5,0.6,1.0,0.7499999999999999,0.6666666666666666,1.0,0.9674679834891693,5,3
sem_50_128,semantic,target_acts,q4eu_037,H,B,3,10,0.42857142857142855,1.0,0.6,0.6666666666666666,1.0,0.9674679834891693,7,3
sem_50_128,semantic,target_acts,q4eu_038,H,B,3,5,0.4,0.6666666666666666,0.5,0.6666666666666666,1.0,0.7653606369886217,5,2
sem_50_128,semantic,target_acts,q4eu_038,H,B,3,10,0.2,0.6666666666666666,0.30769230769230765,0.6666666666666666,1.0,0.7653606369886217,10,2
sem_50_128,semantic,target_acts,q4eu_039,N,RII,22,5,0.6666666666666666,0.18181818181818182,0.28571428571428575,0.18181818181818182,0.3333333333333333,0.5064767203222519,6,4
sem_50_128,semantic,target_acts,q4eu_039,N,RII,22,10,0.4444444444444444,0.18181818181818182,0.2580645161290322,0.18181818181818182,0.3333333333333333,0.39340432753771526,9,4
sem_50_128,semantic,target_acts,q4eu_040,H,RI,4,5,0.4,0.5,0.4444444444444445,0.5,1.0,0.5855700749881525,5,2
sem_50_128,semantic,target_acts,q4eu_040,H,RI,4,10,0.25,0.5,0.3333333333333333,0.5,1.0,0.5855700749881525,8,2
sem_50_128,semantic,target_acts,q4eu_041,N,B,5,5,0.8,0.8,0.8000000000000002,0.8,1.0,0.8687949224876582,5,4
sem_50_128,semantic,target_acts,q4eu_041,N,B,5,10,0.4,0.8,0.5333333333333333,0.8,1.0,0.8687949224876582,10,4
sem_50_128,semantic,target_acts,q4eu_042,L,RI,2,5,0.4,1.0,0.5714285714285715,0.5,1.0,0.8772153153380493,5,2
sem_50_128,semantic,target_acts,q4eu_042,L,RI,2,10,0.25,1.0,0.4,0.5,1.0,0.8772153153380493,8,2
sem_50_128,semantic,target_acts,q4eu_043,N,B;RI,2,5,0.3333333333333333,1.0,0.5,1.0,1.0,1.0,6,2
sem_50_128,semantic,target_acts,q4eu_043,N,B;RI,2,10,0.18181818181818182,1.0,0.3076923076923077,1.0,1.0,1.0,11,2
sem_50_128,semantic,target_acts,q4eu_044,L,RI,4,5,0.4,0.5,0.4444444444444445,0.5,1.0,0.6366824387328317,5,2
sem_50_128,semantic,target_acts,q4eu_044,L,RI,4,10,0.5,1.0,0.6666666666666666,0.5,1.0,0.9058653015743079,8,4
sem_50_128,semantic,target_acts,q4eu_045,N,B,4,5,0.5,0.75,0.6,0.75,1.0,0.8048099750039491,6,3
sem_50_128,semantic,target_acts,q4eu_045,N,B,4,10,0.4,1.0,0.5714285714285715,0.75,1.0,0.9279611693743142,10,4
sem_50_128,semantic,target_acts,q4eu_046,H,B,5,5,0.6,0.6,0.6,0.6,1.0,0.7227265726449519,5,3
sem_50_128,semantic,target_acts,q4eu_046,H,B,5,10,0.3333333333333333,0.6,0.42857142857142855,0.6,1.0,0.7227265726449519,9,3
sem_50_128,semantic,target_acts,q4eu_047,N,W,5,5,0.2,0.2,0.20000000000000004,0.2,1.0,0.3391602052736161,5,1
sem_50_128,semantic,target_acts,q4eu_047,N,W,5,10,0.2222222222222222,0.4,0.2857142857142857,0.2,1.0,0.4599715079731103,9,2
sem_50_128,semantic,target_acts,q4eu_048,L,W,3,5,0.25,0.3333333333333333,0.28571428571428575,0.3333333333333333,1.0,0.46927872602275644,4,1
sem_50_128,semantic,target_acts,q4eu_048,L,W,3,10,0.125,0.3333333333333333,0.18181818181818182,0.3333333333333333,1.0,0.46927872602275644,8,1
sem_50_128,semantic,target_acts,q4eu_049,N,W,3,5,0.25,0.3333333333333333,0.28571428571428575,0.3333333333333333,1.0,0.46927872602275644,4,1
sem_50_128,semantic,target_acts,q4eu_049,N,W,3,10,0.1111111111111111,0.3333333333333333,0.16666666666666666,0.3333333333333333,1.0,0.46927872602275644,9,1
sem_50_128,semantic,target_acts,q4eu_050,H,W,2,5,0.2,0.5,0.28571428571428575,0.5,1.0,0.6131471927654584,5,1
sem_50_128,semantic,target_acts,q4eu_050,H,W,2,10,0.14285714285714285,0.5,0.22222222222222224,0.5,1.0,0.6131471927654584,7,1
sem_50_128,semantic,target_acts,q4eu_051,L,W,5,5,0.6,0.6,0.6,0.6,1.0,0.7227265726449519,5,3
sem_50_128,semantic,target_acts,q4eu_051,L,W,5,10,0.3076923076923077,0.8,0.4444444444444444,0.6,1.0,0.8143806005732847,13,4
sem_50_128,semantic,target_acts,q4eu_052,H,W,1,5,0.2,1.0,0.33333333333333337,0.0,0.3333333333333333,0.5,5,1
sem_50_128,semantic,target_acts,q4eu_052,H,W,1,10,0.125,1.0,0.2222222222222222,0.0,0.3333333333333333,0.5,8,1
sem_50_128,semantic,target_acts,q4eu_053,N,W,2,5,0.2,0.5,0.28571428571428575,0.5,1.0,0.6131471927654584,5,1
sem_50_128,semantic,target_acts,q4eu_053,N,W,2,10,0.16666666666666666,0.5,0.25,0.5,1.0,0.6131471927654584,6,1
sem_50_128,semantic,target_acts,q4eu_054,L,W,4,5,0.2,0.25,0.22222222222222224,0.25,0.25,0.16812753627111746,5,1
sem_50_128,semantic,target_acts,q4eu_054,L,W,4,10,0.16666666666666666,0.25,0.2,0.25,0.25,0.16812753627111746,6,1
sem_50_128,semantic,target_acts,q4eu_055,H,W,1,5,0.25,1.0,0.4,0.0,0.5,0.6309297535714575,4,1
sem_50_128,semantic,target_acts,q4eu_055,H,W,1,10,0.1111111111111111,1.0,0.19999999999999998,0.0,0.5,0.6309297535714575,9,1
sem_50_128,semantic,target_acts,q4eu_056,L,W,4,5,0.5,0.25,0.3333333333333333,0.25,1.0,0.6131471927654584,2,1
sem_50_128,semantic,target_acts,q4eu_056,L,W,4,10,0.5,0.75,0.6,0.25,1.0,0.6804558477306826,6,3
sem_50_128,semantic,target_acts,q4eu_057,N,W,4,5,0.5,0.5,0.5,0.5,0.5,0.4144299250118475,4,2
sem_50_128,semantic,target_acts,q4eu_057,N,W,4,10,0.375,0.75,0.5,0.5,0.5,0.5654495432396527,8,3
sem_50_128,semantic,target_acts,q4eu_058,N,W,4,5,0.3333333333333333,0.25,0.28571428571428575,0.25,0.5,0.2960819109658652,3,1
sem_50_128,semantic,target_acts,q4eu_058,N,W,4,10,0.3333333333333333,0.5,0.4,0.5,0.5,0.4144299250118475,6,2
sem_50_128,semantic,target_acts,q4eu_059,H,W,3,5,0.25,0.3333333333333333,0.28571428571428575,0.3333333333333333,1.0,0.46927872602275644,4,1
sem_50_128,semantic,target_acts,q4eu_059,H,W,3,10,0.1111111111111111,0.3333333333333333,0.16666666666666666,0.3333333333333333,1.0,0.46927872602275644,9,1
sem_50_128,semantic,target_acts,q4eu_060,L,W,4,5,0.0,0.0,0.0,0.0,0.0,0.0,5,0
sem_50_128,semantic,target_acts,q4eu_060,L,W,4,10,0.1,0.25,0.14285714285714288,0.0,0.14285714285714285,0.13012668333070054,10,1
sem_50_128,semantic,target_acts,q4eu_061,H,W,2,5,0.2,0.5,0.28571428571428575,0.5,1.0,0.6131471927654584,5,1
sem_50_128,semantic,target_acts,q4eu_061,H,W,2,10,0.18181818181818182,1.0,0.3076923076923077,0.5,1.0,0.7977228895450266,11,2
sem_50_128,semantic,target_acts,q4eu_062,H,W,2,5,0.25,0.5,0.3333333333333333,0.5,1.0,0.6131471927654584,4,1
sem_50_128,semantic,target_acts,q4eu_062,H,W,2,10,0.1111111111111111,0.5,0.1818181818181818,0.5,1.0,0.6131471927654584,9,1
sem_50_128,semantic,target_acts,q4eu_063,N,W,2,5,0.25,0.5,0.3333333333333333,0.5,1.0,0.6131471927654584,4,1
sem_50_128,semantic,target_acts,q4eu_063,N,W,2,10,0.125,0.5,0.2,0.5,1.0,0.6131471927654584,8,1
sem_50_128,semantic,target_acts,q4eu_064,N,W,3,5,0.75,1.0,0.8571428571428571,0.6666666666666666,1.0,0.9060254355346823,4,3
sem_50_128,semantic,target_acts,q4eu_064,N,W,3,10,0.3333333333333333,1.0,0.5,0.6666666666666666,1.0,0.9060254355346823,9,3
sem_50_128,semantic,target_acts,q4eu_065,L,W,6,5,0.2,0.16666666666666666,0.1818181818181818,0.16666666666666666,1.0,0.3391602052736161,5,1
sem_50_128,semantic,target_acts,q4eu_065,L,W,6,10,0.4,0.6666666666666666,0.5,0.16666666666666666,1.0,0.5864020318559602,10,4
sem_50_128,semantic,target_acts,q4eu_066,H,W,1,5,0.16666666666666666,1.0,0.2857142857142857,0.0,0.5,0.6309297535714575,6,1
sem_50_128,semantic,target_acts,q4eu_066,H,W,1,10,0.07692307692307693,1.0,0.14285714285714288,0.0,0.5,0.6309297535714575,13,1
sem_50_128,semantic,target_acts,q4eu_067,L,W,3,5,0.3333333333333333,0.3333333333333333,0.3333333333333333,0.3333333333333333,1.0,0.46927872602275644,3,1
sem_50_128,semantic,target_acts,q4eu_067,L,W,3,10,0.2,0.3333333333333333,0.25,0.3333333333333333,1.0,0.46927872602275644,5,1
sem_50_128,semantic,target_acts,q4eu_068,L,B;RI;RII,6,5,0.3333333333333333,0.3333333333333333,0.3333333333333333,0.3333333333333333,0.3333333333333333,0.25909036127391766,6,2
sem_50_128,semantic,target_acts,q4eu_068,L,B;RI;RII,6,10,0.25,0.5,0.3333333333333333,0.3333333333333333,0.3333333333333333,0.3408650790230897,12,3
sem_50_128,semantic,target_acts,q4eu_069,L,RI,5,5,0.3333333333333333,0.4,0.3636363636363636,0.2,0.2,0.252016380211836,6,2
sem_50_128,semantic,target_acts,q4eu_069,L,RI,5,10,0.15384615384615385,0.4,0.2222222222222222,0.2,0.2,0.252016380211836,13,2
sem_50_128,semantic,target_acts,q4eu_070,H,RII,4,5,0.5,0.75,0.6,0.75,1.0,0.8048099750039491,6,3
sem_50_128,semantic,target_acts,q4eu_070,H,RII,4,10,0.3333333333333333,0.75,0.46153846153846156,0.75,1.0,0.8048099750039491,9,3
sem_50_128,semantic,target_acts,q4eu_071,N,B,2,5,0.25,0.5,0.3333333333333333,0.5,1.0,0.6131471927654584,4,1
sem_50_128,semantic,target_acts,q4eu_071,N,B,2,10,0.2222222222222222,1.0,0.3636363636363636,0.5,1.0,0.8065735963827293,9,2
sem_50_128,semantic,target_acts,q4eu_072,L,G,3,5,0.4,0.6666666666666666,0.5,0.3333333333333333,0.3333333333333333,0.4367467095119258,5,2
sem_50_128,semantic,target_acts,q4eu_072,L,G,3,10,0.18181818181818182,0.6666666666666666,0.28571428571428575,0.3333333333333333,0.3333333333333333,0.4367467095119258,11,2
sem_50_256,semantic,all_acts,q4eu_001,H,E,3,5,0.5,1.0,0.6666666666666666,0.6666666666666666,1.0,0.9469024295259745,6,3
sem_50_256,semantic,all_acts,q4eu_001,H,E,3,10,0.2,1.0,0.33333333333333337,0.6666666666666666,1.0,0.9469024295259745,15,3
sem_50_256,semantic,all_acts,q4eu_002,N,E,2,5,0.14285714285714285,0.5,0.22222222222222224,0.0,0.2,0.23719771276929622,7,1
sem_50_256,semantic,all_acts,q4eu_002,N,E,2,10,0.14285714285714285,1.0,0.25,0.0,0.2,0.3941376571472261,14,2
sem_50_256,semantic,all_acts,q4eu_003,L,E,2,5,0.14285714285714285,0.5,0.22222222222222224,0.0,0.3333333333333333,0.3065735963827292,7,1
sem_50_256,semantic,all_acts,q4eu_003,L,E,2,10,0.08333333333333333,0.5,0.14285714285714285,0.0,0.3333333333333333,0.3065735963827292,12,1
sem_50_256,semantic,all_acts,q4eu_004,N,E,2,5,0.4,1.0,0.5714285714285715,0.0,0.3333333333333333,0.5706417189553201,5,2
sem_50_256,semantic,all_acts,q4eu_004,N,E,2,10,0.2,1.0,0.33333333333333337,0.0,0.3333333333333333,0.5706417189553201,10,2
sem_50_256,semantic,all_acts,q4eu_005,L,E,2,5,0.125,0.5,0.2,0.5,0.5,0.38685280723454163,8,1
sem_50_256,semantic,all_acts,q4eu_005,L,E,2,10,0.16666666666666666,1.0,0.2857142857142857,0.5,0.5,0.5640920940185894,12,2
sem_50_256,semantic,all_acts,q4eu_006,N,E,2,5,0.4,1.0,0.5714285714285715,1.0,1.0,1.0,5,2
sem_50_256,semantic,all_acts,q4eu_006,N,E,2,10,0.16666666666666666,1.0,0.2857142857142857,1.0,1.0,1.0,12,2
sem_50_256,semantic,all_acts,q4eu_007,H,E,1,5,0.125,1.0,0.2222222222222222,1.0,1.0,1.0,8,1
sem_50_256,semantic,all_acts,q4eu_007,H,E,1,10,0.09090909090909091,1.0,0.16666666666666669,1.0,1.0,1.0,11,1
sem_50_256,semantic,all_acts,q4eu_008,L,E,2,5,0.0,0.0,0.0,0.0,0.0,0.0,7,0
sem_50_256,semantic,all_acts,q4eu_008,L,E,2,10,0.0,0.0,0.0,0.0,0.0,0.0,15,0
sem_50_256,semantic,all_acts,q4eu_009,H,E,2,5,0.16666666666666666,0.5,0.25,0.5,1.0,0.6131471927654584,6,1
sem_50_256,semantic,all_acts,q4eu_009,H,E,2,10,0.18181818181818182,1.0,0.3076923076923077,0.5,1.0,0.7903864795495061,11,2
sem_50_256,semantic,all_acts,q4eu_010,H,E,1,5,0.25,1.0,0.4,1.0,1.0,1.0,4,1
sem_50_256,semantic,all_acts,q4eu_010,H,E,1,10,0.14285714285714285,1.0,0.25,1.0,1.0,1.0,7,1
sem_50_256,semantic,all_acts,q4eu_011,L,E,5,5,0.3333333333333333,0.4,0.3636363636363636,0.4,1.0,0.48522855511632257,6,2
sem_50_256,semantic,all_acts,q4eu_011,L,E,5,10,0.21428571428571427,0.6,0.3157894736842105,0.4,1.0,0.5798349018229869,14,3
sem_50_256,semantic,all_acts,q4eu_012,N,E,4,5,0.75,0.75,0.75,0.75,1.0,0.8318724637288826,4,3
sem_50_256,semantic,all_acts,q4eu_012,N,E,4,10,0.5714285714285714,1.0,0.7272727272727273,0.75,1.0,0.9828920819566879,7,4
sem_50_256,semantic,all_acts,q4eu_013,N,E,2,5,1.0,1.0,1.0,1.0,1.0,1.0,2,2
sem_50_256,semantic,all_acts,q4eu_013,N,E,2,10,0.3333333333333333,1.0,0.5,1.0,1.0,1.0,6,2
sem_50_256,semantic,all_acts,q4eu_014,N,E,2,5,0.125,0.5,0.2,0.5,0.5,0.38685280723454163,8,1
sem_50_256,semantic,all_acts,q4eu_014,N,E,2,10,0.15384615384615385,1.0,0.2666666666666667,0.5,0.5,0.5714285040141098,13,2
sem_50_256,semantic,all_acts,q4eu_015,H,E,1,5,0.2,1.0,0.33333333333333337,1.0,1.0,1.0,5,1
sem_50_256,semantic,all_acts,q4eu_015,H,E,1,10,0.125,1.0,0.2222222222222222,1.0,1.0,1.0,8,1
sem_50_256,semantic,all_acts,q4eu_016,N,E,2,5,0.3333333333333333,1.0,0.5,1.0,1.0,1.0,6,2
sem_50_256,semantic,all_acts,q4eu_016,N,E,2,10,0.18181818181818182,1.0,0.3076923076923077,1.0,1.0,1.0,11,2
sem_50_256,semantic,all_acts,q4eu_017,L,E,2,5,0.4,1.0,0.5714285714285715,0.5,0.5,0.6509209298071326,5,2
sem_50_256,semantic,all_acts,q4eu_017,L,E,2,10,0.2,1.0,0.33333333333333337,0.5,0.5,0.6509209298071326,10,2
sem_50_256,semantic,all_acts,q4eu_018,H,G,1,5,0.16666666666666666,1.0,0.2857142857142857,0.0,0.5,0.6309297535714575,6,1
sem_50_256,semantic,all_acts,q4eu_018,H,G,1,10,0.1111111111111111,1.0,0.19999999999999998,0.0,0.5,0.6309297535714575,9,1
sem_50_256,semantic,all_acts,q4eu_019,N,G,1,5,0.25,1.0,0.4,0.0,0.5,0.6309297535714575,4,1
sem_50_256,semantic,all_acts,q4eu_019,N,G,1,10,0.1,1.0,0.18181818181818182,0.0,0.5,0.6309297535714575,10,1
sem_50_256,semantic,all_acts,q4eu_020,L,G,6,5,0.6666666666666666,0.3333333333333333,0.4444444444444444,0.3333333333333333,1.0,0.7039180890341347,3,2
sem_50_256,semantic,all_acts,q4eu_020,L,G,6,10,0.3,0.5,0.37499999999999994,0.3333333333333333,1.0,0.5413753343496285,10,3
sem_50_256,semantic,all_acts,q4eu_021,N,G,2,5,0.0,0.0,0.0,0.0,0.0,0.0,3,0
sem_50_256,semantic,all_acts,q4eu_021,N,G,2,10,0.0,0.0,0.0,0.0,0.0,0.0,6,0
sem_50_256,semantic,all_acts,q4eu_022,L,G,5,5,0.3333333333333333,0.2,0.25,0.2,0.5,0.2960819109658652,3,1
sem_50_256,semantic,all_acts,q4eu_022,L,G,5,10,0.2857142857142857,0.4,0.3333333333333333,0.4,0.5,0.34519134224686937,7,2
sem_50_256,semantic,all_acts,q4eu_023,N,G,2,5,0.4,1.0,0.5714285714285715,0.5,1.0,0.8503449055347546,5,2
sem_50_256,semantic,all_acts,q4eu_023,N,G,2,10,0.18181818181818182,1.0,0.3076923076923077,0.5,1.0,0.8503449055347546,11,2
sem_50_256,semantic,all_acts,q4eu_024,H,G,3,5,0.2,0.3333333333333333,0.25,0.3333333333333333,1.0,0.46927872602275644,5,1
sem_50_256,semantic,all_acts,q4eu_024,H,G,3,10,0.375,1.0,0.5454545454545454,0.3333333333333333,1.0,0.7928654229965442,8,3
sem_50_256,semantic,all_acts,q4eu_025,L,G,8,5,0.2,0.125,0.15384615384615385,0.125,0.5,0.21398626473452756,5,1
sem_50_256,semantic,all_acts,q4eu_025,L,G,8,10,0.2222222222222222,0.25,0.23529411764705882,0.25,0.5,0.24968908577726404,9,2
sem_50_256,semantic,all_acts,q4eu_026,H,G,1,5,0.25,1.0,0.4,1.0,1.0,1.0,4,1
sem_50_256,semantic,all_acts,q4eu_026,H,G,1,10,0.14285714285714285,1.0,0.25,1.0,1.0,1.0,7,1
sem_50_256,semantic,all_acts,q4eu_027,H,G,1,5,0.3333333333333333,1.0,0.5,1.0,1.0,1.0,3,1
sem_50_256,semantic,all_acts,q4eu_027,H,G,1,10,0.125,1.0,0.2222222222222222,1.0,1.0,1.0,8,1
sem_50_256,semantic,all_acts,q4eu_028,N,G,4,5,0.4,0.5,0.4444444444444445,0.5,1.0,0.5855700749881525,5,2
sem_50_256,semantic,all_acts,q4eu_028,N,G,4,10,0.18181818181818182,0.5,0.26666666666666666,0.5,1.0,0.5855700749881525,11,2
sem_50_256,semantic,all_acts,q4eu_029,N,G,2,5,0.25,0.5,0.3333333333333333,0.5,1.0,0.6131471927654584,4,1
sem_50_256,semantic,all_acts,q4eu_029,N,G,2,10,0.14285714285714285,0.5,0.22222222222222224,0.5,1.0,0.6131471927654584,7,1
sem_50_256,semantic,all_acts,q4eu_030,N,G,4,5,0.16666666666666666,0.25,0.2,0.25,0.3333333333333333,0.19519002499605084,6,1
sem_50_256,semantic,all_acts,q4eu_030,N,G,4,10,0.15384615384615385,0.5,0.23529411764705882,0.25,0.3333333333333333,0.30408378606428305,13,2
sem_50_256,semantic,all_acts,q4eu_031,H,G,3,5,0.2,0.3333333333333333,0.25,0.3333333333333333,0.5,0.2960819109658652,5,1
sem_50_256,semantic,all_acts,q4eu_031,H,G,3,10,0.2222222222222222,0.6666666666666666,0.3333333333333333,0.3333333333333333,0.5,0.4632423659320675,9,2
sem_50_256,semantic,all_acts,q4eu_032,N,G,3,5,0.3333333333333333,0.6666666666666666,0.4444444444444444,0.3333333333333333,1.0,0.6713860725233041,6,2
sem_50_256,semantic,all_acts,q4eu_032,N,G,3,10,0.2727272727272727,1.0,0.42857142857142855,0.3333333333333333,1.0,0.8194270280062366,11,3
sem_50_256,semantic,all_acts,q4eu_033,L,G,6,5,1.0,1.0,1.0,1.0,1.0,1.0,6,6
sem_50_256,semantic,all_acts,q4eu_033,L,G,6,10,0.6666666666666666,1.0,0.8,1.0,1.0,1.0,9,6
sem_50_256,semantic,all_acts,q4eu_034,L,B,3,5,0.0,0.0,0.0,0.0,0.0,0.0,5,0
sem_50_256,semantic,all_acts,q4eu_034,L,B,3,10,0.0,0.0,0.0,0.0,0.0,0.0,10,0
sem_50_256,semantic,all_acts,q4eu_035,N,B,4,5,0.16666666666666666,0.25,0.2,0.25,1.0,0.3903800499921017,6,1
sem_50_256,semantic,all_acts,q4eu_035,N,B,4,10,0.08333333333333333,0.25,0.125,0.25,1.0,0.3903800499921017,12,1
sem_50_256,semantic,all_acts,q4eu_036,N,RI,4,5,0.09090909090909091,0.25,0.13333333333333333,0.25,1.0,0.3903800499921017,11,1
sem_50_256,semantic,all_acts,q4eu_036,N,RI,4,10,0.05555555555555555,0.25,0.0909090909090909,0.25,1.0,0.3903800499921017,18,1
sem_50_256,semantic,all_acts,q4eu_037,H,B,3,5,0.0,0.0,0.0,0.0,0.0,0.0,8,0
sem_50_256,semantic,all_acts,q4eu_037,H,B,3,10,0.07692307692307693,0.3333333333333333,0.125,0.0,0.1111111111111111,0.14126697285982898,13,1
sem_50_256,semantic,all_acts,q4eu_038,H,B,3,5,0.25,0.6666666666666666,0.36363636363636365,0.6666666666666666,0.5,0.5307212739772434,8,2
sem_50_256,semantic,all_acts,q4eu_038,H,B,3,10,0.18181818181818182,0.6666666666666666,0.28571428571428575,0.6666666666666666,0.5,0.5307212739772434,11,2
sem_50_256,semantic,all_acts,q4eu_039,N,RII,22,5,0.42857142857142855,0.13636363636363635,0.20689655172413793,0.13636363636363635,0.3333333333333333,0.36215764044273824,7,3
sem_50_256,semantic,all_acts,q4eu_039,N,RII,22,10,0.4166666666666667,0.22727272727272727,0.29411764705882354,0.22727272727272727,0.3333333333333333,0.3754240395634658,12,5
sem_50_256,semantic,all_acts,q4eu_040,H,RI,4,5,0.2222222222222222,0.5,0.30769230769230765,0.25,0.5,0.3973220069685352,9,2
sem_50_256,semantic,all_acts,q4eu_040,H,RI,4,10,0.15384615384615385,0.5,0.23529411764705882,0.25,0.5,0.3973220069685352,13,2
sem_50_256,semantic,all_acts,q4eu_041,N,B,5,5,0.6,0.6,0.6,0.6,0.3333333333333333,0.4468535299918563,5,3
sem_50_256,semantic,all_acts,q4eu_041,N,B,5,10,0.3,0.6,0.4,0.6,0.3333333333333333,0.4468535299918563,10,3
sem_50_256,semantic,all_acts,q4eu_042,L,RI,2,5,0.16666666666666666,0.5,0.25,0.5,1.0,0.6131471927654584,6,1
sem_50_256,semantic,all_acts,q4eu_042,L,RI,2,10,0.14285714285714285,1.0,0.25,0.5,1.0,0.7977228895450266,14,2
sem_50_256,semantic,all_acts,q4eu_043,N,B;RI,2,5,0.4,1.0,0.5714285714285715,1.0,1.0,1.0,5,2
sem_50_256,semantic,all_acts,q4eu_043,N,B;RI,2,10,0.2,1.0,0.33333333333333337,1.0,1.0,1.0,10,2
sem_50_256,semantic,all_acts,q4eu_044,L,RI,4,5,0.4,0.5,0.4444444444444445,0.5,1.0,0.6366824387328317,5,2
sem_50_256,semantic,all_acts,q4eu_044,L,RI,4,10,0.2,0.5,0.28571428571428575,0.5,1.0,0.6366824387328317,10,2
sem_50_256,semantic,all_acts,q4eu_045,N,B,4,5,0.5,0.75,0.6,0.75,1.0,0.8318724637288826,6,3
sem_50_256,semantic,all_acts,q4eu_045,N,B,4,10,0.2727272727272727,0.75,0.39999999999999997,0.75,1.0,0.8318724637288826,11,3
sem_50_256,semantic,all_acts,q4eu_046,H,B,5,5,0.5,0.6,0.5454545454545454,0.6,0.5,0.5296347172140421,6,3
sem_50_256,semantic,all_acts,q4eu_046,H,B,5,10,0.21428571428571427,0.6,0.3157894736842105,0.6,0.5,0.5296347172140421,14,3
sem_50_256,semantic,all_acts,q4eu_047,N,W,5,5,0.16666666666666666,0.2,0.1818181818181818,0.2,1.0,0.3391602052736161,6,1
sem_50_256,semantic,all_acts,q4eu_047,N,W,5,10,0.16666666666666666,0.4,0.23529411764705882,0.2,1.0,0.44615333764087994,12,2
sem_50_256,semantic,all_acts,q4eu_048,L,W,3,5,0.25,0.3333333333333333,0.28571428571428575,0.3333333333333333,0.5,0.2960819109658652,4,1
sem_50_256,semantic,all_acts,q4eu_048,L,W,3,10,0.125,0.3333333333333333,0.18181818181818182,0.3333333333333333,0.5,0.2960819109658652,8,1
sem_50_256,semantic,all_acts,q4eu_049,N,W,3,5,0.16666666666666666,0.3333333333333333,0.2222222222222222,0.3333333333333333,1.0,0.46927872602275644,6,1
sem_50_256,semantic,all_acts,q4eu_049,N,W,3,10,0.07142857142857142,0.3333333333333333,0.11764705882352941,0.3333333333333333,1.0,0.46927872602275644,14,1
sem_50_256,semantic,all_acts,q4eu_050,H,W,2,5,0.25,0.5,0.3333333333333333,0.5,1.0,0.6131471927654584,4,1
sem_50_256,semantic,all_acts,q4eu_050,H,W,2,10,0.14285714285714285,0.5,0.22222222222222224,0.5,1.0,0.6131471927654584,7,1
sem_50_256,semantic,all_acts,q4eu_051,L,W,5,5,0.16666666666666666,0.2,0.1818181818181818,0.2,1.0,0.3391602052736161,6,1
sem_50_256,semantic,all_acts,q4eu_051,L,W,5,10,0.25,0.8,0.38095238095238093,0.2,1.0,0.6147815658967566,16,4
sem_50_256,semantic,all_acts,q4eu_052,H,W,1,5,0.2,1.0,0.33333333333333337,0.0,0.5,0.6309297535714575,5,1
sem_50_256,semantic,all_acts,q4eu_052,H,W,1,10,0.09090909090909091,1.0,0.16666666666666669,0.0,0.5,0.6309297535714575,11,1
sem_50_256,semantic,all_acts,q4eu_053,N,W,2,5,0.2,0.5,0.28571428571428575,0.5,1.0,0.6131471927654584,5,1
sem_50_256,semantic,all_acts,q4eu_053,N,W,2,10,0.16666666666666666,0.5,0.25,0.5,1.0,0.6131471927654584,6,1
sem_50_256,semantic,all_acts,q4eu_054,L,W,4,5,0.25,0.25,0.25,0.25,0.25,0.16812753627111746,4,1
sem_50_256,semantic,all_acts,q4eu_054,L,W,4,10,0.14285714285714285,0.25,0.18181818181818182,0.25,0.25,0.16812753627111746,7,1
sem_50_256,semantic,all_acts,q4eu_055,H,W,1,5,0.16666666666666666,1.0,0.2857142857142857,1.0,1.0,1.0,6,1
sem_50_256,semantic,all_acts,q4eu_055,H,W,1,10,0.1111111111111111,1.0,0.19999999999999998,1.0,1.0,1.0,9,1
sem_50_256,semantic,all_acts,q4eu_056,L,W,4,5,0.3333333333333333,0.25,0.28571428571428575,0.25,1.0,0.46927872602275644,3,1
sem_50_256,semantic,all_acts,q4eu_056,L,W,4,10,0.3333333333333333,0.75,0.46153846153846156,0.5,1.0,0.6886342695939197,9,3
sem_50_256,semantic,all_acts,q4eu_057,N,W,4,5,0.5,0.75,0.6,0.5,0.5,0.5805485932475565,6,3
sem_50_256,semantic,all_acts,q4eu_057,N,W,4,10,0.3333333333333333,0.75,0.46153846153846156,0.5,0.5,0.5805485932475565,9,3
sem_50_256,semantic,all_acts,q4eu_058,N,W,4,5,0.25,0.25,0.25,0.25,0.5,0.24630238874073,4,1
sem_50_256,semantic,all_acts,q4eu_058,N,W,4,10,0.2857142857142857,0.5,0.36363636363636365,0.25,0.5,0.3973220069685352,7,2
sem_50_256,semantic,all_acts,q4eu_059,H,W,3,5,0.16666666666666666,0.3333333333333333,0.2222222222222222,0.3333333333333333,0.5,0.2960819109658652,6,1
sem_50_256,semantic,all_acts,q4eu_059,H,W,3,10,0.08333333333333333,0.3333333333333333,0.13333333333333333,0.3333333333333333,0.5,0.2960819109658652,12,1
sem_50_256,semantic,all_acts,q4eu_060,L,W,4,5,0.0,0.0,0.0,0.0,0.0,0.0,5,0
sem_50_256,semantic,all_acts,q4eu_060,L,W,4,10,0.0,0.0,0.0,0.0,0.0,0.0,13,0
sem_50_256,semantic,all_acts,q4eu_061,H,W,2,5,0.14285714285714285,0.5,0.22222222222222224,0.5,1.0,0.6131471927654584,7,1
sem_50_256,semantic,all_acts,q4eu_061,H,W,2,10,0.14285714285714285,1.0,0.25,0.5,1.0,0.7841802768331765,14,2
sem_50_256,semantic,all_acts,q4eu_062,H,W,2,5,0.16666666666666666,0.5,0.25,0.5,1.0,0.6131471927654584,6,1
sem_50_256,semantic,all_acts,q4eu_062,H,W,2,10,0.1,0.5,0.16666666666666669,0.5,1.0,0.6131471927654584,10,1
sem_50_256,semantic,all_acts,q4eu_063,N,W,2,5,0.16666666666666666,0.5,0.25,0.5,1.0,0.6131471927654584,6,1
sem_50_256,semantic,all_acts,q4eu_063,N,W,2,10,0.09090909090909091,0.5,0.15384615384615385,0.5,1.0,0.6131471927654584,11,1
sem_50_256,semantic,all_acts,q4eu_064,N,W,3,5,0.6666666666666666,0.6666666666666666,0.6666666666666666,0.6666666666666666,1.0,0.7653606369886217,3,2
sem_50_256,semantic,all_acts,q4eu_064,N,W,3,10,0.3,1.0,0.4615384615384615,0.6666666666666666,1.0,0.9217868789962071,10,3
sem_50_256,semantic,all_acts,q4eu_065,L,W,6,5,0.3333333333333333,0.3333333333333333,0.3333333333333333,0.3333333333333333,1.0,0.419665006636777,6,2
sem_50_256,semantic,all_acts,q4eu_065,L,W,6,10,0.2727272727272727,0.5,0.3529411764705882,0.3333333333333333,1.0,0.5107574098602351,11,3
sem_50_256,semantic,all_acts,q4eu_066,H,W,1,5,0.16666666666666666,1.0,0.2857142857142857,1.0,1.0,1.0,6,1
sem_50_256,semantic,all_acts,q4eu_066,H,W,1,10,0.07142857142857142,1.0,0.13333333333333333,1.0,1.0,1.0,14,1
sem_50_256,semantic,all_acts,q4eu_067,L,W,3,5,0.25,0.3333333333333333,0.28571428571428575,0.3333333333333333,0.5,0.2960819109658652,4,1
sem_50_256,semantic,all_acts,q4eu_067,L,W,3,10,0.125,0.3333333333333333,0.18181818181818182,0.3333333333333333,0.5,0.2960819109658652,8,1
sem_50_256,semantic,all_acts,q4eu_068,L,B;RI;RII,6,5,0.2,0.16666666666666666,0.1818181818181818,0.16666666666666666,1.0,0.3391602052736161,5,1
sem_50_256,semantic,all_acts,q4eu_068,L,B;RI;RII,6,10,0.2,0.3333333333333333,0.25,0.16666666666666666,1.0,0.4034698846650846,10,2
sem_50_256,semantic,all_acts,q4eu_069,L,RI,5,5,0.1111111111111111,0.2,0.14285714285714285,0.2,0.3333333333333333,0.16958010263680806,9,1
sem_50_256,semantic,all_acts,q4eu_069,L,RI,5,10,0.13333333333333333,0.4,0.2,0.2,0.3333333333333333,0.26761938846816513,15,2
sem_50_256,semantic,all_acts,q4eu_070,H,RII,4,5,0.2,0.25,0.22222222222222224,0.25,0.5,0.24630238874073,5,1
sem_50_256,semantic,all_acts,q4eu_070,H,RII,4,10,0.2727272727272727,0.75,0.39999999999999997,0.25,0.5,0.5028746730079328,11,3
sem_50_256,semantic,all_acts,q4eu_071,N,B,2,5,0.14285714285714285,0.5,0.22222222222222224,0.0,0.16666666666666666,0.21840743681816419,7,1
sem_50_256,semantic,all_acts,q4eu_071,N,B,2,10,0.08333333333333333,0.5,0.14285714285714285,0.0,0.16666666666666666,0.21840743681816419,12,1
sem_50_256,semantic,all_acts,q4eu_072,L,G,3,5,0.2857142857142857,0.6666666666666666,0.4,0.0,0.25,0.35853358850813305,7,2
sem_50_256,semantic,all_acts,q4eu_072,L,G,3,10,0.15384615384615385,0.6666666666666666,0.25,0.0,0.25,0.35853358850813305,13,2
sem_50_256,semantic,pil_acts,q4eu_034,L,B,3,5,0.0,0.0,0.0,0.0,0.0,0.0,5,0
sem_50_256,semantic,pil_acts,q4eu_034,L,B,3,10,0.0,0.0,0.0,0.0,0.0,0.0,10,0
sem_50_256,semantic,pil_acts,q4eu_035,N,B,4,5,0.16666666666666666,0.25,0.2,0.25,1.0,0.3903800499921017,6,1
sem_50_256,semantic,pil_acts,q4eu_035,N,B,4,10,0.08333333333333333,0.25,0.125,0.25,1.0,0.3903800499921017,12,1
sem_50_256,semantic,pil_acts,q4eu_036,N,RI,4,5,0.09090909090909091,0.25,0.13333333333333333,0.25,1.0,0.3903800499921017,11,1
sem_50_256,semantic,pil_acts,q4eu_036,N,RI,4,10,0.05555555555555555,0.25,0.0909090909090909,0.25,1.0,0.3903800499921017,18,1
sem_50_256,semantic,pil_acts,q4eu_037,H,B,3,5,0.125,0.3333333333333333,0.18181818181818182,0.0,0.125,0.1480409554829326,8,1
sem_50_256,semantic,pil_acts,q4eu_037,H,B,3,10,0.14285714285714285,0.6666666666666666,0.23529411764705882,0.0,0.125,0.26815661128098395,14,2
sem_50_256,semantic,pil_acts,q4eu_038,H,B,3,5,0.25,0.6666666666666666,0.36363636363636365,0.6666666666666666,0.5,0.5307212739772434,8,2
sem_50_256,semantic,pil_acts,q4eu_038,H,B,3,10,0.16666666666666666,0.6666666666666666,0.26666666666666666,0.6666666666666666,0.5,0.5307212739772434,12,2
sem_50_256,semantic,pil_acts,q4eu_039,N,RII,22,5,0.42857142857142855,0.13636363636363635,0.20689655172413793,0.13636363636363635,0.3333333333333333,0.36215764044273824,7,3
sem_50_256,semantic,pil_acts,q4eu_039,N,RII,22,10,0.4166666666666667,0.22727272727272727,0.29411764705882354,0.22727272727272727,0.3333333333333333,0.3754240395634658,12,5
sem_50_256,semantic,pil_acts,q4eu_040,H,RI,4,5,0.2222222222222222,0.5,0.30769230769230765,0.25,0.5,0.3973220069685352,9,2
sem_50_256,semantic,pil_acts,q4eu_040,H,RI,4,10,0.15384615384615385,0.5,0.23529411764705882,0.25,0.5,0.3973220069685352,13,2
sem_50_256,semantic,pil_acts,q4eu_041,N,B,5,5,0.6,0.6,0.6,0.6,0.3333333333333333,0.4468535299918563,5,3
sem_50_256,semantic,pil_acts,q4eu_041,N,B,5,10,0.3,0.6,0.4,0.6,0.3333333333333333,0.4468535299918563,10,3
sem_50_256,semantic,pil_acts,q4eu_042,L,RI,2,5,0.16666666666666666,0.5,0.25,0.5,1.0,0.6131471927654584,6,1
sem_50_256,semantic,pil_acts,q4eu_042,L,RI,2,10,0.14285714285714285,1.0,0.25,0.5,1.0,0.7977228895450266,14,2
sem_50_256,semantic,pil_acts,q4eu_043,N,B;RI,2,5,0.4,1.0,0.5714285714285715,1.0,1.0,1.0,5,2
sem_50_256,semantic,pil_acts,q4eu_043,N,B;RI,2,10,0.2,1.0,0.33333333333333337,1.0,1.0,1.0,10,2
sem_50_256,semantic,pil_acts,q4eu_044,L,RI,4,5,0.4,0.5,0.4444444444444445,0.5,1.0,0.6366824387328317,5,2
sem_50_256,semantic,pil_acts,q4eu_044,L,RI,4,10,0.3,0.75,0.4285714285714285,0.5,1.0,0.7598336331031966,10,3
sem_50_256,semantic,pil_acts,q4eu_045,N,B,4,5,0.5,0.75,0.6,0.75,1.0,0.8318724637288826,6,3
sem_50_256,semantic,pil_acts,q4eu_045,N,B,4,10,0.25,0.75,0.375,0.75,1.0,0.8318724637288826,12,3
sem_50_256,semantic,pil_acts,q4eu_046,H,B,5,5,0.5,0.6,0.5454545454545454,0.6,0.5,0.5296347172140421,6,3
sem_50_256,semantic,pil_acts,q4eu_046,H,B,5,10,0.21428571428571427,0.6,0.3157894736842105,0.6,0.5,0.5296347172140421,14,3
sem_50_256,semantic,pil_acts,q4eu_068,L,B;RI;RII,6,5,0.2,0.16666666666666666,0.1818181818181818,0.16666666666666666,1.0,0.3391602052736161,5,1
sem_50_256,semantic,pil_acts,q4eu_068,L,B;RI;RII,6,10,0.2,0.3333333333333333,0.25,0.3333333333333333,1.0,0.41039156802332444,10,2
sem_50_256,semantic,pil_acts,q4eu_069,L,RI,5,5,0.1111111111111111,0.2,0.14285714285714285,0.2,0.3333333333333333,0.16958010263680806,9,1
sem_50_256,semantic,pil_acts,q4eu_069,L,RI,5,10,0.13333333333333333,0.4,0.2,0.2,0.3333333333333333,0.26761938846816513,15,2
sem_50_256,semantic,pil_acts,q4eu_070,H,RII,4,5,0.2,0.25,0.22222222222222224,0.25,0.5,0.24630238874073,5,1
sem_50_256,semantic,pil_acts,q4eu_070,H,RII,4,10,0.23076923076923078,0.75,0.3529411764705882,0.25,0.5,0.5028746730079328,13,3
sem_50_256,semantic,pil_acts,q4eu_071,N,B,2,5,0.14285714285714285,0.5,0.22222222222222224,0.0,0.2,0.23719771276929622,7,1
sem_50_256,semantic,pil_acts,q4eu_071,N,B,2,10,0.08333333333333333,0.5,0.14285714285714285,0.0,0.2,0.23719771276929622,12,1
sem_50_256,semantic,target_acts,q4eu_001,H,E,3,5,0.5,1.0,0.6666666666666666,0.6666666666666666,1.0,0.9469024295259745,6,3
sem_50_256,semantic,target_acts,q4eu_001,H,E,3,10,0.2,1.0,0.33333333333333337,0.6666666666666666,1.0,0.9469024295259745,15,3
sem_50_256,semantic,target_acts,q4eu_002,N,E,2,5,0.14285714285714285,0.5,0.22222222222222224,0.0,0.2,0.23719771276929622,7,1
sem_50_256,semantic,target_acts,q4eu_002,N,E,2,10,0.14285714285714285,1.0,0.25,0.0,0.2,0.3941376571472261,14,2
sem_50_256,semantic,target_acts,q4eu_003,L,E,2,5,0.14285714285714285,0.5,0.22222222222222224,0.0,0.3333333333333333,0.3065735963827292,7,1
sem_50_256,semantic,target_acts,q4eu_003,L,E,2,10,0.08333333333333333,0.5,0.14285714285714285,0.0,0.3333333333333333,0.3065735963827292,12,1
sem_50_256,semantic,target_acts,q4eu_004,N,E,2,5,0.4,1.0,0.5714285714285715,0.0,0.3333333333333333,0.5706417189553201,5,2
sem_50_256,semantic,target_acts,q4eu_004,N,E,2,10,0.2,1.0,0.33333333333333337,0.0,0.3333333333333333,0.5706417189553201,10,2
sem_50_256,semantic,target_acts,q4eu_005,L,E,2,5,0.125,0.5,0.2,0.5,0.5,0.38685280723454163,8,1
sem_50_256,semantic,target_acts,q4eu_005,L,E,2,10,0.16666666666666666,1.0,0.2857142857142857,0.5,0.5,0.5640920940185894,12,2
sem_50_256,semantic,target_acts,q4eu_006,N,E,2,5,0.4,1.0,0.5714285714285715,1.0,1.0,1.0,5,2
sem_50_256,semantic,target_acts,q4eu_006,N,E,2,10,0.16666666666666666,1.0,0.2857142857142857,1.0,1.0,1.0,12,2
sem_50_256,semantic,target_acts,q4eu_007,H,E,1,5,0.125,1.0,0.2222222222222222,1.0,1.0,1.0,8,1
sem_50_256,semantic,target_acts,q4eu_007,H,E,1,10,0.09090909090909091,1.0,0.16666666666666669,1.0,1.0,1.0,11,1
sem_50_256,semantic,target_acts,q4eu_008,L,E,2,5,0.0,0.0,0.0,0.0,0.0,0.0,9,0
sem_50_256,semantic,target_acts,q4eu_008,L,E,2,10,0.0,0.0,0.0,0.0,0.0,0.0,15,0
sem_50_256,semantic,target_acts,q4eu_009,H,E,2,5,0.4,1.0,0.5714285714285715,0.5,1.0,0.8772153153380493,5,2
sem_50_256,semantic,target_acts,q4eu_009,H,E,2,10,0.15384615384615385,1.0,0.2666666666666667,0.5,1.0,0.8772153153380493,13,2
sem_50_256,semantic,target_acts,q4eu_010,H,E,1,5,0.25,1.0,0.4,1.0,1.0,1.0,4,1
sem_50_256,semantic,target_acts,q4eu_010,H,E,1,10,0.14285714285714285,1.0,0.25,1.0,1.0,1.0,7,1
sem_50_256,semantic,target_acts,q4eu_011,L,E,5,5,0.3333333333333333,0.4,0.3636363636363636,0.4,1.0,0.48522855511632257,6,2
sem_50_256,semantic,target_acts,q4eu_011,L,E,5,10,0.21428571428571427,0.6,0.3157894736842105,0.4,1.0,0.5798349018229869,14,3
sem_50_256,semantic,target_acts,q4eu_012,N,E,4,5,0.75,0.75,0.75,0.75,1.0,0.8318724637288826,4,3
sem_50_256,semantic,target_acts,q4eu_012,N,E,4,10,0.5714285714285714,1.0,0.7272727272727273,0.75,1.0,0.9828920819566879,7,4
sem_50_256,semantic,target_acts,q4eu_013,N,E,2,5,1.0,1.0,1.0,1.0,1.0,1.0,2,2
sem_50_256,semantic,target_acts,q4eu_013,N,E,2,10,0.3333333333333333,1.0,0.5,1.0,1.0,1.0,6,2
sem_50_256,semantic,target_acts,q4eu_014,N,E,2,5,0.125,0.5,0.2,0.5,0.5,0.38685280723454163,8,1
sem_50_256,semantic,target_acts,q4eu_014,N,E,2,10,0.15384615384615385,1.0,0.2666666666666667,0.5,0.5,0.5714285040141098,13,2
sem_50_256,semantic,target_acts,q4eu_015,H,E,1,5,0.2,1.0,0.33333333333333337,1.0,1.0,1.0,5,1
sem_50_256,semantic,target_acts,q4eu_015,H,E,1,10,0.125,1.0,0.2222222222222222,1.0,1.0,1.0,8,1
sem_50_256,semantic,target_acts,q4eu_016,N,E,2,5,0.3333333333333333,1.0,0.5,1.0,1.0,1.0,6,2
sem_50_256,semantic,target_acts,q4eu_016,N,E,2,10,0.18181818181818182,1.0,0.3076923076923077,1.0,1.0,1.0,11,2
sem_50_256,semantic,target_acts,q4eu_017,L,E,2,5,0.5,1.0,0.6666666666666666,0.5,0.5,0.6934264036172708,4,2
sem_50_256,semantic,target_acts,q4eu_017,L,E,2,10,0.18181818181818182,1.0,0.3076923076923077,0.5,0.5,0.6934264036172708,11,2
sem_50_256,semantic,target_acts,q4eu_018,H,G,1,5,0.16666666666666666,1.0,0.2857142857142857,0.0,0.5,0.6309297535714575,6,1
sem_50_256,semantic,target_acts,q4eu_018,H,G,1,10,0.1111111111111111,1.0,0.19999999999999998,0.0,0.5,0.6309297535714575,9,1
sem_50_256,semantic,target_acts,q4eu_019,N,G,1,5,0.25,1.0,0.4,0.0,0.5,0.6309297535714575,4,1
sem_50_256,semantic,target_acts,q4eu_019,N,G,1,10,0.1,1.0,0.18181818181818182,0.0,0.5,0.6309297535714575,10,1
sem_50_256,semantic,target_acts,q4eu_020,L,G,6,5,0.6666666666666666,0.3333333333333333,0.4444444444444444,0.3333333333333333,1.0,0.7039180890341347,3,2
sem_50_256,semantic,target_acts,q4eu_020,L,G,6,10,0.3,0.5,0.37499999999999994,0.3333333333333333,1.0,0.5413753343496285,10,3
sem_50_256,semantic,target_acts,q4eu_021,N,G,2,5,0.0,0.0,0.0,0.0,0.0,0.0,3,0
sem_50_256,semantic,target_acts,q4eu_021,N,G,2,10,0.0,0.0,0.0,0.0,0.0,0.0,6,0
sem_50_256,semantic,target_acts,q4eu_022,L,G,5,5,0.3333333333333333,0.2,0.25,0.2,0.5,0.2960819109658652,3,1
sem_50_256,semantic,target_acts,q4eu_022,L,G,5,10,0.2857142857142857,0.4,0.3333333333333333,0.4,0.5,0.34519134224686937,7,2
sem_50_256,semantic,target_acts,q4eu_023,N,G,2,5,0.4,1.0,0.5714285714285715,0.5,1.0,0.8503449055347546,5,2
sem_50_256,semantic,target_acts,q4eu_023,N,G,2,10,0.18181818181818182,1.0,0.3076923076923077,0.5,1.0,0.8503449055347546,11,2
sem_50_256,semantic,target_acts,q4eu_024,H,G,3,5,0.2,0.3333333333333333,0.25,0.3333333333333333,1.0,0.46927872602275644,5,1
sem_50_256,semantic,target_acts,q4eu_024,H,G,3,10,0.375,1.0,0.5454545454545454,0.3333333333333333,1.0,0.7928654229965442,8,3
sem_50_256,semantic,target_acts,q4eu_025,L,G,8,5,0.2,0.125,0.15384615384615385,0.125,0.5,0.21398626473452756,5,1
sem_50_256,semantic,target_acts,q4eu_025,L,G,8,10,0.2222222222222222,0.25,0.23529411764705882,0.25,0.5,0.24968908577726404,9,2
sem_50_256,semantic,target_acts,q4eu_026,H,G,1,5,0.25,1.0,0.4,1.0,1.0,1.0,4,1
sem_50_256,semantic,target_acts,q4eu_026,H,G,1,10,0.14285714285714285,1.0,0.25,1.0,1.0,1.0,7,1
sem_50_256,semantic,target_acts,q4eu_027,H,G,1,5,0.3333333333333333,1.0,0.5,1.0,1.0,1.0,3,1
sem_50_256,semantic,target_acts,q4eu_027,H,G,1,10,0.1111111111111111,1.0,0.19999999999999998,1.0,1.0,1.0,9,1
sem_50_256,semantic,target_acts,q4eu_028,N,G,4,5,0.4,0.5,0.4444444444444445,0.5,1.0,0.5855700749881525,5,2
sem_50_256,semantic,target_acts,q4eu_028,N,G,4,10,0.18181818181818182,0.5,0.26666666666666666,0.5,1.0,0.5855700749881525,11,2
sem_50_256,semantic,target_acts,q4eu_029,N,G,2,5,0.25,0.5,0.3333333333333333,0.5,1.0,0.6131471927654584,4,1
sem_50_256,semantic,target_acts,q4eu_029,N,G,2,10,0.14285714285714285,0.5,0.22222222222222224,0.5,1.0,0.6131471927654584,7,1
sem_50_256,semantic,target_acts,q4eu_030,N,G,4,5,0.16666666666666666,0.25,0.2,0.25,0.3333333333333333,0.19519002499605084,6,1
sem_50_256,semantic,target_acts,q4eu_030,N,G,4,10,0.15384615384615385,0.5,0.23529411764705882,0.25,0.3333333333333333,0.30408378606428305,13,2
sem_50_256,semantic,target_acts,q4eu_031,H,G,3,5,0.2,0.3333333333333333,0.25,0.3333333333333333,0.5,0.2960819109658652,5,1
sem_50_256,semantic,target_acts,q4eu_031,H,G,3,10,0.2222222222222222,0.6666666666666666,0.3333333333333333,0.3333333333333333,0.5,0.4632423659320675,9,2
sem_50_256,semantic,target_acts,q4eu_032,N,G,3,5,0.3333333333333333,0.6666666666666666,0.4444444444444444,0.3333333333333333,1.0,0.6713860725233041,6,2
sem_50_256,semantic,target_acts,q4eu_032,N,G,3,10,0.2727272727272727,1.0,0.42857142857142855,0.3333333333333333,1.0,0.8194270280062366,11,3
sem_50_256,semantic,target_acts,q4eu_033,L,G,6,5,1.0,1.0,1.0,1.0,1.0,1.0,6,6
sem_50_256,semantic,target_acts,q4eu_033,L,G,6,10,0.75,1.0,0.8571428571428571,1.0,1.0,1.0,8,6
sem_50_256,semantic,target_acts,q4eu_034,L,B,3,5,0.0,0.0,0.0,0.0,0.0,0.0,5,0
sem_50_256,semantic,target_acts,q4eu_034,L,B,3,10,0.3333333333333333,1.0,0.5,0.0,0.16666666666666666,0.4716276524567204,9,3
sem_50_256,semantic,target_acts,q4eu_035,N,B,4,5,0.2,0.25,0.22222222222222224,0.25,1.0,0.3903800499921017,5,1
sem_50_256,semantic,target_acts,q4eu_035,N,B,4,10,0.2727272727272727,0.75,0.39999999999999997,0.25,1.0,0.6380228380792293,11,3
sem_50_256,semantic,target_acts,q4eu_036,N,RI,4,5,0.09090909090909091,0.25,0.13333333333333333,0.25,1.0,0.3903800499921017,11,1
sem_50_256,semantic,target_acts,q4eu_036,N,RI,4,10,0.0625,0.25,0.1,0.25,1.0,0.3903800499921017,16,1
sem_50_256,semantic,target_acts,q4eu_037,H,B,3,5,0.2,0.3333333333333333,0.25,0.3333333333333333,0.3333333333333333,0.23463936301137822,5,1
sem_50_256,semantic,target_acts,q4eu_037,H,B,3,10,0.375,1.0,0.5454545454545454,0.3333333333333333,0.3333333333333333,0.5391065605018963,8,3
sem_50_256,semantic,target_acts,q4eu_038,H,B,3,5,0.25,0.6666666666666666,0.36363636363636365,0.6666666666666666,0.5,0.5307212739772434,8,2
sem_50_256,semantic,target_acts,q4eu_038,H,B,3,10,0.16666666666666666,0.6666666666666666,0.26666666666666666,0.6666666666666666,0.5,0.5307212739772434,12,2
sem_50_256,semantic,target_acts,q4eu_039,N,RII,22,5,0.42857142857142855,0.13636363636363635,0.20689655172413793,0.13636363636363635,0.3333333333333333,0.36215764044273824,7,3
sem_50_256,semantic,target_acts,q4eu_039,N,RII,22,10,0.4166666666666667,0.22727272727272727,0.29411764705882354,0.22727272727272727,0.3333333333333333,0.3754240395634658,12,5
sem_50_256,semantic,target_acts,q4eu_040,H,RI,4,5,0.2222222222222222,0.5,0.30769230769230765,0.5,0.5,0.4144299250118475,9,2
sem_50_256,semantic,target_acts,q4eu_040,H,RI,4,10,0.16666666666666666,0.5,0.25,0.5,0.5,0.4144299250118475,12,2
sem_50_256,semantic,target_acts,q4eu_041,N,B,5,5,0.42857142857142855,0.6,0.5,0.6,1.0,0.7227265726449519,7,3
sem_50_256,semantic,target_acts,q4eu_041,N,B,5,10,0.36363636363636365,0.8,0.5000000000000001,0.6,1.0,0.8297197050122155,11,4
sem_50_256,semantic,target_acts,q4eu_042,L,RI,2,5,0.16666666666666666,0.5,0.25,0.5,1.0,0.6131471927654584,6,1
sem_50_256,semantic,target_acts,q4eu_042,L,RI,2,10,0.16666666666666666,1.0,0.2857142857142857,0.5,1.0,0.8065735963827293,12,2
sem_50_256,semantic,target_acts,q4eu_043,N,B;RI,2,5,0.4,1.0,0.5714285714285715,1.0,1.0,1.0,5,2
sem_50_256,semantic,target_acts,q4eu_043,N,B;RI,2,10,0.15384615384615385,1.0,0.2666666666666667,1.0,1.0,1.0,13,2
sem_50_256,semantic,target_acts,q4eu_044,L,RI,4,5,0.4,0.5,0.4444444444444445,0.5,1.0,0.6366824387328317,5,2
sem_50_256,semantic,target_acts,q4eu_044,L,RI,4,10,0.4444444444444444,1.0,0.6153846153846153,0.5,1.0,0.9058653015743079,9,4
sem_50_256,semantic,target_acts,q4eu_045,N,B,4,5,0.42857142857142855,0.75,0.5454545454545454,0.75,1.0,0.8318724637288826,7,3
sem_50_256,semantic,target_acts,q4eu_045,N,B,4,10,0.25,0.75,0.375,0.75,1.0,0.8318724637288826,12,3
sem_50_256,semantic,target_acts,q4eu_046,H,B,5,5,0.5,0.6,0.5454545454545454,0.6,0.5,0.5296347172140421,6,3
sem_50_256,semantic,target_acts,q4eu_046,H,B,5,10,0.3076923076923077,0.8,0.4444444444444444,0.6,0.5,0.6187149874322765,13,4
sem_50_256,semantic,target_acts,q4eu_047,N,W,5,5,0.16666666666666666,0.2,0.1818181818181818,0.2,1.0,0.3391602052736161,6,1
sem_50_256,semantic,target_acts,q4eu_047,N,W,5,10,0.16666666666666666,0.4,0.23529411764705882,0.2,1.0,0.44615333764087994,12,2
sem_50_256,semantic,target_acts,q4eu_048,L,W,3,5,0.25,0.3333333333333333,0.28571428571428575,0.3333333333333333,0.5,0.2960819109658652,4,1
sem_50_256,semantic,target_acts,q4eu_048,L,W,3,10,0.125,0.3333333333333333,0.18181818181818182,0.3333333333333333,0.5,0.2960819109658652,8,1
sem_50_256,semantic,target_acts,q4eu_049,N,W,3,5,0.16666666666666666,0.3333333333333333,0.2222222222222222,0.3333333333333333,1.0,0.46927872602275644,6,1
sem_50_256,semantic,target_acts,q4eu_049,N,W,3,10,0.07142857142857142,0.3333333333333333,0.11764705882352941,0.3333333333333333,1.0,0.46927872602275644,14,1
sem_50_256,semantic,target_acts,q4eu_050,H,W,2,5,0.25,0.5,0.3333333333333333,0.5,1.0,0.6131471927654584,4,1
sem_50_256,semantic,target_acts,q4eu_050,H,W,2,10,0.14285714285714285,0.5,0.22222222222222224,0.5,1.0,0.6131471927654584,7,1
sem_50_256,semantic,target_acts,q4eu_051,L,W,5,5,0.16666666666666666,0.2,0.1818181818181818,0.2,1.0,0.3391602052736161,6,1
sem_50_256,semantic,target_acts,q4eu_051,L,W,5,10,0.25,0.8,0.38095238095238093,0.2,1.0,0.6147815658967566,16,4
sem_50_256,semantic,target_acts,q4eu_052,H,W,1,5,0.2,1.0,0.33333333333333337,0.0,0.5,0.6309297535714575,5,1
sem_50_256,semantic,target_acts,q4eu_052,H,W,1,10,0.1,1.0,0.18181818181818182,0.0,0.5,0.6309297535714575,10,1
sem_50_256,semantic,target_acts,q4eu_053,N,W,2,5,0.2,0.5,0.28571428571428575,0.5,1.0,0.6131471927654584,5,1
sem_50_256,semantic,target_acts,q4eu_053,N,W,2,10,0.16666666666666666,0.5,0.25,0.5,1.0,0.6131471927654584,6,1
sem_50_256,semantic,target_acts,q4eu_054,L,W,4,5,0.25,0.25,0.25,0.25,0.25,0.16812753627111746,4,1
sem_50_256,semantic,target_acts,q4eu_054,L,W,4,10,0.14285714285714285,0.25,0.18181818181818182,0.25,0.25,0.16812753627111746,7,1
sem_50_256,semantic,target_acts,q4eu_055,H,W,1,5,0.16666666666666666,1.0,0.2857142857142857,1.0,1.0,1.0,6,1
sem_50_256,semantic,target_acts,q4eu_055,H,W,1,10,0.1111111111111111,1.0,0.19999999999999998,1.0,1.0,1.0,9,1
sem_50_256,semantic,target_acts,q4eu_056,L,W,4,5,0.3333333333333333,0.25,0.28571428571428575,0.25,1.0,0.46927872602275644,3,1
sem_50_256,semantic,target_acts,q4eu_056,L,W,4,10,0.3333333333333333,0.75,0.46153846153846156,0.5,1.0,0.6886342695939197,9,3
sem_50_256,semantic,target_acts,q4eu_057,N,W,4,5,0.5,0.75,0.6,0.5,0.5,0.5805485932475565,6,3
sem_50_256,semantic,target_acts,q4eu_057,N,W,4,10,0.3333333333333333,0.75,0.46153846153846156,0.5,0.5,0.5805485932475565,9,3
sem_50_256,semantic,target_acts,q4eu_058,N,W,4,5,0.25,0.25,0.25,0.25,0.5,0.24630238874073,4,1
sem_50_256,semantic,target_acts,q4eu_058,N,W,4,10,0.2857142857142857,0.5,0.36363636363636365,0.25,0.5,0.3973220069685352,7,2
sem_50_256,semantic,target_acts,q4eu_059,H,W,3,5,0.16666666666666666,0.3333333333333333,0.2222222222222222,0.3333333333333333,0.5,0.2960819109658652,6,1
sem_50_256,semantic,target_acts,q4eu_059,H,W,3,10,0.08333333333333333,0.3333333333333333,0.13333333333333333,0.3333333333333333,0.5,0.2960819109658652,12,1
sem_50_256,semantic,target_acts,q4eu_060,L,W,4,5,0.0,0.0,0.0,0.0,0.0,0.0,5,0
sem_50_256,semantic,target_acts,q4eu_060,L,W,4,10,0.23076923076923078,0.75,0.3529411764705882,0.0,0.125,0.33457809405681904,13,3
sem_50_256,semantic,target_acts,q4eu_061,H,W,2,5,0.14285714285714285,0.5,0.22222222222222224,0.5,1.0,0.6131471927654584,7,1
sem_50_256,semantic,target_acts,q4eu_061,H,W,2,10,0.14285714285714285,1.0,0.25,0.5,1.0,0.7841802768331765,14,2
sem_50_256,semantic,target_acts,q4eu_062,H,W,2,5,0.2,0.5,0.28571428571428575,0.5,1.0,0.6131471927654584,5,1
sem_50_256,semantic,target_acts,q4eu_062,H,W,2,10,0.1,0.5,0.16666666666666669,0.5,1.0,0.6131471927654584,10,1
sem_50_256,semantic,target_acts,q4eu_063,N,W,2,5,0.2,0.5,0.28571428571428575,0.5,1.0,0.6131471927654584,5,1
sem_50_256,semantic,target_acts,q4eu_063,N,W,2,10,0.1,0.5,0.16666666666666669,0.5,1.0,0.6131471927654584,10,1
sem_50_256,semantic,target_acts,q4eu_064,N,W,3,5,0.6666666666666666,0.6666666666666666,0.6666666666666666,0.6666666666666666,1.0,0.7653606369886217,3,2
sem_50_256,semantic,target_acts,q4eu_064,N,W,3,10,0.3,1.0,0.4615384615384615,0.6666666666666666,1.0,0.9217868789962071,10,3
sem_50_256,semantic,target_acts,q4eu_065,L,W,6,5,0.3333333333333333,0.3333333333333333,0.3333333333333333,0.3333333333333333,1.0,0.419665006636777,6,2
sem_50_256,semantic,target_acts,q4eu_065,L,W,6,10,0.2727272727272727,0.5,0.3529411764705882,0.3333333333333333,1.0,0.5107574098602351,11,3
sem_50_256,semantic,target_acts,q4eu_066,H,W,1,5,0.16666666666666666,1.0,0.2857142857142857,1.0,1.0,1.0,6,1
sem_50_256,semantic,target_acts,q4eu_066,H,W,1,10,0.07142857142857142,1.0,0.13333333333333333,1.0,1.0,1.0,14,1
sem_50_256,semantic,target_acts,q4eu_067,L,W,3,5,0.3333333333333333,0.3333333333333333,0.3333333333333333,0.3333333333333333,0.5,0.2960819109658652,3,1
sem_50_256,semantic,target_acts,q4eu_067,L,W,3,10,0.16666666666666666,0.3333333333333333,0.2222222222222222,0.3333333333333333,0.5,0.2960819109658652,6,1
sem_50_256,semantic,target_acts,q4eu_068,L,B;RI;RII,6,5,0.2,0.16666666666666666,0.1818181818181818,0.16666666666666666,1.0,0.3391602052736161,5,1
sem_50_256,semantic,target_acts,q4eu_068,L,B;RI;RII,6,10,0.2,0.3333333333333333,0.25,0.3333333333333333,1.0,0.41039156802332444,10,2
sem_50_256,semantic,target_acts,q4eu_069,L,RI,5,5,0.25,0.4,0.3076923076923077,0.2,0.3333333333333333,0.2765732350040718,8,2
sem_50_256,semantic,target_acts,q4eu_069,L,RI,5,10,0.13333333333333333,0.4,0.2,0.2,0.3333333333333333,0.2765732350040718,15,2
sem_50_256,semantic,target_acts,q4eu_070,H,RII,4,5,0.5,0.75,0.6,0.5,1.0,0.787702056960637,6,3
sem_50_256,semantic,target_acts,q4eu_070,H,RII,4,10,0.3,0.75,0.4285714285714285,0.5,1.0,0.787702056960637,10,3
sem_50_256,semantic,target_acts,q4eu_071,N,B,2,5,0.125,0.5,0.2,0.5,0.5,0.38685280723454163,8,1
sem_50_256,semantic,target_acts,q4eu_071,N,B,2,10,0.08333333333333333,0.5,0.14285714285714285,0.5,0.5,0.38685280723454163,12,1
sem_50_256,semantic,target_acts,q4eu_072,L,G,3,5,0.2857142857142857,0.6666666666666666,0.4,0.0,0.25,0.35853358850813305,7,2
sem_50_256,semantic,target_acts,q4eu_072,L,G,3,10,0.15384615384615385,0.6666666666666666,0.25,0.0,0.25,0.35853358850813305,13,2
sem_50_64,semantic,all_acts,q4eu_001,H,E,3,5,0.75,1.0,0.8571428571428571,1.0,1.0,1.0,4,3
sem_50_64,semantic,all_acts,q4eu_001,H,E,3,10,0.375,1.0,0.5454545454545454,1.0,1.0,1.0,8,3
sem_50_64,semantic,all_acts,q4eu_002,N,E,2,5,0.16666666666666666,0.5,0.25,0.5,0.5,0.38685280723454163,6,1
sem_50_64,semantic,all_acts,q4eu_002,N,E,2,10,0.2,1.0,0.33333333333333337,0.5,0.5,0.5802792108518124,10,2
sem_50_64,semantic,all_acts,q4eu_003,L,E,2,5,0.14285714285714285,0.5,0.22222222222222224,0.0,0.16666666666666666,0.21840743681816419,7,1
sem_50_64,semantic,all_acts,q4eu_003,L,E,2,10,0.18181818181818182,1.0,0.3076923076923077,0.0,0.16666666666666666,0.40298313359773236,11,2
sem_50_64,semantic,all_acts,q4eu_004,N,E,2,5,0.5,1.0,0.6666666666666666,0.5,1.0,0.8772153153380493,4,2
sem_50_64,semantic,all_acts,q4eu_004,N,E,2,10,0.2857142857142857,1.0,0.4444444444444445,0.5,1.0,0.8772153153380493,7,2
sem_50_64,semantic,all_acts,q4eu_005,L,E,2,5,0.5,1.0,0.6666666666666666,1.0,1.0,1.0,4,2
sem_50_64,semantic,all_acts,q4eu_005,L,E,2,10,0.2222222222222222,1.0,0.3636363636363636,1.0,1.0,1.0,9,2
sem_50_64,semantic,all_acts,q4eu_006,N,E,2,5,0.5,1.0,0.6666666666666666,1.0,1.0,1.0,4,2
sem_50_64,semantic,all_acts,q4eu_006,N,E,2,10,0.25,1.0,0.4,1.0,1.0,1.0,8,2
sem_50_64,semantic,all_acts,q4eu_007,H,E,1,5,0.3333333333333333,1.0,0.5,1.0,1.0,1.0,3,1
sem_50_64,semantic,all_acts,q4eu_007,H,E,1,10,0.16666666666666666,1.0,0.2857142857142857,1.0,1.0,1.0,6,1
sem_50_64,semantic,all_acts,q4eu_008,L,E,2,5,0.0,0.0,0.0,0.0,0.0,0.0,5,0
sem_50_64,semantic,all_acts,q4eu_008,L,E,2,10,0.0,0.0,0.0,0.0,0.0,0.0,11,0
sem_50_64,semantic,all_acts,q4eu_009,H,E,2,5,0.4,1.0,0.5714285714285715,0.5,1.0,0.9197207891481876,5,2
sem_50_64,semantic,all_acts,q4eu_009,H,E,2,10,0.25,1.0,0.4,0.5,1.0,0.9197207891481876,8,2
sem_50_64,semantic,all_acts,q4eu_010,H,E,1,5,0.3333333333333333,1.0,0.5,1.0,1.0,1.0,3,1
sem_50_64,semantic,all_acts,q4eu_010,H,E,1,10,0.16666666666666666,1.0,0.2857142857142857,1.0,1.0,1.0,6,1
sem_50_64,semantic,all_acts,q4eu_011,L,E,5,5,0.4,0.4,0.4000000000000001,0.4,1.0,0.5531464700081437,5,2
sem_50_64,semantic,all_acts,q4eu_011,L,E,5,10,0.4,0.8,0.5333333333333333,0.4,1.0,0.7760551678305495,10,4
sem_50_64,semantic,all_acts,q4eu_012,N,E,4,5,0.6,0.75,0.6666666666666665,0.75,1.0,0.8318724637288826,5,3
sem_50_64,semantic,all_acts,q4eu_012,N,E,4,10,0.5714285714285714,1.0,0.7272727272727273,0.75,1.0,0.9709286432396581,7,4
sem_50_64,semantic,all_acts,q4eu_013,N,E,2,5,0.6666666666666666,1.0,0.8,1.0,1.0,1.0,3,2
sem_50_64,semantic,all_acts,q4eu_013,N,E,2,10,0.4,1.0,0.5714285714285715,1.0,1.0,1.0,5,2
sem_50_64,semantic,all_acts,q4eu_014,N,E,2,5,0.5,1.0,0.6666666666666666,0.5,1.0,0.9197207891481876,4,2
sem_50_64,semantic,all_acts,q4eu_014,N,E,2,10,0.2857142857142857,1.0,0.4444444444444445,0.5,1.0,0.9197207891481876,7,2
sem_50_64,semantic,all_acts,q4eu_015,H,E,1,5,0.3333333333333333,1.0,0.5,1.0,1.0,1.0,3,1
sem_50_64,semantic,all_acts,q4eu_015,H,E,1,10,0.125,1.0,0.2222222222222222,1.0,1.0,1.0,8,1
sem_50_64,semantic,all_acts,q4eu_016,N,E,2,5,0.2,0.5,0.28571428571428575,0.5,1.0,0.6131471927654584,5,1
sem_50_64,semantic,all_acts,q4eu_016,N,E,2,10,0.2222222222222222,1.0,0.3636363636363636,0.5,1.0,0.8315546295836225,9,2
sem_50_64,semantic,all_acts,q4eu_017,L,E,2,5,0.5,1.0,0.6666666666666666,0.5,1.0,0.8772153153380493,4,2
sem_50_64,semantic,all_acts,q4eu_017,L,E,2,10,0.25,1.0,0.4,0.5,1.0,0.8772153153380493,8,2
sem_50_64,semantic,all_acts,q4eu_018,H,G,1,5,0.25,1.0,0.4,1.0,1.0,1.0,4,1
sem_50_64,semantic,all_acts,q4eu_018,H,G,1,10,0.16666666666666666,1.0,0.2857142857142857,1.0,1.0,1.0,6,1
sem_50_64,semantic,all_acts,q4eu_019,N,G,1,5,0.25,1.0,0.4,0.0,0.3333333333333333,0.5,4,1
sem_50_64,semantic,all_acts,q4eu_019,N,G,1,10,0.14285714285714285,1.0,0.25,0.0,0.3333333333333333,0.5,7,1
sem_50_64,semantic,all_acts,q4eu_020,L,G,6,5,0.5,0.3333333333333333,0.4,0.3333333333333333,0.5,0.44149241373678083,4,2
sem_50_64,semantic,all_acts,q4eu_020,L,G,6,10,0.7142857142857143,0.8333333333333334,0.7692307692307692,0.6666666666666666,0.5,0.6679412917570872,7,5
sem_50_64,semantic,all_acts,q4eu_021,N,G,2,5,0.25,0.5,0.3333333333333333,0.0,0.3333333333333333,0.3065735963827292,4,1
sem_50_64,semantic,all_acts,q4eu_021,N,G,2,10,0.125,0.5,0.2,0.0,0.3333333333333333,0.3065735963827292,8,1
sem_50_64,semantic,all_acts,q4eu_022,L,G,5,5,0.3333333333333333,0.2,0.25,0.2,0.5,0.2960819109658652,3,1
sem_50_64,semantic,all_acts,q4eu_022,L,G,5,10,0.2,0.2,0.20000000000000004,0.2,0.5,0.21398626473452756,5,1
sem_50_64,semantic,all_acts,q4eu_023,N,G,2,5,0.2,0.5,0.28571428571428575,0.0,0.3333333333333333,0.3065735963827292,5,1
sem_50_64,semantic,all_acts,q4eu_023,N,G,2,10,0.2222222222222222,1.0,0.3636363636363636,0.0,0.3333333333333333,0.5,9,2
sem_50_64,semantic,all_acts,q4eu_024,H,G,3,5,0.4,0.6666666666666666,0.5,0.3333333333333333,0.3333333333333333,0.4367467095119258,5,2
sem_50_64,semantic,all_acts,q4eu_024,H,G,3,10,0.3333333333333333,1.0,0.5,0.3333333333333333,0.3333333333333333,0.5931729515195112,9,3
sem_50_64,semantic,all_acts,q4eu_025,L,G,8,5,0.4,0.25,0.3076923076923077,0.25,1.0,0.48522855511632257,5,2
sem_50_64,semantic,all_acts,q4eu_025,L,G,8,10,0.25,0.25,0.25,0.25,1.0,0.3618791953854131,8,2
sem_50_64,semantic,all_acts,q4eu_026,H,G,1,5,0.25,1.0,0.4,1.0,1.0,1.0,4,1
sem_50_64,semantic,all_acts,q4eu_026,H,G,1,10,0.125,1.0,0.2222222222222222,1.0,1.0,1.0,8,1
sem_50_64,semantic,all_acts,q4eu_027,H,G,1,5,0.3333333333333333,1.0,0.5,1.0,1.0,1.0,3,1
sem_50_64,semantic,all_acts,q4eu_027,H,G,1,10,0.125,1.0,0.2222222222222222,1.0,1.0,1.0,8,1
sem_50_64,semantic,all_acts,q4eu_028,N,G,4,5,0.6666666666666666,0.5,0.5714285714285715,0.5,1.0,0.7653606369886217,3,2
sem_50_64,semantic,all_acts,q4eu_028,N,G,4,10,0.375,0.75,0.5,0.5,1.0,0.7757386182436072,8,3
sem_50_64,semantic,all_acts,q4eu_029,N,G,2,5,0.25,0.5,0.3333333333333333,0.5,1.0,0.6131471927654584,4,1
sem_50_64,semantic,all_acts,q4eu_029,N,G,2,10,0.3333333333333333,1.0,0.5,0.5,1.0,0.8315546295836225,6,2
sem_50_64,semantic,all_acts,q4eu_030,N,G,4,5,0.2,0.25,0.22222222222222224,0.25,0.5,0.24630238874073,5,1
sem_50_64,semantic,all_acts,q4eu_030,N,G,4,10,0.1111111111111111,0.25,0.15384615384615383,0.25,0.5,0.24630238874073,9,1
sem_50_64,semantic,all_acts,q4eu_031,H,G,3,5,0.2,0.3333333333333333,0.25,0.3333333333333333,1.0,0.46927872602275644,5,1
sem_50_64,semantic,all_acts,q4eu_031,H,G,3,10,0.14285714285714285,0.3333333333333333,0.2,0.3333333333333333,1.0,0.46927872602275644,7,1
sem_50_64,semantic,all_acts,q4eu_032,N,G,3,5,0.5,0.6666666666666666,0.5714285714285715,0.6666666666666666,1.0,0.7039180890341347,4,2
sem_50_64,semantic,all_acts,q4eu_032,N,G,3,10,0.3333333333333333,1.0,0.5,0.6666666666666666,1.0,0.86034433104172,9,3
sem_50_64,semantic,all_acts,q4eu_033,L,G,6,5,1.0,0.6666666666666666,0.8,0.6666666666666666,1.0,1.0,4,4
sem_50_64,semantic,all_acts,q4eu_033,L,G,6,10,0.8333333333333334,0.8333333333333334,0.8333333333333334,0.8333333333333334,1.0,0.8922108454754891,6,5
sem_50_64,semantic,all_acts,q4eu_034,L,B,3,5,0.0,0.0,0.0,0.0,0.0,0.0,5,0
sem_50_64,semantic,all_acts,q4eu_034,L,B,3,10,0.0,0.0,0.0,0.0,0.0,0.0,10,0
sem_50_64,semantic,all_acts,q4eu_035,N,B,4,5,0.2,0.25,0.22222222222222224,0.25,0.5,0.24630238874073,5,1
sem_50_64,semantic,all_acts,q4eu_035,N,B,4,10,0.1111111111111111,0.25,0.15384615384615383,0.25,0.5,0.24630238874073,9,1
sem_50_64,semantic,all_acts,q4eu_036,N,RI,4,5,0.2,0.25,0.22222222222222224,0.25,1.0,0.3903800499921017,5,1
sem_50_64,semantic,all_acts,q4eu_036,N,RI,4,10,0.09090909090909091,0.25,0.13333333333333333,0.25,1.0,0.3903800499921017,11,1
sem_50_64,semantic,all_acts,q4eu_037,H,B,3,5,0.5,0.6666666666666666,0.5714285714285715,0.6666666666666666,0.5,0.5307212739772434,4,2
sem_50_64,semantic,all_acts,q4eu_037,H,B,3,10,0.2222222222222222,0.6666666666666666,0.3333333333333333,0.6666666666666666,0.5,0.5307212739772434,9,2
sem_50_64,semantic,all_acts,q4eu_038,H,B,3,5,0.4,0.6666666666666666,0.5,0.6666666666666666,1.0,0.7653606369886217,5,2
sem_50_64,semantic,all_acts,q4eu_038,H,B,3,10,0.2,0.6666666666666666,0.30769230769230765,0.6666666666666666,1.0,0.7653606369886217,10,2
sem_50_64,semantic,all_acts,q4eu_039,N,RII,22,5,0.6,0.13636363636363635,0.22222222222222218,0.13636363636363635,0.5,0.4912596920895758,5,3
sem_50_64,semantic,all_acts,q4eu_039,N,RII,22,10,0.625,0.22727272727272727,0.3333333333333333,0.22727272727272727,0.5,0.5407914072860661,8,5
sem_50_64,semantic,all_acts,q4eu_040,H,RI,4,5,0.25,0.25,0.25,0.25,0.3333333333333333,0.19519002499605084,4,1
sem_50_64,semantic,all_acts,q4eu_040,H,RI,4,10,0.2222222222222222,0.5,0.30769230769230765,0.25,0.3333333333333333,0.32531670832675136,9,2
sem_50_64,semantic,all_acts,q4eu_041,N,B,5,5,0.4,0.4,0.4000000000000001,0.4,1.0,0.5531464700081437,5,2
sem_50_64,semantic,all_acts,q4eu_041,N,B,5,10,0.3,0.6,0.4,0.4,1.0,0.6511857558395008,10,3
sem_50_64,semantic,all_acts,q4eu_042,L,RI,2,5,0.25,0.5,0.3333333333333333,0.5,1.0,0.6131471927654584,4,1
sem_50_64,semantic,all_acts,q4eu_042,L,RI,2,10,0.25,1.0,0.4,0.5,1.0,0.8315546295836225,8,2
sem_50_64,semantic,all_acts,q4eu_043,N,B;RI,2,5,0.3333333333333333,1.0,0.5,0.5,1.0,0.9197207891481876,6,2
sem_50_64,semantic,all_acts,q4eu_043,N,B;RI,2,10,0.16666666666666666,1.0,0.2857142857142857,0.5,1.0,0.9197207891481876,12,2
sem_50_64,semantic,all_acts,q4eu_044,L,RI,4,5,0.4,0.5,0.4444444444444445,0.5,1.0,0.6366824387328317,5,2
sem_50_64,semantic,all_acts,q4eu_044,L,RI,4,10,0.2,0.5,0.28571428571428575,0.5,1.0,0.6366824387328317,10,2
sem_50_64,semantic,all_acts,q4eu_045,N,B,4,5,1.0,1.0,1.0,1.0,1.0,1.0,4,4
sem_50_64,semantic,all_acts,q4eu_045,N,B,4,10,0.4444444444444444,1.0,0.6153846153846153,1.0,1.0,1.0,9,4
sem_50_64,semantic,all_acts,q4eu_046,H,B,5,5,0.75,0.6,0.6666666666666665,0.6,1.0,0.8318724637288826,4,3
sem_50_64,semantic,all_acts,q4eu_046,H,B,5,10,0.3333333333333333,0.6,0.42857142857142855,0.6,1.0,0.7227265726449519,9,3
sem_50_64,semantic,all_acts,q4eu_047,N,W,5,5,0.2,0.2,0.20000000000000004,0.2,1.0,0.3391602052736161,5,1
sem_50_64,semantic,all_acts,q4eu_047,N,W,5,10,0.3,0.6,0.4,0.2,1.0,0.5580107938044674,10,3
sem_50_64,semantic,all_acts,q4eu_048,L,W,3,5,0.25,0.3333333333333333,0.28571428571428575,0.3333333333333333,1.0,0.46927872602275644,4,1
sem_50_64,semantic,all_acts,q4eu_048,L,W,3,10,0.16666666666666666,0.3333333333333333,0.2222222222222222,0.3333333333333333,1.0,0.46927872602275644,6,1
sem_50_64,semantic,all_acts,q4eu_049,N,W,3,5,0.25,0.3333333333333333,0.28571428571428575,0.3333333333333333,1.0,0.46927872602275644,4,1
sem_50_64,semantic,all_acts,q4eu_049,N,W,3,10,0.25,0.6666666666666666,0.36363636363636365,0.3333333333333333,1.0,0.6257049680303419,8,2
sem_50_64,semantic,all_acts,q4eu_050,H,W,2,5,0.25,0.5,0.3333333333333333,0.5,1.0,0.6131471927654584,4,1
sem_50_64,semantic,all_acts,q4eu_050,H,W,2,10,0.16666666666666666,0.5,0.25,0.5,1.0,0.6131471927654584,6,1
sem_50_64,semantic,all_acts,q4eu_051,L,W,5,5,0.6666666666666666,0.8,0.7272727272727272,0.6,1.0,0.8435378753444459,6,4
sem_50_64,semantic,all_acts,q4eu_051,L,W,5,10,0.4,0.8,0.5333333333333333,0.6,1.0,0.8435378753444459,10,4
sem_50_64,semantic,all_acts,q4eu_052,H,W,1,5,0.2,1.0,0.33333333333333337,1.0,1.0,1.0,5,1
sem_50_64,semantic,all_acts,q4eu_052,H,W,1,10,0.1111111111111111,1.0,0.19999999999999998,1.0,1.0,1.0,9,1
sem_50_64,semantic,all_acts,q4eu_053,N,W,2,5,0.2,0.5,0.28571428571428575,0.5,1.0,0.6131471927654584,5,1
sem_50_64,semantic,all_acts,q4eu_053,N,W,2,10,0.14285714285714285,0.5,0.22222222222222224,0.5,1.0,0.6131471927654584,7,1
sem_50_64,semantic,all_acts,q4eu_054,L,W,4,5,0.2,0.25,0.22222222222222224,0.25,0.25,0.16812753627111746,5,1
sem_50_64,semantic,all_acts,q4eu_054,L,W,4,10,0.125,0.25,0.16666666666666666,0.25,0.25,0.16812753627111746,8,1
sem_50_64,semantic,all_acts,q4eu_055,H,W,1,5,0.25,1.0,0.4,1.0,1.0,1.0,4,1
sem_50_64,semantic,all_acts,q4eu_055,H,W,1,10,0.125,1.0,0.2222222222222222,1.0,1.0,1.0,8,1
sem_50_64,semantic,all_acts,q4eu_056,L,W,4,5,0.5,0.25,0.3333333333333333,0.25,1.0,0.6131471927654584,2,1
sem_50_64,semantic,all_acts,q4eu_056,L,W,4,10,0.2857142857142857,0.5,0.36363636363636365,0.25,1.0,0.5205067333228022,7,2
sem_50_64,semantic,all_acts,q4eu_057,N,W,4,5,0.6,0.75,0.6666666666666665,0.5,0.5,0.592512031964586,5,3
sem_50_64,semantic,all_acts,q4eu_057,N,W,4,10,0.375,0.75,0.5,0.5,0.5,0.592512031964586,8,3
sem_50_64,semantic,all_acts,q4eu_058,N,W,4,5,0.3333333333333333,0.25,0.28571428571428575,0.25,0.5,0.2960819109658652,3,1
sem_50_64,semantic,all_acts,q4eu_058,N,W,4,10,0.25,0.5,0.3333333333333333,0.5,0.5,0.4144299250118475,8,2
sem_50_64,semantic,all_acts,q4eu_059,H,W,3,5,0.25,0.3333333333333333,0.28571428571428575,0.3333333333333333,1.0,0.46927872602275644,4,1
sem_50_64,semantic,all_acts,q4eu_059,H,W,3,10,0.125,0.3333333333333333,0.18181818181818182,0.3333333333333333,1.0,0.46927872602275644,8,1
sem_50_64,semantic,all_acts,q4eu_060,L,W,4,5,0.0,0.0,0.0,0.0,0.0,0.0,5,0
sem_50_64,semantic,all_acts,q4eu_060,L,W,4,10,0.0,0.0,0.0,0.0,0.0,0.0,11,0
sem_50_64,semantic,all_acts,q4eu_061,H,W,2,5,0.2,0.5,0.28571428571428575,0.5,1.0,0.6131471927654584,5,1
sem_50_64,semantic,all_acts,q4eu_061,H,W,2,10,0.125,0.5,0.2,0.5,1.0,0.6131471927654584,8,1
sem_50_64,semantic,all_acts,q4eu_062,H,W,2,5,0.2,0.5,0.28571428571428575,0.5,1.0,0.6131471927654584,5,1
sem_50_64,semantic,all_acts,q4eu_062,H,W,2,10,0.14285714285714285,0.5,0.22222222222222224,0.5,1.0,0.6131471927654584,7,1
sem_50_64,semantic,all_acts,q4eu_063,N,W,2,5,0.3333333333333333,0.5,0.4,0.5,1.0,0.6131471927654584,3,1
sem_50_64,semantic,all_acts,q4eu_063,N,W,2,10,0.14285714285714285,0.5,0.22222222222222224,0.5,1.0,0.6131471927654584,7,1
sem_50_64,semantic,all_acts,q4eu_064,N,W,3,5,0.6666666666666666,0.6666666666666666,0.6666666666666666,0.6666666666666666,1.0,0.7653606369886217,3,2
sem_50_64,semantic,all_acts,q4eu_064,N,W,3,10,0.25,0.6666666666666666,0.36363636363636365,0.6666666666666666,1.0,0.7653606369886217,8,2
sem_50_64,semantic,all_acts,q4eu_065,L,W,6,5,0.6666666666666666,0.3333333333333333,0.4444444444444444,0.3333333333333333,1.0,0.7653606369886217,3,2
sem_50_64,semantic,all_acts,q4eu_065,L,W,6,10,0.5714285714285714,0.6666666666666666,0.6153846153846153,0.5,1.0,0.7114533439819829,7,4
sem_50_64,semantic,all_acts,q4eu_066,H,W,1,5,0.16666666666666666,1.0,0.2857142857142857,1.0,1.0,1.0,6,1
sem_50_64,semantic,all_acts,q4eu_066,H,W,1,10,0.09090909090909091,1.0,0.16666666666666669,1.0,1.0,1.0,11,1
sem_50_64,semantic,all_acts,q4eu_067,L,W,3,5,0.25,0.3333333333333333,0.28571428571428575,0.3333333333333333,1.0,0.46927872602275644,4,1
sem_50_64,semantic,all_acts,q4eu_067,L,W,3,10,0.14285714285714285,0.3333333333333333,0.2,0.3333333333333333,1.0,0.46927872602275644,7,1
sem_50_64,semantic,all_acts,q4eu_068,L,B;RI;RII,6,5,0.0,0.0,0.0,0.0,0.0,0.0,5,0
sem_50_64,semantic,all_acts,q4eu_068,L,B;RI;RII,6,10,0.1,0.16666666666666666,0.125,0.0,0.14285714285714285,0.10086747116627115,10,1
sem_50_64,semantic,all_acts,q4eu_069,L,RI,5,5,0.4,0.4,0.4000000000000001,0.4,0.3333333333333333,0.30078518014914984,5,2
sem_50_64,semantic,all_acts,q4eu_069,L,RI,5,10,0.2222222222222222,0.4,0.2857142857142857,0.4,0.3333333333333333,0.30078518014914984,9,2
sem_50_64,semantic,all_acts,q4eu_070,H,RII,4,5,0.6,0.75,0.6666666666666665,0.5,0.3333333333333333,0.5143371794949736,5,3
sem_50_64,semantic,all_acts,q4eu_070,H,RII,4,10,0.375,0.75,0.5,0.5,0.3333333333333333,0.5143371794949736,8,3
sem_50_64,semantic,all_acts,q4eu_071,N,B,2,5,0.25,0.5,0.3333333333333333,0.5,1.0,0.6131471927654584,4,1
sem_50_64,semantic,all_acts,q4eu_071,N,B,2,10,0.125,0.5,0.2,0.5,1.0,0.6131471927654584,8,1
sem_50_64,semantic,all_acts,q4eu_072,L,G,3,5,0.2857142857142857,0.6666666666666666,0.4,0.3333333333333333,0.5,0.4525081529734507,7,2
sem_50_64,semantic,all_acts,q4eu_072,L,G,3,10,0.23076923076923078,1.0,0.375,0.3333333333333333,0.5,0.5793251698058443,13,3
sem_50_64,semantic,pil_acts,q4eu_034,L,B,3,5,0.0,0.0,0.0,0.0,0.0,0.0,5,0
sem_50_64,semantic,pil_acts,q4eu_034,L,B,3,10,0.0,0.0,0.0,0.0,0.0,0.0,10,0
sem_50_64,semantic,pil_acts,q4eu_035,N,B,4,5,0.2,0.25,0.22222222222222224,0.25,0.5,0.24630238874073,5,1
sem_50_64,semantic,pil_acts,q4eu_035,N,B,4,10,0.1111111111111111,0.25,0.15384615384615383,0.25,0.5,0.24630238874073,9,1
sem_50_64,semantic,pil_acts,q4eu_036,N,RI,4,5,0.2,0.25,0.22222222222222224,0.25,1.0,0.3903800499921017,5,1
sem_50_64,semantic,pil_acts,q4eu_036,N,RI,4,10,0.09090909090909091,0.25,0.13333333333333333,0.25,1.0,0.3903800499921017,11,1
sem_50_64,semantic,pil_acts,q4eu_037,H,B,3,5,0.5,0.6666666666666666,0.5714285714285715,0.6666666666666666,1.0,0.7653606369886217,4,2
sem_50_64,semantic,pil_acts,q4eu_037,H,B,3,10,0.2222222222222222,0.6666666666666666,0.3333333333333333,0.6666666666666666,1.0,0.7653606369886217,9,2
sem_50_64,semantic,pil_acts,q4eu_038,H,B,3,5,0.4,0.6666666666666666,0.5,0.6666666666666666,1.0,0.7653606369886217,5,2
sem_50_64,semantic,pil_acts,q4eu_038,H,B,3,10,0.2,0.6666666666666666,0.30769230769230765,0.6666666666666666,1.0,0.7653606369886217,10,2
sem_50_64,semantic,pil_acts,q4eu_039,N,RII,22,5,0.6,0.13636363636363635,0.22222222222222218,0.13636363636363635,0.5,0.4912596920895758,5,3
sem_50_64,semantic,pil_acts,q4eu_039,N,RII,22,10,0.625,0.22727272727272727,0.3333333333333333,0.22727272727272727,0.5,0.5407914072860661,8,5
sem_50_64,semantic,pil_acts,q4eu_040,H,RI,4,5,0.25,0.25,0.25,0.25,0.3333333333333333,0.19519002499605084,4,1
sem_50_64,semantic,pil_acts,q4eu_040,H,RI,4,10,0.2222222222222222,0.5,0.30769230769230765,0.25,0.3333333333333333,0.32531670832675136,9,2
sem_50_64,semantic,pil_acts,q4eu_041,N,B,5,5,0.4,0.4,0.4000000000000001,0.4,1.0,0.5531464700081437,5,2
sem_50_64,semantic,pil_acts,q4eu_041,N,B,5,10,0.3,0.6,0.4,0.4,1.0,0.6511857558395008,10,3
sem_50_64,semantic,pil_acts,q4eu_042,L,RI,2,5,0.25,0.5,0.3333333333333333,0.5,1.0,0.6131471927654584,4,1
sem_50_64,semantic,pil_acts,q4eu_042,L,RI,2,10,0.25,1.0,0.4,0.5,1.0,0.8315546295836225,8,2
sem_50_64,semantic,pil_acts,q4eu_043,N,B;RI,2,5,0.3333333333333333,1.0,0.5,0.5,1.0,0.9197207891481876,6,2
sem_50_64,semantic,pil_acts,q4eu_043,N,B;RI,2,10,0.16666666666666666,1.0,0.2857142857142857,0.5,1.0,0.9197207891481876,12,2
sem_50_64,semantic,pil_acts,q4eu_044,L,RI,4,5,0.4,0.5,0.4444444444444445,0.5,1.0,0.6366824387328317,5,2
sem_50_64,semantic,pil_acts,q4eu_044,L,RI,4,10,0.18181818181818182,0.5,0.26666666666666666,0.5,1.0,0.6366824387328317,11,2
sem_50_64,semantic,pil_acts,q4eu_045,N,B,4,5,1.0,1.0,1.0,1.0,1.0,1.0,4,4
sem_50_64,semantic,pil_acts,q4eu_045,N,B,4,10,0.4444444444444444,1.0,0.6153846153846153,1.0,1.0,1.0,9,4
sem_50_64,semantic,pil_acts,q4eu_046,H,B,5,5,0.75,0.6,0.6666666666666665,0.6,1.0,0.8318724637288826,4,3
sem_50_64,semantic,pil_acts,q4eu_046,H,B,5,10,0.375,0.6,0.4615384615384615,0.6,1.0,0.7227265726449519,8,3
sem_50_64,semantic,pil_acts,q4eu_068,L,B;RI;RII,6,5,0.2,0.16666666666666666,0.1818181818181818,0.16666666666666666,0.2,0.13120507751234178,5,1
sem_50_64,semantic,pil_acts,q4eu_068,L,B;RI;RII,6,10,0.1,0.16666666666666666,0.125,0.16666666666666666,0.2,0.11706259313796355,10,1
sem_50_64,semantic,pil_acts,q4eu_069,L,RI,5,5,0.4,0.4,0.4000000000000001,0.4,0.3333333333333333,0.30078518014914984,5,2
sem_50_64,semantic,pil_acts,q4eu_069,L,RI,5,10,0.2222222222222222,0.4,0.2857142857142857,0.4,0.3333333333333333,0.30078518014914984,9,2
sem_50_64,semantic,pil_acts,q4eu_070,H,RII,4,5,0.6,0.75,0.6666666666666665,0.5,0.3333333333333333,0.5143371794949736,5,3
sem_50_64,semantic,pil_acts,q4eu_070,H,RII,4,10,0.375,0.75,0.5,0.5,0.3333333333333333,0.5143371794949736,8,3
sem_50_64,semantic,pil_acts,q4eu_071,N,B,2,5,0.25,0.5,0.3333333333333333,0.5,1.0,0.6131471927654584,4,1
sem_50_64,semantic,pil_acts,q4eu_071,N,B,2,10,0.1111111111111111,0.5,0.1818181818181818,0.5,1.0,0.6131471927654584,9,1
sem_50_64,semantic,target_acts,q4eu_001,H,E,3,5,0.75,1.0,0.8571428571428571,1.0,1.0,1.0,4,3
sem_50_64,semantic,target_acts,q4eu_001,H,E,3,10,0.375,1.0,0.5454545454545454,1.0,1.0,1.0,8,3
sem_50_64,semantic,target_acts,q4eu_002,N,E,2,5,0.16666666666666666,0.5,0.25,0.5,0.5,0.38685280723454163,6,1
sem_50_64,semantic,target_acts,q4eu_002,N,E,2,10,0.2,1.0,0.33333333333333337,0.5,0.5,0.5802792108518124,10,2
sem_50_64,semantic,target_acts,q4eu_003,L,E,2,5,0.14285714285714285,0.5,0.22222222222222224,0.0,0.16666666666666666,0.21840743681816419,7,1
sem_50_64,semantic,target_acts,q4eu_003,L,E,2,10,0.18181818181818182,1.0,0.3076923076923077,0.0,0.16666666666666666,0.40298313359773236,11,2
sem_50_64,semantic,target_acts,q4eu_004,N,E,2,5,0.5,1.0,0.6666666666666666,0.5,1.0,0.8772153153380493,4,2
sem_50_64,semantic,target_acts,q4eu_004,N,E,2,10,0.3333333333333333,1.0,0.5,0.5,1.0,0.8772153153380493,6,2
sem_50_64,semantic,target_acts,q4eu_005,L,E,2,5,0.5,1.0,0.6666666666666666,1.0,1.0,1.0,4,2
sem_50_64,semantic,target_acts,q4eu_005,L,E,2,10,0.2222222222222222,1.0,0.3636363636363636,1.0,1.0,1.0,9,2
sem_50_64,semantic,target_acts,q4eu_006,N,E,2,5,0.5,1.0,0.6666666666666666,1.0,1.0,1.0,4,2
sem_50_64,semantic,target_acts,q4eu_006,N,E,2,10,0.25,1.0,0.4,1.0,1.0,1.0,8,2
sem_50_64,semantic,target_acts,q4eu_007,H,E,1,5,0.3333333333333333,1.0,0.5,1.0,1.0,1.0,3,1
sem_50_64,semantic,target_acts,q4eu_007,H,E,1,10,0.16666666666666666,1.0,0.2857142857142857,1.0,1.0,1.0,6,1
sem_50_64,semantic,target_acts,q4eu_008,L,E,2,5,0.0,0.0,0.0,0.0,0.0,0.0,5,0
sem_50_64,semantic,target_acts,q4eu_008,L,E,2,10,0.0,0.0,0.0,0.0,0.0,0.0,10,0
sem_50_64,semantic,target_acts,q4eu_009,H,E,2,5,0.5,1.0,0.6666666666666666,1.0,1.0,1.0,4,2
sem_50_64,semantic,target_acts,q4eu_009,H,E,2,10,0.3333333333333333,1.0,0.5,1.0,1.0,1.0,6,2
sem_50_64,semantic,target_acts,q4eu_010,H,E,1,5,0.3333333333333333,1.0,0.5,1.0,1.0,1.0,3,1
sem_50_64,semantic,target_acts,q4eu_010,H,E,1,10,0.16666666666666666,1.0,0.2857142857142857,1.0,1.0,1.0,6,1
sem_50_64,semantic,target_acts,q4eu_011,L,E,5,5,0.4,0.4,0.4000000000000001,0.4,1.0,0.5531464700081437,5,2
sem_50_64,semantic,target_acts,q4eu_011,L,E,5,10,0.4,0.8,0.5333333333333333,0.4,1.0,0.7760551678305495,10,4
sem_50_64,semantic,target_acts,q4eu_012,N,E,4,5,0.6,0.75,0.6666666666666665,0.75,1.0,0.8318724637288826,5,3
sem_50_64,semantic,target_acts,q4eu_012,N,E,4,10,0.5714285714285714,1.0,0.7272727272727273,0.75,1.0,0.9709286432396581,7,4
sem_50_64,semantic,target_acts,q4eu_013,N,E,2,5,0.6666666666666666,1.0,0.8,1.0,1.0,1.0,3,2
sem_50_64,semantic,target_acts,q4eu_013,N,E,2,10,0.4,1.0,0.5714285714285715,1.0,1.0,1.0,5,2
sem_50_64,semantic,target_acts,q4eu_014,N,E,2,5,0.5,1.0,0.6666666666666666,0.5,1.0,0.9197207891481876,4,2
sem_50_64,semantic,target_acts,q4eu_014,N,E,2,10,0.2857142857142857,1.0,0.4444444444444445,0.5,1.0,0.9197207891481876,7,2
sem_50_64,semantic,target_acts,q4eu_015,H,E,1,5,0.3333333333333333,1.0,0.5,1.0,1.0,1.0,3,1
sem_50_64,semantic,target_acts,q4eu_015,H,E,1,10,0.125,1.0,0.2222222222222222,1.0,1.0,1.0,8,1
sem_50_64,semantic,target_acts,q4eu_016,N,E,2,5,0.2,0.5,0.28571428571428575,0.5,1.0,0.6131471927654584,5,1
sem_50_64,semantic,target_acts,q4eu_016,N,E,2,10,0.2222222222222222,1.0,0.3636363636363636,0.5,1.0,0.8315546295836225,9,2
sem_50_64,semantic,target_acts,q4eu_017,L,E,2,5,0.6666666666666666,1.0,0.8,0.5,1.0,0.9197207891481876,3,2
sem_50_64,semantic,target_acts,q4eu_017,L,E,2,10,0.3333333333333333,1.0,0.5,0.5,1.0,0.9197207891481876,6,2
sem_50_64,semantic,target_acts,q4eu_018,H,G,1,5,0.25,1.0,0.4,1.0,1.0,1.0,4,1
sem_50_64,semantic,target_acts,q4eu_018,H,G,1,10,0.16666666666666666,1.0,0.2857142857142857,1.0,1.0,1.0,6,1
sem_50_64,semantic,target_acts,q4eu_019,N,G,1,5,0.25,1.0,0.4,0.0,0.3333333333333333,0.5,4,1
sem_50_64,semantic,target_acts,q4eu_019,N,G,1,10,0.14285714285714285,1.0,0.25,0.0,0.3333333333333333,0.5,7,1
sem_50_64,semantic,target_acts,q4eu_020,L,G,6,5,0.5,0.3333333333333333,0.4,0.3333333333333333,0.5,0.44149241373678083,4,2
sem_50_64,semantic,target_acts,q4eu_020,L,G,6,10,0.7142857142857143,0.8333333333333334,0.7692307692307692,0.6666666666666666,0.5,0.6679412917570872,7,5
sem_50_64,semantic,target_acts,q4eu_021,N,G,2,5,0.25,0.5,0.3333333333333333,0.0,0.3333333333333333,0.3065735963827292,4,1
sem_50_64,semantic,target_acts,q4eu_021,N,G,2,10,0.125,0.5,0.2,0.0,0.3333333333333333,0.3065735963827292,8,1
sem_50_64,semantic,target_acts,q4eu_022,L,G,5,5,0.3333333333333333,0.2,0.25,0.2,0.5,0.2960819109658652,3,1
sem_50_64,semantic,target_acts,q4eu_022,L,G,5,10,0.2,0.2,0.20000000000000004,0.2,0.5,0.21398626473452756,5,1
sem_50_64,semantic,target_acts,q4eu_023,N,G,2,5,0.2,0.5,0.28571428571428575,0.0,0.3333333333333333,0.3065735963827292,5,1
sem_50_64,semantic,target_acts,q4eu_023,N,G,2,10,0.2222222222222222,1.0,0.3636363636363636,0.0,0.3333333333333333,0.5,9,2
sem_50_64,semantic,target_acts,q4eu_024,H,G,3,5,0.4,0.6666666666666666,0.5,0.3333333333333333,0.3333333333333333,0.4367467095119258,5,2
sem_50_64,semantic,target_acts,q4eu_024,H,G,3,10,0.3333333333333333,1.0,0.5,0.3333333333333333,0.3333333333333333,0.5931729515195112,9,3
sem_50_64,semantic,target_acts,q4eu_025,L,G,8,5,0.4,0.25,0.3076923076923077,0.25,1.0,0.48522855511632257,5,2
sem_50_64,semantic,target_acts,q4eu_025,L,G,8,10,0.25,0.25,0.25,0.25,1.0,0.3618791953854131,8,2
sem_50_64,semantic,target_acts,q4eu_026,H,G,1,5,0.25,1.0,0.4,1.0,1.0,1.0,4,1
sem_50_64,semantic,target_acts,q4eu_026,H,G,1,10,0.125,1.0,0.2222222222222222,1.0,1.0,1.0,8,1
sem_50_64,semantic,target_acts,q4eu_027,H,G,1,5,0.3333333333333333,1.0,0.5,1.0,1.0,1.0,3,1
sem_50_64,semantic,target_acts,q4eu_027,H,G,1,10,0.125,1.0,0.2222222222222222,1.0,1.0,1.0,8,1
sem_50_64,semantic,target_acts,q4eu_028,N,G,4,5,0.6666666666666666,0.5,0.5714285714285715,0.5,1.0,0.7653606369886217,3,2
sem_50_64,semantic,target_acts,q4eu_028,N,G,4,10,0.375,0.75,0.5,0.5,1.0,0.7757386182436072,8,3
sem_50_64,semantic,target_acts,q4eu_029,N,G,2,5,0.25,0.5,0.3333333333333333,0.5,1.0,0.6131471927654584,4,1
sem_50_64,semantic,target_acts,q4eu_029,N,G,2,10,0.3333333333333333,1.0,0.5,0.5,1.0,0.8315546295836225,6,2
sem_50_64,semantic,target_acts,q4eu_030,N,G,4,5,0.2,0.25,0.22222222222222224,0.25,0.5,0.24630238874073,5,1
sem_50_64,semantic,target_acts,q4eu_030,N,G,4,10,0.1111111111111111,0.25,0.15384615384615383,0.25,0.5,0.24630238874073,9,1
sem_50_64,semantic,target_acts,q4eu_031,H,G,3,5,0.2,0.3333333333333333,0.25,0.3333333333333333,1.0,0.46927872602275644,5,1
sem_50_64,semantic,target_acts,q4eu_031,H,G,3,10,0.14285714285714285,0.3333333333333333,0.2,0.3333333333333333,1.0,0.46927872602275644,7,1
sem_50_64,semantic,target_acts,q4eu_032,N,G,3,5,0.5,0.6666666666666666,0.5714285714285715,0.6666666666666666,1.0,0.7039180890341347,4,2
sem_50_64,semantic,target_acts,q4eu_032,N,G,3,10,0.3333333333333333,1.0,0.5,0.6666666666666666,1.0,0.86034433104172,9,3
sem_50_64,semantic,target_acts,q4eu_033,L,G,6,5,1.0,0.6666666666666666,0.8,0.6666666666666666,1.0,1.0,4,4
sem_50_64,semantic,target_acts,q4eu_033,L,G,6,10,1.0,1.0,1.0,1.0,1.0,1.0,6,6
sem_50_64,semantic,target_acts,q4eu_034,L,B,3,5,0.2,0.3333333333333333,0.25,0.0,0.2,0.18154179253735267,5,1
sem_50_64,semantic,target_acts,q4eu_034,L,B,3,10,0.2222222222222222,0.6666666666666666,0.3333333333333333,0.0,0.2,0.3228087653971817,9,2
sem_50_64,semantic,target_acts,q4eu_035,N,B,4,5,0.25,0.25,0.25,0.25,1.0,0.3903800499921017,4,1
sem_50_64,semantic,target_acts,q4eu_035,N,B,4,10,0.25,0.5,0.3333333333333333,0.25,1.0,0.5135312443624667,8,2
sem_50_64,semantic,target_acts,q4eu_036,N,RI,4,5,0.16666666666666666,0.25,0.2,0.25,1.0,0.3903800499921017,6,1
sem_50_64,semantic,target_acts,q4eu_036,N,RI,4,10,0.09090909090909091,0.25,0.13333333333333333,0.25,1.0,0.3903800499921017,11,1
sem_50_64,semantic,target_acts,q4eu_037,H,B,3,5,0.5,0.6666666666666666,0.5714285714285715,0.6666666666666666,1.0,0.7653606369886217,4,2
sem_50_64,semantic,target_acts,q4eu_037,H,B,3,10,0.3333333333333333,0.6666666666666666,0.4444444444444444,0.6666666666666666,1.0,0.7653606369886217,6,2
sem_50_64,semantic,target_acts,q4eu_038,H,B,3,5,0.4,0.6666666666666666,0.5,0.6666666666666666,1.0,0.7653606369886217,5,2
sem_50_64,semantic,target_acts,q4eu_038,H,B,3,10,0.2,0.6666666666666666,0.30769230769230765,0.6666666666666666,1.0,0.7653606369886217,10,2
sem_50_64,semantic,target_acts,q4eu_039,N,RII,22,5,0.6,0.13636363636363635,0.22222222222222218,0.13636363636363635,0.5,0.4912596920895758,5,3
sem_50_64,semantic,target_acts,q4eu_039,N,RII,22,10,0.625,0.22727272727272727,0.3333333333333333,0.22727272727272727,0.5,0.5407914072860661,8,5
sem_50_64,semantic,target_acts,q4eu_040,H,RI,4,5,0.25,0.25,0.25,0.25,0.5,0.24630238874073,4,1
sem_50_64,semantic,target_acts,q4eu_040,H,RI,4,10,0.2222222222222222,0.5,0.30769230769230765,0.25,0.5,0.3973220069685352,9,2
sem_50_64,semantic,target_acts,q4eu_041,N,B,5,5,0.75,0.6,0.6666666666666665,0.6,1.0,0.8318724637288826,4,3
sem_50_64,semantic,target_acts,q4eu_041,N,B,5,10,0.3333333333333333,0.6,0.42857142857142855,0.6,1.0,0.7227265726449519,9,3
sem_50_64,semantic,target_acts,q4eu_042,L,RI,2,5,0.25,0.5,0.3333333333333333,0.5,1.0,0.6131471927654584,4,1
sem_50_64,semantic,target_acts,q4eu_042,L,RI,2,10,0.25,1.0,0.4,0.5,1.0,0.8503449055347546,8,2
sem_50_64,semantic,target_acts,q4eu_043,N,B;RI,2,5,0.3333333333333333,1.0,0.5,0.5,1.0,0.9197207891481876,6,2
sem_50_64,semantic,target_acts,q4eu_043,N,B;RI,2,10,0.18181818181818182,1.0,0.3076923076923077,0.5,1.0,0.9197207891481876,11,2
sem_50_64,semantic,target_acts,q4eu_044,L,RI,4,5,0.4,0.5,0.4444444444444445,0.5,1.0,0.6366824387328317,5,2
sem_50_64,semantic,target_acts,q4eu_044,L,RI,4,10,0.5714285714285714,1.0,0.7272727272727273,0.5,1.0,0.9058653015743079,7,4
sem_50_64,semantic,target_acts,q4eu_045,N,B,4,5,1.0,1.0,1.0,1.0,1.0,1.0,4,4
sem_50_64,semantic,target_acts,q4eu_045,N,B,4,10,0.4444444444444444,1.0,0.6153846153846153,1.0,1.0,1.0,9,4
sem_50_64,semantic,target_acts,q4eu_046,H,B,5,5,0.75,0.6,0.6666666666666665,0.6,1.0,0.8318724637288826,4,3
sem_50_64,semantic,target_acts,q4eu_046,H,B,5,10,0.3333333333333333,0.6,0.42857142857142855,0.6,1.0,0.7227265726449519,9,3
sem_50_64,semantic,target_acts,q4eu_047,N,W,5,5,0.2,0.2,0.20000000000000004,0.2,1.0,0.3391602052736161,5,1
sem_50_64,semantic,target_acts,q4eu_047,N,W,5,10,0.3,0.6,0.4,0.2,1.0,0.5580107938044674,10,3
sem_50_64,semantic,target_acts,q4eu_048,L,W,3,5,0.25,0.3333333333333333,0.28571428571428575,0.3333333333333333,1.0,0.46927872602275644,4,1
sem_50_64,semantic,target_acts,q4eu_048,L,W,3,10,0.16666666666666666,0.3333333333333333,0.2222222222222222,0.3333333333333333,1.0,0.46927872602275644,6,1
sem_50_64,semantic,target_acts,q4eu_049,N,W,3,5,0.25,0.3333333333333333,0.28571428571428575,0.3333333333333333,1.0,0.46927872602275644,4,1
sem_50_64,semantic,target_acts,q4eu_049,N,W,3,10,0.25,0.6666666666666666,0.36363636363636365,0.3333333333333333,1.0,0.6257049680303419,8,2
sem_50_64,semantic,target_acts,q4eu_050,H,W,2,5,0.25,0.5,0.3333333333333333,0.5,1.0,0.6131471927654584,4,1
sem_50_64,semantic,target_acts,q4eu_050,H,W,2,10,0.16666666666666666,0.5,0.25,0.5,1.0,0.6131471927654584,6,1
sem_50_64,semantic,target_acts,q4eu_051,L,W,5,5,0.6666666666666666,0.8,0.7272727272727272,0.6,1.0,0.8435378753444459,6,4
sem_50_64,semantic,target_acts,q4eu_051,L,W,5,10,0.4,0.8,0.5333333333333333,0.6,1.0,0.8435378753444459,10,4
sem_50_64,semantic,target_acts,q4eu_052,H,W,1,5,0.25,1.0,0.4,1.0,1.0,1.0,4,1
sem_50_64,semantic,target_acts,q4eu_052,H,W,1,10,0.14285714285714285,1.0,0.25,1.0,1.0,1.0,7,1
sem_50_64,semantic,target_acts,q4eu_053,N,W,2,5,0.2,0.5,0.28571428571428575,0.5,1.0,0.6131471927654584,5,1
sem_50_64,semantic,target_acts,q4eu_053,N,W,2,10,0.14285714285714285,0.5,0.22222222222222224,0.5,1.0,0.6131471927654584,7,1
sem_50_64,semantic,target_acts,q4eu_054,L,W,4,5,0.2,0.25,0.22222222222222224,0.25,0.25,0.16812753627111746,5,1
sem_50_64,semantic,target_acts,q4eu_054,L,W,4,10,0.125,0.25,0.16666666666666666,0.25,0.25,0.16812753627111746,8,1
sem_50_64,semantic,target_acts,q4eu_055,H,W,1,5,0.25,1.0,0.4,1.0,1.0,1.0,4,1
sem_50_64,semantic,target_acts,q4eu_055,H,W,1,10,0.125,1.0,0.2222222222222222,1.0,1.0,1.0,8,1
sem_50_64,semantic,target_acts,q4eu_056,L,W,4,5,0.5,0.25,0.3333333333333333,0.25,1.0,0.6131471927654584,2,1
sem_50_64,semantic,target_acts,q4eu_056,L,W,4,10,0.2857142857142857,0.5,0.36363636363636365,0.25,1.0,0.5205067333228022,7,2
sem_50_64,semantic,target_acts,q4eu_057,N,W,4,5,0.6,0.75,0.6666666666666665,0.5,0.5,0.592512031964586,5,3
sem_50_64,semantic,target_acts,q4eu_057,N,W,4,10,0.375,0.75,0.5,0.5,0.5,0.592512031964586,8,3
sem_50_64,semantic,target_acts,q4eu_058,N,W,4,5,0.3333333333333333,0.25,0.28571428571428575,0.25,0.5,0.2960819109658652,3,1
sem_50_64,semantic,target_acts,q4eu_058,N,W,4,10,0.25,0.5,0.3333333333333333,0.5,0.5,0.4144299250118475,8,2
sem_50_64,semantic,target_acts,q4eu_059,H,W,3,5,0.25,0.3333333333333333,0.28571428571428575,0.3333333333333333,1.0,0.46927872602275644,4,1
sem_50_64,semantic,target_acts,q4eu_059,H,W,3,10,0.125,0.3333333333333333,0.18181818181818182,0.3333333333333333,1.0,0.46927872602275644,8,1
sem_50_64,semantic,target_acts,q4eu_060,L,W,4,5,0.0,0.0,0.0,0.0,0.0,0.0,4,0
sem_50_64,semantic,target_acts,q4eu_060,L,W,4,10,0.14285714285714285,0.25,0.18181818181818182,0.0,0.14285714285714285,0.13012668333070054,7,1
sem_50_64,semantic,target_acts,q4eu_061,H,W,2,5,0.2,0.5,0.28571428571428575,0.5,1.0,0.6131471927654584,5,1
sem_50_64,semantic,target_acts,q4eu_061,H,W,2,10,0.125,0.5,0.2,0.5,1.0,0.6131471927654584,8,1
sem_50_64,semantic,target_acts,q4eu_062,H,W,2,5,0.2,0.5,0.28571428571428575,0.5,1.0,0.6131471927654584,5,1
sem_50_64,semantic,target_acts,q4eu_062,H,W,2,10,0.14285714285714285,0.5,0.22222222222222224,0.5,1.0,0.6131471927654584,7,1
sem_50_64,semantic,target_acts,q4eu_063,N,W,2,5,0.3333333333333333,0.5,0.4,0.5,1.0,0.6131471927654584,3,1
sem_50_64,semantic,target_acts,q4eu_063,N,W,2,10,0.16666666666666666,0.5,0.25,0.5,1.0,0.6131471927654584,6,1
sem_50_64,semantic,target_acts,q4eu_064,N,W,3,5,0.6666666666666666,0.6666666666666666,0.6666666666666666,0.6666666666666666,1.0,0.7653606369886217,3,2
sem_50_64,semantic,target_acts,q4eu_064,N,W,3,10,0.25,0.6666666666666666,0.36363636363636365,0.6666666666666666,1.0,0.7653606369886217,8,2
sem_50_64,semantic,target_acts,q4eu_065,L,W,6,5,0.6666666666666666,0.3333333333333333,0.4444444444444444,0.3333333333333333,1.0,0.7653606369886217,3,2
sem_50_64,semantic,target_acts,q4eu_065,L,W,6,10,0.5714285714285714,0.6666666666666666,0.6153846153846153,0.5,1.0,0.7114533439819829,7,4
sem_50_64,semantic,target_acts,q4eu_066,H,W,1,5,0.16666666666666666,1.0,0.2857142857142857,1.0,1.0,1.0,6,1
sem_50_64,semantic,target_acts,q4eu_066,H,W,1,10,0.09090909090909091,1.0,0.16666666666666669,1.0,1.0,1.0,11,1
sem_50_64,semantic,target_acts,q4eu_067,L,W,3,5,0.3333333333333333,0.3333333333333333,0.3333333333333333,0.3333333333333333,1.0,0.46927872602275644,3,1
sem_50_64,semantic,target_acts,q4eu_067,L,W,3,10,0.25,0.3333333333333333,0.28571428571428575,0.3333333333333333,1.0,0.46927872602275644,4,1
sem_50_64,semantic,target_acts,q4eu_068,L,B;RI;RII,6,5,0.2,0.16666666666666666,0.1818181818181818,0.16666666666666666,0.2,0.13120507751234178,5,1
sem_50_64,semantic,target_acts,q4eu_068,L,B;RI;RII,6,10,0.1,0.16666666666666666,0.125,0.16666666666666666,0.2,0.11706259313796355,10,1
sem_50_64,semantic,target_acts,q4eu_069,L,RI,5,5,0.4,0.4,0.4000000000000001,0.4,0.5,0.38356636737133565,5,2
sem_50_64,semantic,target_acts,q4eu_069,L,RI,5,10,0.2222222222222222,0.4,0.2857142857142857,0.4,0.5,0.38356636737133565,9,2
sem_50_64,semantic,target_acts,q4eu_070,H,RII,4,5,0.75,0.75,0.75,0.75,1.0,0.8318724637288826,4,3
sem_50_64,semantic,target_acts,q4eu_070,H,RII,4,10,0.42857142857142855,0.75,0.5454545454545454,0.75,1.0,0.8318724637288826,7,3
sem_50_64,semantic,target_acts,q4eu_071,N,B,2,5,0.2,0.5,0.28571428571428575,0.5,1.0,0.6131471927654584,5,1
sem_50_64,semantic,target_acts,q4eu_071,N,B,2,10,0.1111111111111111,0.5,0.1818181818181818,0.5,1.0,0.6131471927654584,9,1
sem_50_64,semantic,target_acts,q4eu_072,L,G,3,5,0.2857142857142857,0.6666666666666666,0.4,0.3333333333333333,0.5,0.4525081529734507,7,2
sem_50_64,semantic,target_acts,q4eu_072,L,G,3,10,0.23076923076923078,1.0,0.375,0.3333333333333333,0.5,0.5793251698058443,13,3
sem_70_128,semantic,all_acts,q4eu_001,H,E,3,5,0.75,1.0,0.8571428571428571,1.0,1.0,1.0,4,3
sem_70_128,semantic,all_acts,q4eu_001,H,E,3,10,0.375,1.0,0.5454545454545454,1.0,1.0,1.0,8,3
sem_70_128,semantic,all_acts,q4eu_002,N,E,2,5,0.125,0.5,0.2,0.0,0.25,0.2640681225725909,8,1
sem_70_128,semantic,all_acts,q4eu_002,N,E,2,10,0.15384615384615385,1.0,0.2666666666666667,0.0,0.25,0.435101206640309,13,2
sem_70_128,semantic,all_acts,q4eu_003,L,E,2,5,0.16666666666666666,0.5,0.25,0.0,0.25,0.2640681225725909,6,1
sem_70_128,semantic,all_acts,q4eu_003,L,E,2,10,0.2,1.0,0.33333333333333337,0.0,0.25,0.44130740935663865,10,2
sem_70_128,semantic,all_acts,q4eu_004,N,E,2,5,0.5,1.0,0.6666666666666666,0.5,1.0,0.8772153153380493,4,2
sem_70_128,semantic,all_acts,q4eu_004,N,E,2,10,0.3333333333333333,1.0,0.5,0.5,1.0,0.8772153153380493,6,2
sem_70_128,semantic,all_acts,q4eu_005,L,E,2,5,0.16666666666666666,0.5,0.25,0.5,1.0,0.6131471927654584,6,1
sem_70_128,semantic,all_acts,q4eu_005,L,E,2,10,0.2,1.0,0.33333333333333337,0.5,1.0,0.7977228895450266,10,2
sem_70_128,semantic,all_acts,q4eu_006,N,E,2,5,0.3333333333333333,1.0,0.5,1.0,1.0,1.0,6,2
sem_70_128,semantic,all_acts,q4eu_006,N,E,2,10,0.18181818181818182,1.0,0.3076923076923077,1.0,1.0,1.0,11,2
sem_70_128,semantic,all_acts,q4eu_007,H,E,1,5,0.25,1.0,0.4,1.0,1.0,1.0,4,1
sem_70_128,semantic,all_acts,q4eu_007,H,E,1,10,0.125,1.0,0.2222222222222222,1.0,1.0,1.0,8,1
sem_70_128,semantic,all_acts,q4eu_008,L,E,2,5,0.0,0.0,0.0,0.0,0.0,0.0,6,0
sem_70_128,semantic,all_acts,q4eu_008,L,E,2,10,0.0,0.0,0.0,0.0,0.0,0.0,11,0
sem_70_128,semantic,all_acts,q4eu_009,H,E,2,5,0.5,1.0,0.6666666666666666,0.5,1.0,0.8772153153380493,4,2
sem_70_128,semantic,all_acts,q4eu_009,H,E,2,10,0.2222222222222222,1.0,0.3636363636363636,0.5,1.0,0.8772153153380493,9,2
sem_70_128,semantic,all_acts,q4eu_010,H,E,1,5,0.3333333333333333,1.0,0.5,1.0,1.0,1.0,3,1
sem_70_128,semantic,all_acts,q4eu_010,H,E,1,10,0.14285714285714285,1.0,0.25,1.0,1.0,1.0,7,1
sem_70_128,semantic,all_acts,q4eu_011,L,E,5,5,0.42857142857142855,0.6,0.5,0.2,0.2,0.36506978196970796,7,3
sem_70_128,semantic,all_acts,q4eu_011,L,E,5,10,0.23076923076923078,0.6,0.33333333333333337,0.2,0.2,0.36506978196970796,13,3
sem_70_128,semantic,all_acts,q4eu_012,N,E,4,5,0.75,0.75,0.75,0.75,1.0,0.8318724637288826,4,3
sem_70_128,semantic,all_acts,q4eu_012,N,E,4,10,0.8,1.0,0.888888888888889,0.75,1.0,0.9828920819566879,5,4
sem_70_128,semantic,all_acts,q4eu_013,N,E,2,5,0.6666666666666666,1.0,0.8,1.0,1.0,1.0,3,2
sem_70_128,semantic,all_acts,q4eu_013,N,E,2,10,0.3333333333333333,1.0,0.5,1.0,1.0,1.0,6,2
sem_70_128,semantic,all_acts,q4eu_014,N,E,2,5,0.5,1.0,0.6666666666666666,0.5,1.0,0.8772153153380493,4,2
sem_70_128,semantic,all_acts,q4eu_014,N,E,2,10,0.2222222222222222,1.0,0.3636363636363636,0.5,1.0,0.8772153153380493,9,2
sem_70_128,semantic,all_acts,q4eu_015,H,E,1,5,0.25,1.0,0.4,1.0,1.0,1.0,4,1
sem_70_128,semantic,all_acts,q4eu_015,H,E,1,10,0.1,1.0,0.18181818181818182,1.0,1.0,1.0,10,1
sem_70_128,semantic,all_acts,q4eu_016,N,E,2,5,0.25,0.5,0.3333333333333333,0.5,1.0,0.6131471927654584,4,1
sem_70_128,semantic,all_acts,q4eu_016,N,E,2,10,0.25,1.0,0.4,0.5,1.0,0.8175295903539445,8,2
sem_70_128,semantic,all_acts,q4eu_017,L,E,2,5,0.5,1.0,0.6666666666666666,0.5,0.5,0.6509209298071326,4,2
sem_70_128,semantic,all_acts,q4eu_017,L,E,2,10,0.2222222222222222,1.0,0.3636363636363636,0.5,0.5,0.6509209298071326,9,2
sem_70_128,semantic,all_acts,q4eu_018,H,G,1,5,0.25,1.0,0.4,0.0,0.5,0.6309297535714575,4,1
sem_70_128,semantic,all_acts,q4eu_018,H,G,1,10,0.16666666666666666,1.0,0.2857142857142857,0.0,0.5,0.6309297535714575,6,1
sem_70_128,semantic,all_acts,q4eu_019,N,G,1,5,0.0,0.0,0.0,0.0,0.0,0.0,4,0
sem_70_128,semantic,all_acts,q4eu_019,N,G,1,10,0.14285714285714285,1.0,0.25,0.0,0.2,0.38685280723454163,7,1
sem_70_128,semantic,all_acts,q4eu_020,L,G,6,5,0.6666666666666666,0.3333333333333333,0.4444444444444444,0.3333333333333333,1.0,0.7653606369886217,3,2
sem_70_128,semantic,all_acts,q4eu_020,L,G,6,10,0.6666666666666666,0.6666666666666666,0.6666666666666666,0.6666666666666666,1.0,0.7409096387260824,6,4
sem_70_128,semantic,all_acts,q4eu_021,N,G,2,5,0.0,0.0,0.0,0.0,0.0,0.0,3,0
sem_70_128,semantic,all_acts,q4eu_021,N,G,2,10,0.16666666666666666,0.5,0.25,0.0,0.2,0.23719771276929622,6,1
sem_70_128,semantic,all_acts,q4eu_022,L,G,5,5,0.3333333333333333,0.2,0.25,0.2,0.5,0.2960819109658652,3,1
sem_70_128,semantic,all_acts,q4eu_022,L,G,5,10,0.2857142857142857,0.4,0.3333333333333333,0.2,0.5,0.3347975674340217,7,2
sem_70_128,semantic,all_acts,q4eu_023,N,G,2,5,0.2,0.5,0.28571428571428575,0.5,1.0,0.6131471927654584,5,1
sem_70_128,semantic,all_acts,q4eu_023,N,G,2,10,0.1,0.5,0.16666666666666669,0.5,1.0,0.6131471927654584,10,1
sem_70_128,semantic,all_acts,q4eu_024,H,G,3,5,0.6,1.0,0.7499999999999999,0.6666666666666666,0.5,0.7122630665145961,5,3
sem_70_128,semantic,all_acts,q4eu_024,H,G,3,10,0.3333333333333333,1.0,0.5,0.6666666666666666,0.5,0.7122630665145961,9,3
sem_70_128,semantic,all_acts,q4eu_025,L,G,8,5,0.4,0.25,0.3076923076923077,0.25,0.5,0.36005461457723403,5,2
sem_70_128,semantic,all_acts,q4eu_025,L,G,8,10,0.375,0.375,0.375,0.375,0.5,0.35862557839501996,8,3
sem_70_128,semantic,all_acts,q4eu_026,H,G,1,5,0.25,1.0,0.4,1.0,1.0,1.0,4,1
sem_70_128,semantic,all_acts,q4eu_026,H,G,1,10,0.125,1.0,0.2222222222222222,1.0,1.0,1.0,8,1
sem_70_128,semantic,all_acts,q4eu_027,H,G,1,5,0.3333333333333333,1.0,0.5,1.0,1.0,1.0,3,1
sem_70_128,semantic,all_acts,q4eu_027,H,G,1,10,0.1111111111111111,1.0,0.19999999999999998,1.0,1.0,1.0,9,1
sem_70_128,semantic,all_acts,q4eu_028,N,G,4,5,0.4,0.5,0.4444444444444445,0.5,1.0,0.5855700749881525,5,2
sem_70_128,semantic,all_acts,q4eu_028,N,G,4,10,0.2222222222222222,0.5,0.30769230769230765,0.5,1.0,0.5855700749881525,9,2
sem_70_128,semantic,all_acts,q4eu_029,N,G,2,5,0.3333333333333333,0.5,0.4,0.5,1.0,0.6131471927654584,3,1
sem_70_128,semantic,all_acts,q4eu_029,N,G,2,10,0.14285714285714285,0.5,0.22222222222222224,0.5,1.0,0.6131471927654584,7,1
sem_70_128,semantic,all_acts,q4eu_030,N,G,4,5,0.2,0.25,0.22222222222222224,0.25,0.3333333333333333,0.19519002499605084,5,1
sem_70_128,semantic,all_acts,q4eu_030,N,G,4,10,0.18181818181818182,0.5,0.26666666666666666,0.25,0.3333333333333333,0.30408378606428305,11,2
sem_70_128,semantic,all_acts,q4eu_031,H,G,3,5,0.25,0.3333333333333333,0.28571428571428575,0.3333333333333333,1.0,0.46927872602275644,4,1
sem_70_128,semantic,all_acts,q4eu_031,H,G,3,10,0.25,0.6666666666666666,0.36363636363636365,0.3333333333333333,1.0,0.617319681505689,8,2
sem_70_128,semantic,all_acts,q4eu_032,N,G,3,5,0.4,0.6666666666666666,0.5,0.6666666666666666,1.0,0.7039180890341347,5,2
sem_70_128,semantic,all_acts,q4eu_032,N,G,3,10,0.3333333333333333,1.0,0.5,0.6666666666666666,1.0,0.8710785440003369,9,3
sem_70_128,semantic,all_acts,q4eu_033,L,G,6,5,1.0,0.8333333333333334,0.9090909090909091,0.8333333333333334,1.0,1.0,5,5
sem_70_128,semantic,all_acts,q4eu_033,L,G,6,10,0.8571428571428571,1.0,0.923076923076923,1.0,1.0,1.0,7,6
sem_70_128,semantic,all_acts,q4eu_034,L,B,3,5,0.0,0.0,0.0,0.0,0.0,0.0,5,0
sem_70_128,semantic,all_acts,q4eu_034,L,B,3,10,0.0,0.0,0.0,0.0,0.0,0.0,10,0
sem_70_128,semantic,all_acts,q4eu_035,N,B,4,5,0.16666666666666666,0.25,0.2,0.25,0.25,0.16812753627111746,6,1
sem_70_128,semantic,all_acts,q4eu_035,N,B,4,10,0.125,0.25,0.16666666666666666,0.25,0.25,0.16812753627111746,8,1
sem_70_128,semantic,all_acts,q4eu_036,N,RI,4,5,0.16666666666666666,0.25,0.2,0.25,1.0,0.3903800499921017,6,1
sem_70_128,semantic,all_acts,q4eu_036,N,RI,4,10,0.09090909090909091,0.25,0.13333333333333333,0.25,1.0,0.3903800499921017,11,1
sem_70_128,semantic,all_acts,q4eu_037,H,B,3,5,0.6,1.0,0.7499999999999999,0.6666666666666666,0.5,0.7122630665145961,5,3
sem_70_128,semantic,all_acts,q4eu_037,H,B,3,10,0.2727272727272727,1.0,0.42857142857142855,0.6666666666666666,0.5,0.7122630665145961,11,3
sem_70_128,semantic,all_acts,q4eu_038,H,B,3,5,0.4,0.6666666666666666,0.5,0.6666666666666666,1.0,0.7653606369886217,5,2
sem_70_128,semantic,all_acts,q4eu_038,H,B,3,10,0.2,0.6666666666666666,0.30769230769230765,0.6666666666666666,1.0,0.7653606369886217,10,2
sem_70_128,semantic,all_acts,q4eu_039,N,RII,22,5,0.6666666666666666,0.18181818181818182,0.28571428571428575,0.18181818181818182,0.3333333333333333,0.5064767203222519,6,4
sem_70_128,semantic,all_acts,q4eu_039,N,RII,22,10,0.4444444444444444,0.18181818181818182,0.2580645161290322,0.18181818181818182,0.3333333333333333,0.39340432753771526,9,4
sem_70_128,semantic,all_acts,q4eu_040,H,RI,4,5,0.4,0.5,0.4444444444444445,0.5,1.0,0.5585075862632192,5,2
sem_70_128,semantic,all_acts,q4eu_040,H,RI,4,10,0.2,0.5,0.28571428571428575,0.5,1.0,0.5585075862632192,10,2
sem_70_128,semantic,all_acts,q4eu_041,N,B,5,5,0.6,0.6,0.6,0.6,0.5,0.5296347172140421,5,3
sem_70_128,semantic,all_acts,q4eu_041,N,B,5,10,0.3,0.6,0.4,0.6,0.5,0.5296347172140421,10,3
sem_70_128,semantic,all_acts,q4eu_042,L,RI,2,5,0.4,1.0,0.5714285714285715,0.5,1.0,0.8503449055347546,5,2
sem_70_128,semantic,all_acts,q4eu_042,L,RI,2,10,0.2222222222222222,1.0,0.3636363636363636,0.5,1.0,0.8503449055347546,9,2
sem_70_128,semantic,all_acts,q4eu_043,N,B;RI,2,5,0.4,1.0,0.5714285714285715,1.0,1.0,1.0,5,2
sem_70_128,semantic,all_acts,q4eu_043,N,B;RI,2,10,0.2222222222222222,1.0,0.3636363636363636,1.0,1.0,1.0,9,2
sem_70_128,semantic,all_acts,q4eu_044,L,RI,4,5,0.3333333333333333,0.5,0.4,0.5,1.0,0.6366824387328317,6,2
sem_70_128,semantic,all_acts,q4eu_044,L,RI,4,10,0.18181818181818182,0.5,0.26666666666666666,0.5,1.0,0.6366824387328317,11,2
sem_70_128,semantic,all_acts,q4eu_045,N,B,4,5,0.5,0.75,0.6,0.5,1.0,0.787702056960637,6,3
sem_70_128,semantic,all_acts,q4eu_045,N,B,4,10,0.2727272727272727,0.75,0.39999999999999997,0.5,1.0,0.787702056960637,11,3
sem_70_128,semantic,all_acts,q4eu_046,H,B,5,5,0.6,0.6,0.6,0.6,1.0,0.7227265726449519,5,3
sem_70_128,semantic,all_acts,q4eu_046,H,B,5,10,0.3333333333333333,0.6,0.42857142857142855,0.6,1.0,0.7227265726449519,9,3
sem_70_128,semantic,all_acts,q4eu_047,N,W,5,5,0.2,0.2,0.20000000000000004,0.2,1.0,0.3391602052736161,5,1
sem_70_128,semantic,all_acts,q4eu_047,N,W,5,10,0.2222222222222222,0.4,0.2857142857142857,0.2,1.0,0.4599715079731103,9,2
sem_70_128,semantic,all_acts,q4eu_048,L,W,3,5,0.25,0.3333333333333333,0.28571428571428575,0.3333333333333333,1.0,0.46927872602275644,4,1
sem_70_128,semantic,all_acts,q4eu_048,L,W,3,10,0.14285714285714285,0.3333333333333333,0.2,0.3333333333333333,1.0,0.46927872602275644,7,1
sem_70_128,semantic,all_acts,q4eu_049,N,W,3,5,0.25,0.3333333333333333,0.28571428571428575,0.3333333333333333,1.0,0.46927872602275644,4,1
sem_70_128,semantic,all_acts,q4eu_049,N,W,3,10,0.125,0.3333333333333333,0.18181818181818182,0.3333333333333333,1.0,0.46927872602275644,8,1
sem_70_128,semantic,all_acts,q4eu_050,H,W,2,5,0.2,0.5,0.28571428571428575,0.5,1.0,0.6131471927654584,5,1
sem_70_128,semantic,all_acts,q4eu_050,H,W,2,10,0.14285714285714285,0.5,0.22222222222222224,0.5,1.0,0.6131471927654584,7,1
sem_70_128,semantic,all_acts,q4eu_051,L,W,5,5,0.6,0.6,0.6,0.6,1.0,0.7227265726449519,5,3
sem_70_128,semantic,all_acts,q4eu_051,L,W,5,10,0.3076923076923077,0.8,0.4444444444444444,0.6,1.0,0.8143806005732847,13,4
sem_70_128,semantic,all_acts,q4eu_052,H,W,1,5,0.2,1.0,0.33333333333333337,0.0,0.25,0.43067655807339306,5,1
sem_70_128,semantic,all_acts,q4eu_052,H,W,1,10,0.125,1.0,0.2222222222222222,0.0,0.25,0.43067655807339306,8,1
sem_70_128,semantic,all_acts,q4eu_053,N,W,2,5,0.2,0.5,0.28571428571428575,0.5,1.0,0.6131471927654584,5,1
sem_70_128,semantic,all_acts,q4eu_053,N,W,2,10,0.14285714285714285,0.5,0.22222222222222224,0.5,1.0,0.6131471927654584,7,1
sem_70_128,semantic,all_acts,q4eu_054,L,W,4,5,0.2,0.25,0.22222222222222224,0.25,0.25,0.16812753627111746,5,1
sem_70_128,semantic,all_acts,q4eu_054,L,W,4,10,0.14285714285714285,0.25,0.18181818181818182,0.25,0.25,0.16812753627111746,7,1
sem_70_128,semantic,all_acts,q4eu_055,H,W,1,5,0.25,1.0,0.4,0.0,0.5,0.6309297535714575,4,1
sem_70_128,semantic,all_acts,q4eu_055,H,W,1,10,0.1111111111111111,1.0,0.19999999999999998,0.0,0.5,0.6309297535714575,9,1
sem_70_128,semantic,all_acts,q4eu_056,L,W,4,5,0.5,0.25,0.3333333333333333,0.25,1.0,0.6131471927654584,2,1
sem_70_128,semantic,all_acts,q4eu_056,L,W,4,10,0.5,0.75,0.6,0.25,1.0,0.6804558477306826,6,3
sem_70_128,semantic,all_acts,q4eu_057,N,W,4,5,0.5,0.5,0.5,0.5,0.5,0.4144299250118475,4,2
sem_70_128,semantic,all_acts,q4eu_057,N,W,4,10,0.375,0.75,0.5,0.5,0.5,0.5654495432396527,8,3
sem_70_128,semantic,all_acts,q4eu_058,N,W,4,5,0.3333333333333333,0.25,0.28571428571428575,0.25,0.5,0.2960819109658652,3,1
sem_70_128,semantic,all_acts,q4eu_058,N,W,4,10,0.3333333333333333,0.5,0.4,0.5,0.5,0.4144299250118475,6,2
sem_70_128,semantic,all_acts,q4eu_059,H,W,3,5,0.25,0.3333333333333333,0.28571428571428575,0.3333333333333333,1.0,0.46927872602275644,4,1
sem_70_128,semantic,all_acts,q4eu_059,H,W,3,10,0.1111111111111111,0.3333333333333333,0.16666666666666666,0.3333333333333333,1.0,0.46927872602275644,9,1
sem_70_128,semantic,all_acts,q4eu_060,L,W,4,5,0.0,0.0,0.0,0.0,0.0,0.0,5,0
sem_70_128,semantic,all_acts,q4eu_060,L,W,4,10,0.0,0.0,0.0,0.0,0.0,0.0,11,0
sem_70_128,semantic,all_acts,q4eu_061,H,W,2,5,0.2,0.5,0.28571428571428575,0.5,1.0,0.6131471927654584,5,1
sem_70_128,semantic,all_acts,q4eu_061,H,W,2,10,0.18181818181818182,1.0,0.3076923076923077,0.5,1.0,0.7977228895450266,11,2
sem_70_128,semantic,all_acts,q4eu_062,H,W,2,5,0.25,0.5,0.3333333333333333,0.5,1.0,0.6131471927654584,4,1
sem_70_128,semantic,all_acts,q4eu_062,H,W,2,10,0.1111111111111111,0.5,0.1818181818181818,0.5,1.0,0.6131471927654584,9,1
sem_70_128,semantic,all_acts,q4eu_063,N,W,2,5,0.25,0.5,0.3333333333333333,0.5,1.0,0.6131471927654584,4,1
sem_70_128,semantic,all_acts,q4eu_063,N,W,2,10,0.125,0.5,0.2,0.5,1.0,0.6131471927654584,8,1
sem_70_128,semantic,all_acts,q4eu_064,N,W,3,5,0.75,1.0,0.8571428571428571,0.6666666666666666,1.0,0.9060254355346823,4,3
sem_70_128,semantic,all_acts,q4eu_064,N,W,3,10,0.3333333333333333,1.0,0.5,0.6666666666666666,1.0,0.9060254355346823,9,3
sem_70_128,semantic,all_acts,q4eu_065,L,W,6,5,0.4,0.3333333333333333,0.3636363636363636,0.3333333333333333,1.0,0.5531464700081437,5,2
sem_70_128,semantic,all_acts,q4eu_065,L,W,6,10,0.4,0.6666666666666666,0.5,0.3333333333333333,1.0,0.6800761159906735,10,4
sem_70_128,semantic,all_acts,q4eu_066,H,W,1,5,0.2,1.0,0.33333333333333337,1.0,1.0,1.0,5,1
sem_70_128,semantic,all_acts,q4eu_066,H,W,1,10,0.07692307692307693,1.0,0.14285714285714288,1.0,1.0,1.0,13,1
sem_70_128,semantic,all_acts,q4eu_067,L,W,3,5,0.3333333333333333,0.3333333333333333,0.3333333333333333,0.3333333333333333,0.5,0.2960819109658652,3,1
sem_70_128,semantic,all_acts,q4eu_067,L,W,3,10,0.125,0.3333333333333333,0.18181818181818182,0.3333333333333333,0.5,0.2960819109658652,8,1
sem_70_128,semantic,all_acts,q4eu_068,L,B;RI;RII,6,5,0.0,0.0,0.0,0.0,0.0,0.0,5,0
sem_70_128,semantic,all_acts,q4eu_068,L,B;RI;RII,6,10,0.18181818181818182,0.3333333333333333,0.23529411764705885,0.16666666666666666,0.16666666666666666,0.19526086862591915,11,2
sem_70_128,semantic,all_acts,q4eu_069,L,RI,5,5,0.16666666666666666,0.2,0.1818181818181818,0.0,0.16666666666666666,0.1208113026994942,6,1
sem_70_128,semantic,all_acts,q4eu_069,L,RI,5,10,0.15384615384615385,0.4,0.2222222222222222,0.0,0.16666666666666666,0.22290869782240583,13,2
sem_70_128,semantic,all_acts,q4eu_070,H,RII,4,5,0.3333333333333333,0.5,0.4,0.25,0.3333333333333333,0.34620964322385606,6,2
sem_70_128,semantic,all_acts,q4eu_070,H,RII,4,10,0.3,0.75,0.4285714285714285,0.25,0.3333333333333333,0.4693608375942211,10,3
sem_70_128,semantic,all_acts,q4eu_071,N,B,2,5,0.16666666666666666,0.5,0.25,0.0,0.2,0.23719771276929622,6,1
sem_70_128,semantic,all_acts,q4eu_071,N,B,2,10,0.1,0.5,0.16666666666666669,0.0,0.2,0.23719771276929622,10,1
sem_70_128,semantic,all_acts,q4eu_072,L,G,3,5,0.4,0.6666666666666666,0.5,0.6666666666666666,0.5,0.5307212739772434,5,2
sem_70_128,semantic,all_acts,q4eu_072,L,G,3,10,0.18181818181818182,0.6666666666666666,0.28571428571428575,0.6666666666666666,0.5,0.5307212739772434,11,2
sem_70_128,semantic,pil_acts,q4eu_034,L,B,3,5,0.0,0.0,0.0,0.0,0.0,0.0,5,0
sem_70_128,semantic,pil_acts,q4eu_034,L,B,3,10,0.0,0.0,0.0,0.0,0.0,0.0,10,0
sem_70_128,semantic,pil_acts,q4eu_035,N,B,4,5,0.16666666666666666,0.25,0.2,0.25,0.25,0.16812753627111746,6,1
sem_70_128,semantic,pil_acts,q4eu_035,N,B,4,10,0.125,0.25,0.16666666666666666,0.25,0.25,0.16812753627111746,8,1
sem_70_128,semantic,pil_acts,q4eu_036,N,RI,4,5,0.16666666666666666,0.25,0.2,0.25,1.0,0.3903800499921017,6,1
sem_70_128,semantic,pil_acts,q4eu_036,N,RI,4,10,0.09090909090909091,0.25,0.13333333333333333,0.25,1.0,0.3903800499921017,11,1
sem_70_128,semantic,pil_acts,q4eu_037,H,B,3,5,0.6,1.0,0.7499999999999999,0.6666666666666666,1.0,0.9674679834891693,5,3
sem_70_128,semantic,pil_acts,q4eu_037,H,B,3,10,0.2727272727272727,1.0,0.42857142857142855,0.6666666666666666,1.0,0.9674679834891693,11,3
sem_70_128,semantic,pil_acts,q4eu_038,H,B,3,5,0.4,0.6666666666666666,0.5,0.6666666666666666,1.0,0.7653606369886217,5,2
sem_70_128,semantic,pil_acts,q4eu_038,H,B,3,10,0.2,0.6666666666666666,0.30769230769230765,0.6666666666666666,1.0,0.7653606369886217,10,2
sem_70_128,semantic,pil_acts,q4eu_039,N,RII,22,5,0.6666666666666666,0.18181818181818182,0.28571428571428575,0.18181818181818182,0.3333333333333333,0.5064767203222519,6,4
sem_70_128,semantic,pil_acts,q4eu_039,N,RII,22,10,0.4444444444444444,0.18181818181818182,0.2580645161290322,0.18181818181818182,0.3333333333333333,0.39340432753771526,9,4
sem_70_128,semantic,pil_acts,q4eu_040,H,RI,4,5,0.4,0.5,0.4444444444444445,0.5,1.0,0.5585075862632192,5,2
sem_70_128,semantic,pil_acts,q4eu_040,H,RI,4,10,0.2,0.5,0.28571428571428575,0.5,1.0,0.5585075862632192,10,2
sem_70_128,semantic,pil_acts,q4eu_041,N,B,5,5,0.6,0.6,0.6,0.6,0.5,0.5296347172140421,5,3
sem_70_128,semantic,pil_acts,q4eu_041,N,B,5,10,0.3,0.6,0.4,0.6,0.5,0.5296347172140421,10,3
sem_70_128,semantic,pil_acts,q4eu_042,L,RI,2,5,0.4,1.0,0.5714285714285715,0.5,1.0,0.8503449055347546,5,2
sem_70_128,semantic,pil_acts,q4eu_042,L,RI,2,10,0.2222222222222222,1.0,0.3636363636363636,0.5,1.0,0.8503449055347546,9,2
sem_70_128,semantic,pil_acts,q4eu_043,N,B;RI,2,5,0.4,1.0,0.5714285714285715,1.0,1.0,1.0,5,2
sem_70_128,semantic,pil_acts,q4eu_043,N,B;RI,2,10,0.2222222222222222,1.0,0.3636363636363636,1.0,1.0,1.0,9,2
sem_70_128,semantic,pil_acts,q4eu_044,L,RI,4,5,0.4,0.5,0.4444444444444445,0.5,1.0,0.6366824387328317,5,2
sem_70_128,semantic,pil_acts,q4eu_044,L,RI,4,10,0.2,0.5,0.28571428571428575,0.5,1.0,0.6366824387328317,10,2
sem_70_128,semantic,pil_acts,q4eu_045,N,B,4,5,0.5,0.75,0.6,0.5,1.0,0.787702056960637,6,3
sem_70_128,semantic,pil_acts,q4eu_045,N,B,4,10,0.36363636363636365,1.0,0.5333333333333333,0.5,1.0,0.8965958180288691,11,4
sem_70_128,semantic,pil_acts,q4eu_046,H,B,5,5,0.6,0.6,0.6,0.6,1.0,0.7227265726449519,5,3
sem_70_128,semantic,pil_acts,q4eu_046,H,B,5,10,0.3333333333333333,0.6,0.42857142857142855,0.6,1.0,0.7227265726449519,9,3
sem_70_128,semantic,pil_acts,q4eu_068,L,B;RI;RII,6,5,0.16666666666666666,0.16666666666666666,0.16666666666666666,0.16666666666666666,0.25,0.13032376591037065,6,1
sem_70_128,semantic,pil_acts,q4eu_068,L,B;RI;RII,6,10,0.2727272727272727,0.5,0.3529411764705882,0.16666666666666666,0.25,0.31560004565914207,11,3
sem_70_128,semantic,pil_acts,q4eu_069,L,RI,5,5,0.16666666666666666,0.2,0.1818181818181818,0.0,0.16666666666666666,0.1208113026994942,6,1
sem_70_128,semantic,pil_acts,q4eu_069,L,RI,5,10,0.15384615384615385,0.4,0.2222222222222222,0.0,0.16666666666666666,0.22290869782240583,13,2
sem_70_128,semantic,pil_acts,q4eu_070,H,RII,4,5,0.3333333333333333,0.5,0.4,0.25,0.3333333333333333,0.34620964322385606,6,2
sem_70_128,semantic,pil_acts,q4eu_070,H,RII,4,10,0.3,0.75,0.4285714285714285,0.25,0.3333333333333333,0.4693608375942211,10,3
sem_70_128,semantic,pil_acts,q4eu_071,N,B,2,5,0.16666666666666666,0.5,0.25,0.0,0.2,0.23719771276929622,6,1
sem_70_128,semantic,pil_acts,q4eu_071,N,B,2,10,0.1,0.5,0.16666666666666669,0.0,0.2,0.23719771276929622,10,1
sem_70_128,semantic,target_acts,q4eu_001,H,E,3,5,0.75,1.0,0.8571428571428571,1.0,1.0,1.0,4,3
sem_70_128,semantic,target_acts,q4eu_001,H,E,3,10,0.375,1.0,0.5454545454545454,1.0,1.0,1.0,8,3
sem_70_128,semantic,target_acts,q4eu_002,N,E,2,5,0.125,0.5,0.2,0.0,0.25,0.2640681225725909,8,1
sem_70_128,semantic,target_acts,q4eu_002,N,E,2,10,0.15384615384615385,1.0,0.2666666666666667,0.0,0.25,0.435101206640309,13,2
sem_70_128,semantic,target_acts,q4eu_003,L,E,2,5,0.16666666666666666,0.5,0.25,0.0,0.25,0.2640681225725909,6,1
sem_70_128,semantic,target_acts,q4eu_003,L,E,2,10,0.2,1.0,0.33333333333333337,0.0,0.25,0.44130740935663865,10,2
sem_70_128,semantic,target_acts,q4eu_004,N,E,2,5,0.5,1.0,0.6666666666666666,0.5,1.0,0.8772153153380493,4,2
sem_70_128,semantic,target_acts,q4eu_004,N,E,2,10,0.2857142857142857,1.0,0.4444444444444445,0.5,1.0,0.8772153153380493,7,2
sem_70_128,semantic,target_acts,q4eu_005,L,E,2,5,0.16666666666666666,0.5,0.25,0.5,1.0,0.6131471927654584,6,1
sem_70_128,semantic,target_acts,q4eu_005,L,E,2,10,0.2,1.0,0.33333333333333337,0.5,1.0,0.7977228895450266,10,2
sem_70_128,semantic,target_acts,q4eu_006,N,E,2,5,0.3333333333333333,1.0,0.5,1.0,1.0,1.0,6,2
sem_70_128,semantic,target_acts,q4eu_006,N,E,2,10,0.18181818181818182,1.0,0.3076923076923077,1.0,1.0,1.0,11,2
sem_70_128,semantic,target_acts,q4eu_007,H,E,1,5,0.25,1.0,0.4,1.0,1.0,1.0,4,1
sem_70_128,semantic,target_acts,q4eu_007,H,E,1,10,0.125,1.0,0.2222222222222222,1.0,1.0,1.0,8,1
sem_70_128,semantic,target_acts,q4eu_008,L,E,2,5,0.0,0.0,0.0,0.0,0.0,0.0,7,0
sem_70_128,semantic,target_acts,q4eu_008,L,E,2,10,0.0,0.0,0.0,0.0,0.0,0.0,12,0
sem_70_128,semantic,target_acts,q4eu_009,H,E,2,5,0.5,1.0,0.6666666666666666,1.0,1.0,1.0,4,2
sem_70_128,semantic,target_acts,q4eu_009,H,E,2,10,0.3333333333333333,1.0,0.5,1.0,1.0,1.0,6,2
sem_70_128,semantic,target_acts,q4eu_010,H,E,1,5,0.3333333333333333,1.0,0.5,1.0,1.0,1.0,3,1
sem_70_128,semantic,target_acts,q4eu_010,H,E,1,10,0.14285714285714285,1.0,0.25,1.0,1.0,1.0,7,1
sem_70_128,semantic,target_acts,q4eu_011,L,E,5,5,0.42857142857142855,0.6,0.5,0.2,0.2,0.36506978196970796,7,3
sem_70_128,semantic,target_acts,q4eu_011,L,E,5,10,0.23076923076923078,0.6,0.33333333333333337,0.2,0.2,0.36506978196970796,13,3
sem_70_128,semantic,target_acts,q4eu_012,N,E,4,5,0.75,0.75,0.75,0.75,1.0,0.8318724637288826,4,3
sem_70_128,semantic,target_acts,q4eu_012,N,E,4,10,0.8,1.0,0.888888888888889,0.75,1.0,0.9828920819566879,5,4
sem_70_128,semantic,target_acts,q4eu_013,N,E,2,5,0.6666666666666666,1.0,0.8,1.0,1.0,1.0,3,2
sem_70_128,semantic,target_acts,q4eu_013,N,E,2,10,0.3333333333333333,1.0,0.5,1.0,1.0,1.0,6,2
sem_70_128,semantic,target_acts,q4eu_014,N,E,2,5,0.5,1.0,0.6666666666666666,0.5,1.0,0.8772153153380493,4,2
sem_70_128,semantic,target_acts,q4eu_014,N,E,2,10,0.2222222222222222,1.0,0.3636363636363636,0.5,1.0,0.8772153153380493,9,2
sem_70_128,semantic,target_acts,q4eu_015,H,E,1,5,0.25,1.0,0.4,1.0,1.0,1.0,4,1
sem_70_128,semantic,target_acts,q4eu_015,H,E,1,10,0.1,1.0,0.18181818181818182,1.0,1.0,1.0,10,1
sem_70_128,semantic,target_acts,q4eu_016,N,E,2,5,0.25,0.5,0.3333333333333333,0.5,1.0,0.6131471927654584,4,1
sem_70_128,semantic,target_acts,q4eu_016,N,E,2,10,0.25,1.0,0.4,0.5,1.0,0.8175295903539445,8,2
sem_70_128,semantic,target_acts,q4eu_017,L,E,2,5,0.4,1.0,0.5714285714285715,0.5,0.5,0.6934264036172708,5,2
sem_70_128,semantic,target_acts,q4eu_017,L,E,2,10,0.3333333333333333,1.0,0.5,0.5,0.5,0.6934264036172708,6,2
sem_70_128,semantic,target_acts,q4eu_018,H,G,1,5,0.25,1.0,0.4,0.0,0.5,0.6309297535714575,4,1
sem_70_128,semantic,target_acts,q4eu_018,H,G,1,10,0.16666666666666666,1.0,0.2857142857142857,0.0,0.5,0.6309297535714575,6,1
sem_70_128,semantic,target_acts,q4eu_019,N,G,1,5,0.0,0.0,0.0,0.0,0.0,0.0,4,0
sem_70_128,semantic,target_acts,q4eu_019,N,G,1,10,0.14285714285714285,1.0,0.25,0.0,0.2,0.38685280723454163,7,1
sem_70_128,semantic,target_acts,q4eu_020,L,G,6,5,0.6666666666666666,0.3333333333333333,0.4444444444444444,0.3333333333333333,1.0,0.7653606369886217,3,2
sem_70_128,semantic,target_acts,q4eu_020,L,G,6,10,0.6666666666666666,0.6666666666666666,0.6666666666666666,0.6666666666666666,1.0,0.7409096387260824,6,4
sem_70_128,semantic,target_acts,q4eu_021,N,G,2,5,0.0,0.0,0.0,0.0,0.0,0.0,3,0
sem_70_128,semantic,target_acts,q4eu_021,N,G,2,10,0.16666666666666666,0.5,0.25,0.0,0.2,0.23719771276929622,6,1
sem_70_128,semantic,target_acts,q4eu_022,L,G,5,5,0.3333333333333333,0.2,0.25,0.2,0.5,0.2960819109658652,3,1
sem_70_128,semantic,target_acts,q4eu_022,L,G,5,10,0.2857142857142857,0.4,0.3333333333333333,0.2,0.5,0.3347975674340217,7,2
sem_70_128,semantic,target_acts,q4eu_023,N,G,2,5,0.2,0.5,0.28571428571428575,0.5,1.0,0.6131471927654584,5,1
sem_70_128,semantic,target_acts,q4eu_023,N,G,2,10,0.1,0.5,0.16666666666666669,0.5,1.0,0.6131471927654584,10,1
sem_70_128,semantic,target_acts,q4eu_024,H,G,3,5,0.6,1.0,0.7499999999999999,0.6666666666666666,0.5,0.7122630665145961,5,3
sem_70_128,semantic,target_acts,q4eu_024,H,G,3,10,0.3333333333333333,1.0,0.5,0.6666666666666666,0.5,0.7122630665145961,9,3
sem_70_128,semantic,target_acts,q4eu_025,L,G,8,5,0.4,0.25,0.3076923076923077,0.25,0.5,0.36005461457723403,5,2
sem_70_128,semantic,target_acts,q4eu_025,L,G,8,10,0.375,0.375,0.375,0.375,0.5,0.35862557839501996,8,3
sem_70_128,semantic,target_acts,q4eu_026,H,G,1,5,0.25,1.0,0.4,1.0,1.0,1.0,4,1
sem_70_128,semantic,target_acts,q4eu_026,H,G,1,10,0.125,1.0,0.2222222222222222,1.0,1.0,1.0,8,1
sem_70_128,semantic,target_acts,q4eu_027,H,G,1,5,0.3333333333333333,1.0,0.5,1.0,1.0,1.0,3,1
sem_70_128,semantic,target_acts,q4eu_027,H,G,1,10,0.1111111111111111,1.0,0.19999999999999998,1.0,1.0,1.0,9,1
sem_70_128,semantic,target_acts,q4eu_028,N,G,4,5,0.4,0.5,0.4444444444444445,0.5,1.0,0.5855700749881525,5,2
sem_70_128,semantic,target_acts,q4eu_028,N,G,4,10,0.2222222222222222,0.5,0.30769230769230765,0.5,1.0,0.5855700749881525,9,2
sem_70_128,semantic,target_acts,q4eu_029,N,G,2,5,0.3333333333333333,0.5,0.4,0.5,1.0,0.6131471927654584,3,1
sem_70_128,semantic,target_acts,q4eu_029,N,G,2,10,0.14285714285714285,0.5,0.22222222222222224,0.5,1.0,0.6131471927654584,7,1
sem_70_128,semantic,target_acts,q4eu_030,N,G,4,5,0.2,0.25,0.22222222222222224,0.25,0.3333333333333333,0.19519002499605084,5,1
sem_70_128,semantic,target_acts,q4eu_030,N,G,4,10,0.18181818181818182,0.5,0.26666666666666666,0.25,0.3333333333333333,0.30408378606428305,11,2
sem_70_128,semantic,target_acts,q4eu_031,H,G,3,5,0.25,0.3333333333333333,0.28571428571428575,0.3333333333333333,1.0,0.46927872602275644,4,1
sem_70_128,semantic,target_acts,q4eu_031,H,G,3,10,0.25,0.6666666666666666,0.36363636363636365,0.3333333333333333,1.0,0.617319681505689,8,2
sem_70_128,semantic,target_acts,q4eu_032,N,G,3,5,0.4,0.6666666666666666,0.5,0.6666666666666666,1.0,0.7039180890341347,5,2
sem_70_128,semantic,target_acts,q4eu_032,N,G,3,10,0.3333333333333333,1.0,0.5,0.6666666666666666,1.0,0.8710785440003369,9,3
sem_70_128,semantic,target_acts,q4eu_033,L,G,6,5,1.0,0.8333333333333334,0.9090909090909091,0.8333333333333334,1.0,1.0,5,5
sem_70_128,semantic,target_acts,q4eu_033,L,G,6,10,1.0,1.0,1.0,1.0,1.0,1.0,6,6
sem_70_128,semantic,target_acts,q4eu_034,L,B,3,5,0.2,0.3333333333333333,0.25,0.0,0.2,0.18154179253735267,5,1
sem_70_128,semantic,target_acts,q4eu_034,L,B,3,10,0.3,1.0,0.4615384615384615,0.0,0.2,0.4843542209360027,10,3
sem_70_128,semantic,target_acts,q4eu_035,N,B,4,5,0.5,0.5,0.5,0.5,1.0,0.5585075862632192,4,2
sem_70_128,semantic,target_acts,q4eu_035,N,B,4,10,0.25,0.5,0.3333333333333333,0.5,1.0,0.5585075862632192,8,2
sem_70_128,semantic,target_acts,q4eu_036,N,RI,4,5,0.16666666666666666,0.25,0.2,0.25,1.0,0.3903800499921017,6,1
sem_70_128,semantic,target_acts,q4eu_036,N,RI,4,10,0.1,0.25,0.14285714285714288,0.25,1.0,0.3903800499921017,10,1
sem_70_128,semantic,target_acts,q4eu_037,H,B,3,5,0.6,1.0,0.7499999999999999,0.6666666666666666,1.0,0.9674679834891693,5,3
sem_70_128,semantic,target_acts,q4eu_037,H,B,3,10,0.42857142857142855,1.0,0.6,0.6666666666666666,1.0,0.9674679834891693,7,3
sem_70_128,semantic,target_acts,q4eu_038,H,B,3,5,0.4,0.6666666666666666,0.5,0.6666666666666666,1.0,0.7653606369886217,5,2
sem_70_128,semantic,target_acts,q4eu_038,H,B,3,10,0.2,0.6666666666666666,0.30769230769230765,0.6666666666666666,1.0,0.7653606369886217,10,2
sem_70_128,semantic,target_acts,q4eu_039,N,RII,22,5,0.6666666666666666,0.18181818181818182,0.28571428571428575,0.18181818181818182,0.3333333333333333,0.5064767203222519,6,4
sem_70_128,semantic,target_acts,q4eu_039,N,RII,22,10,0.4444444444444444,0.18181818181818182,0.2580645161290322,0.18181818181818182,0.3333333333333333,0.39340432753771526,9,4
sem_70_128,semantic,target_acts,q4eu_040,H,RI,4,5,0.4,0.5,0.4444444444444445,0.5,1.0,0.5855700749881525,5,2
sem_70_128,semantic,target_acts,q4eu_040,H,RI,4,10,0.25,0.5,0.3333333333333333,0.5,1.0,0.5855700749881525,8,2
sem_70_128,semantic,target_acts,q4eu_041,N,B,5,5,0.75,0.6,0.6666666666666665,0.6,1.0,0.8318724637288826,4,3
sem_70_128,semantic,target_acts,q4eu_041,N,B,5,10,0.4,0.8,0.5333333333333333,0.6,1.0,0.8435378753444459,10,4
sem_70_128,semantic,target_acts,q4eu_042,L,RI,2,5,0.4,1.0,0.5714285714285715,0.5,1.0,0.8772153153380493,5,2
sem_70_128,semantic,target_acts,q4eu_042,L,RI,2,10,0.25,1.0,0.4,0.5,1.0,0.8772153153380493,8,2
sem_70_128,semantic,target_acts,q4eu_043,N,B;RI,2,5,0.4,1.0,0.5714285714285715,1.0,1.0,1.0,5,2
sem_70_128,semantic,target_acts,q4eu_043,N,B;RI,2,10,0.2,1.0,0.33333333333333337,1.0,1.0,1.0,10,2
sem_70_128,semantic,target_acts,q4eu_044,L,RI,4,5,0.4,0.5,0.4444444444444445,0.5,1.0,0.6366824387328317,5,2
sem_70_128,semantic,target_acts,q4eu_044,L,RI,4,10,0.5,1.0,0.6666666666666666,0.5,1.0,0.9058653015743079,8,4
sem_70_128,semantic,target_acts,q4eu_045,N,B,4,5,0.5,0.75,0.6,0.75,1.0,0.8048099750039491,6,3
sem_70_128,semantic,target_acts,q4eu_045,N,B,4,10,0.4,1.0,0.5714285714285715,0.75,1.0,0.9279611693743142,10,4
sem_70_128,semantic,target_acts,q4eu_046,H,B,5,5,0.6,0.6,0.6,0.6,1.0,0.7227265726449519,5,3
sem_70_128,semantic,target_acts,q4eu_046,H,B,5,10,0.3333333333333333,0.6,0.42857142857142855,0.6,1.0,0.7227265726449519,9,3
sem_70_128,semantic,target_acts,q4eu_047,N,W,5,5,0.2,0.2,0.20000000000000004,0.2,1.0,0.3391602052736161,5,1
sem_70_128,semantic,target_acts,q4eu_047,N,W,5,10,0.2222222222222222,0.4,0.2857142857142857,0.2,1.0,0.4599715079731103,9,2
sem_70_128,semantic,target_acts,q4eu_048,L,W,3,5,0.25,0.3333333333333333,0.28571428571428575,0.3333333333333333,1.0,0.46927872602275644,4,1
sem_70_128,semantic,target_acts,q4eu_048,L,W,3,10,0.14285714285714285,0.3333333333333333,0.2,0.3333333333333333,1.0,0.46927872602275644,7,1
sem_70_128,semantic,target_acts,q4eu_049,N,W,3,5,0.25,0.3333333333333333,0.28571428571428575,0.3333333333333333,1.0,0.46927872602275644,4,1
sem_70_128,semantic,target_acts,q4eu_049,N,W,3,10,0.125,0.3333333333333333,0.18181818181818182,0.3333333333333333,1.0,0.46927872602275644,8,1
sem_70_128,semantic,target_acts,q4eu_050,H,W,2,5,0.2,0.5,0.28571428571428575,0.5,1.0,0.6131471927654584,5,1
sem_70_128,semantic,target_acts,q4eu_050,H,W,2,10,0.14285714285714285,0.5,0.22222222222222224,0.5,1.0,0.6131471927654584,7,1
sem_70_128,semantic,target_acts,q4eu_051,L,W,5,5,0.6,0.6,0.6,0.6,1.0,0.7227265726449519,5,3
sem_70_128,semantic,target_acts,q4eu_051,L,W,5,10,0.3076923076923077,0.8,0.4444444444444444,0.6,1.0,0.8143806005732847,13,4
sem_70_128,semantic,target_acts,q4eu_052,H,W,1,5,0.2,1.0,0.33333333333333337,0.0,0.25,0.43067655807339306,5,1
sem_70_128,semantic,target_acts,q4eu_052,H,W,1,10,0.125,1.0,0.2222222222222222,0.0,0.25,0.43067655807339306,8,1
sem_70_128,semantic,target_acts,q4eu_053,N,W,2,5,0.2,0.5,0.28571428571428575,0.5,1.0,0.6131471927654584,5,1
sem_70_128,semantic,target_acts,q4eu_053,N,W,2,10,0.14285714285714285,0.5,0.22222222222222224,0.5,1.0,0.6131471927654584,7,1
sem_70_128,semantic,target_acts,q4eu_054,L,W,4,5,0.2,0.25,0.22222222222222224,0.25,0.25,0.16812753627111746,5,1
sem_70_128,semantic,target_acts,q4eu_054,L,W,4,10,0.14285714285714285,0.25,0.18181818181818182,0.25,0.25,0.16812753627111746,7,1
sem_70_128,semantic,target_acts,q4eu_055,H,W,1,5,0.25,1.0,0.4,0.0,0.5,0.6309297535714575,4,1
sem_70_128,semantic,target_acts,q4eu_055,H,W,1,10,0.1111111111111111,1.0,0.19999999999999998,0.0,0.5,0.6309297535714575,9,1
sem_70_128,semantic,target_acts,q4eu_056,L,W,4,5,0.5,0.25,0.3333333333333333,0.25,1.0,0.6131471927654584,2,1
sem_70_128,semantic,target_acts,q4eu_056,L,W,4,10,0.5,0.75,0.6,0.25,1.0,0.6804558477306826,6,3
sem_70_128,semantic,target_acts,q4eu_057,N,W,4,5,0.5,0.5,0.5,0.5,0.5,0.4144299250118475,4,2
sem_70_128,semantic,target_acts,q4eu_057,N,W,4,10,0.375,0.75,0.5,0.5,0.5,0.5654495432396527,8,3
sem_70_128,semantic,target_acts,q4eu_058,N,W,4,5,0.3333333333333333,0.25,0.28571428571428575,0.25,0.5,0.2960819109658652,3,1
sem_70_128,semantic,target_acts,q4eu_058,N,W,4,10,0.3333333333333333,0.5,0.4,0.5,0.5,0.4144299250118475,6,2
sem_70_128,semantic,target_acts,q4eu_059,H,W,3,5,0.25,0.3333333333333333,0.28571428571428575,0.3333333333333333,1.0,0.46927872602275644,4,1
sem_70_128,semantic,target_acts,q4eu_059,H,W,3,10,0.1111111111111111,0.3333333333333333,0.16666666666666666,0.3333333333333333,1.0,0.46927872602275644,9,1
sem_70_128,semantic,target_acts,q4eu_060,L,W,4,5,0.0,0.0,0.0,0.0,0.0,0.0,4,0
sem_70_128,semantic,target_acts,q4eu_060,L,W,4,10,0.1111111111111111,0.25,0.15384615384615383,0.0,0.16666666666666666,0.13905617951077562,9,1
sem_70_128,semantic,target_acts,q4eu_061,H,W,2,5,0.2,0.5,0.28571428571428575,0.5,1.0,0.6131471927654584,5,1
sem_70_128,semantic,target_acts,q4eu_061,H,W,2,10,0.18181818181818182,1.0,0.3076923076923077,0.5,1.0,0.7977228895450266,11,2
sem_70_128,semantic,target_acts,q4eu_062,H,W,2,5,0.25,0.5,0.3333333333333333,0.5,1.0,0.6131471927654584,4,1
sem_70_128,semantic,target_acts,q4eu_062,H,W,2,10,0.1111111111111111,0.5,0.1818181818181818,0.5,1.0,0.6131471927654584,9,1
sem_70_128,semantic,target_acts,q4eu_063,N,W,2,5,0.3333333333333333,0.5,0.4,0.5,1.0,0.6131471927654584,3,1
sem_70_128,semantic,target_acts,q4eu_063,N,W,2,10,0.14285714285714285,0.5,0.22222222222222224,0.5,1.0,0.6131471927654584,7,1
sem_70_128,semantic,target_acts,q4eu_064,N,W,3,5,0.75,1.0,0.8571428571428571,0.6666666666666666,1.0,0.9060254355346823,4,3
sem_70_128,semantic,target_acts,q4eu_064,N,W,3,10,0.3333333333333333,1.0,0.5,0.6666666666666666,1.0,0.9060254355346823,9,3
sem_70_128,semantic,target_acts,q4eu_065,L,W,6,5,0.4,0.3333333333333333,0.3636363636363636,0.3333333333333333,1.0,0.5531464700081437,5,2
sem_70_128,semantic,target_acts,q4eu_065,L,W,6,10,0.4,0.6666666666666666,0.5,0.3333333333333333,1.0,0.6800761159906735,10,4
sem_70_128,semantic,target_acts,q4eu_066,H,W,1,5,0.2,1.0,0.33333333333333337,1.0,1.0,1.0,5,1
sem_70_128,semantic,target_acts,q4eu_066,H,W,1,10,0.07692307692307693,1.0,0.14285714285714288,1.0,1.0,1.0,13,1
sem_70_128,semantic,target_acts,q4eu_067,L,W,3,5,0.3333333333333333,0.3333333333333333,0.3333333333333333,0.3333333333333333,1.0,0.46927872602275644,3,1
sem_70_128,semantic,target_acts,q4eu_067,L,W,3,10,0.25,0.3333333333333333,0.28571428571428575,0.3333333333333333,1.0,0.46927872602275644,4,1
sem_70_128,semantic,target_acts,q4eu_068,L,B;RI;RII,6,5,0.16666666666666666,0.16666666666666666,0.16666666666666666,0.16666666666666666,0.25,0.13032376591037065,6,1
sem_70_128,semantic,target_acts,q4eu_068,L,B;RI;RII,6,10,0.2727272727272727,0.5,0.3529411764705882,0.16666666666666666,0.25,0.31560004565914207,11,3
sem_70_128,semantic,target_acts,q4eu_069,L,RI,5,5,0.3333333333333333,0.4,0.3636363636363636,0.2,0.2,0.252016380211836,6,2
sem_70_128,semantic,target_acts,q4eu_069,L,RI,5,10,0.15384615384615385,0.4,0.2222222222222222,0.2,0.2,0.252016380211836,13,2
sem_70_128,semantic,target_acts,q4eu_070,H,RII,4,5,0.5,0.75,0.6,0.75,1.0,0.8048099750039491,6,3
sem_70_128,semantic,target_acts,q4eu_070,H,RII,4,10,0.3333333333333333,0.75,0.46153846153846156,0.75,1.0,0.8048099750039491,9,3
sem_70_128,semantic,target_acts,q4eu_071,N,B,2,5,0.25,0.5,0.3333333333333333,0.5,1.0,0.6131471927654584,4,1
sem_70_128,semantic,target_acts,q4eu_071,N,B,2,10,0.125,0.5,0.2,0.5,1.0,0.6131471927654584,8,1
sem_70_128,semantic,target_acts,q4eu_072,L,G,3,5,0.4,0.6666666666666666,0.5,0.6666666666666666,0.5,0.5307212739772434,5,2
sem_70_128,semantic,target_acts,q4eu_072,L,G,3,10,0.18181818181818182,0.6666666666666666,0.28571428571428575,0.6666666666666666,0.5,0.5307212739772434,11,2
sem_70_256,semantic,all_acts,q4eu_001,H,E,3,5,0.5,1.0,0.6666666666666666,0.6666666666666666,1.0,0.9469024295259745,6,3
sem_70_256,semantic,all_acts,q4eu_001,H,E,3,10,0.25,1.0,0.4,0.6666666666666666,1.0,0.9469024295259745,12,3
sem_70_256,semantic,all_acts,q4eu_002,N,E,2,5,0.14285714285714285,0.5,0.22222222222222224,0.0,0.16666666666666666,0.21840743681816419,7,1
sem_70_256,semantic,all_acts,q4eu_002,N,E,2,10,0.07142857142857142,0.5,0.125,0.0,0.16666666666666666,0.21840743681816419,14,1
sem_70_256,semantic,all_acts,q4eu_003,L,E,2,5,0.16666666666666666,0.5,0.25,0.0,0.25,0.2640681225725909,6,1
sem_70_256,semantic,all_acts,q4eu_003,L,E,2,10,0.09090909090909091,0.5,0.15384615384615385,0.0,0.25,0.2640681225725909,11,1
sem_70_256,semantic,all_acts,q4eu_004,N,E,2,5,0.5,1.0,0.6666666666666666,0.5,1.0,0.9197207891481876,4,2
sem_70_256,semantic,all_acts,q4eu_004,N,E,2,10,0.2222222222222222,1.0,0.3636363636363636,0.5,1.0,0.9197207891481876,9,2
sem_70_256,semantic,all_acts,q4eu_005,L,E,2,5,0.125,0.5,0.2,0.5,0.5,0.38685280723454163,8,1
sem_70_256,semantic,all_acts,q4eu_005,L,E,2,10,0.18181818181818182,1.0,0.3076923076923077,0.5,0.5,0.5578858913022597,11,2
sem_70_256,semantic,all_acts,q4eu_006,N,E,2,5,0.2857142857142857,1.0,0.4444444444444445,1.0,1.0,1.0,7,2
sem_70_256,semantic,all_acts,q4eu_006,N,E,2,10,0.18181818181818182,1.0,0.3076923076923077,1.0,1.0,1.0,11,2
sem_70_256,semantic,all_acts,q4eu_007,H,E,1,5,0.125,1.0,0.2222222222222222,1.0,1.0,1.0,8,1
sem_70_256,semantic,all_acts,q4eu_007,H,E,1,10,0.08333333333333333,1.0,0.15384615384615385,1.0,1.0,1.0,12,1
sem_70_256,semantic,all_acts,q4eu_008,L,E,2,5,0.0,0.0,0.0,0.0,0.0,0.0,7,0
sem_70_256,semantic,all_acts,q4eu_008,L,E,2,10,0.0,0.0,0.0,0.0,0.0,0.0,14,0
sem_70_256,semantic,all_acts,q4eu_009,H,E,2,5,0.16666666666666666,0.5,0.25,0.5,1.0,0.6131471927654584,6,1
sem_70_256,semantic,all_acts,q4eu_009,H,E,2,10,0.18181818181818182,1.0,0.3076923076923077,0.5,1.0,0.7903864795495061,11,2
sem_70_256,semantic,all_acts,q4eu_010,H,E,1,5,0.2,1.0,0.33333333333333337,1.0,1.0,1.0,5,1
sem_70_256,semantic,all_acts,q4eu_010,H,E,1,10,0.125,1.0,0.2222222222222222,1.0,1.0,1.0,8,1
sem_70_256,semantic,all_acts,q4eu_011,L,E,5,5,0.3333333333333333,0.6,0.42857142857142855,0.2,1.0,0.5730249097309823,9,3
sem_70_256,semantic,all_acts,q4eu_011,L,E,5,10,0.23076923076923078,0.6,0.33333333333333337,0.2,1.0,0.5730249097309823,13,3
sem_70_256,semantic,all_acts,q4eu_012,N,E,4,5,0.75,0.75,0.75,0.75,1.0,0.8318724637288826,4,3
sem_70_256,semantic,all_acts,q4eu_012,N,E,4,10,0.6666666666666666,1.0,0.8,0.75,1.0,0.9828920819566879,6,4
sem_70_256,semantic,all_acts,q4eu_013,N,E,2,5,1.0,1.0,1.0,1.0,1.0,1.0,2,2
sem_70_256,semantic,all_acts,q4eu_013,N,E,2,10,0.3333333333333333,1.0,0.5,1.0,1.0,1.0,6,2
sem_70_256,semantic,all_acts,q4eu_014,N,E,2,5,0.14285714285714285,0.5,0.22222222222222224,0.5,0.5,0.38685280723454163,7,1
sem_70_256,semantic,all_acts,q4eu_014,N,E,2,10,0.16666666666666666,1.0,0.2857142857142857,0.5,0.5,0.5640920940185894,12,2
sem_70_256,semantic,all_acts,q4eu_015,H,E,1,5,0.25,1.0,0.4,1.0,1.0,1.0,4,1
sem_70_256,semantic,all_acts,q4eu_015,H,E,1,10,0.125,1.0,0.2222222222222222,1.0,1.0,1.0,8,1
sem_70_256,semantic,all_acts,q4eu_016,N,E,2,5,0.16666666666666666,0.5,0.25,0.5,1.0,0.6131471927654584,6,1
sem_70_256,semantic,all_acts,q4eu_016,N,E,2,10,0.18181818181818182,1.0,0.3076923076923077,0.5,1.0,0.8065735963827293,11,2
sem_70_256,semantic,all_acts,q4eu_017,L,E,2,5,0.3333333333333333,1.0,0.5,0.5,0.5,0.6052602440527057,6,2
sem_70_256,semantic,all_acts,q4eu_017,L,E,2,10,0.2,1.0,0.33333333333333337,0.5,0.5,0.6052602440527057,10,2
sem_70_256,semantic,all_acts,q4eu_018,H,G,1,5,0.25,1.0,0.4,0.0,0.5,0.6309297535714575,4,1
sem_70_256,semantic,all_acts,q4eu_018,H,G,1,10,0.16666666666666666,1.0,0.2857142857142857,0.0,0.5,0.6309297535714575,6,1
sem_70_256,semantic,all_acts,q4eu_019,N,G,1,5,0.25,1.0,0.4,0.0,0.5,0.6309297535714575,4,1
sem_70_256,semantic,all_acts,q4eu_019,N,G,1,10,0.14285714285714285,1.0,0.25,0.0,0.5,0.6309297535714575,7,1
sem_70_256,semantic,all_acts,q4eu_020,L,G,6,5,0.6666666666666666,0.3333333333333333,0.4444444444444444,0.3333333333333333,1.0,0.7039180890341347,3,2
sem_70_256,semantic,all_acts,q4eu_020,L,G,6,10,0.375,0.5,0.42857142857142855,0.3333333333333333,1.0,0.5493640533376876,8,3
sem_70_256,semantic,all_acts,q4eu_021,N,G,2,5,0.0,0.0,0.0,0.0,0.0,0.0,3,0
sem_70_256,semantic,all_acts,q4eu_021,N,G,2,10,0.0,0.0,0.0,0.0,0.0,0.0,6,0
sem_70_256,semantic,all_acts,q4eu_022,L,G,5,5,0.3333333333333333,0.2,0.25,0.2,0.5,0.2960819109658652,3,1
sem_70_256,semantic,all_acts,q4eu_022,L,G,5,10,0.2857142857142857,0.4,0.3333333333333333,0.4,0.5,0.34519134224686937,7,2
sem_70_256,semantic,all_acts,q4eu_023,N,G,2,5,0.25,0.5,0.3333333333333333,0.5,1.0,0.6131471927654584,4,1
sem_70_256,semantic,all_acts,q4eu_023,N,G,2,10,0.18181818181818182,1.0,0.3076923076923077,0.5,1.0,0.8065735963827293,11,2
sem_70_256,semantic,all_acts,q4eu_024,H,G,3,5,0.2,0.3333333333333333,0.25,0.3333333333333333,1.0,0.46927872602275644,5,1
sem_70_256,semantic,all_acts,q4eu_024,H,G,3,10,0.375,1.0,0.5454545454545454,0.3333333333333333,1.0,0.7928654229965442,8,3
sem_70_256,semantic,all_acts,q4eu_025,L,G,8,5,0.4,0.25,0.3076923076923077,0.25,0.5,0.38356636737133565,5,2
sem_70_256,semantic,all_acts,q4eu_025,L,G,8,10,0.3,0.375,0.33333333333333326,0.375,0.5,0.3658549670711731,10,3
sem_70_256,semantic,all_acts,q4eu_026,H,G,1,5,0.25,1.0,0.4,1.0,1.0,1.0,4,1
sem_70_256,semantic,all_acts,q4eu_026,H,G,1,10,0.14285714285714285,1.0,0.25,1.0,1.0,1.0,7,1
sem_70_256,semantic,all_acts,q4eu_027,H,G,1,5,0.3333333333333333,1.0,0.5,1.0,1.0,1.0,3,1
sem_70_256,semantic,all_acts,q4eu_027,H,G,1,10,0.125,1.0,0.2222222222222222,1.0,1.0,1.0,8,1
sem_70_256,semantic,all_acts,q4eu_028,N,G,4,5,0.4,0.5,0.4444444444444445,0.5,1.0,0.5855700749881525,5,2
sem_70_256,semantic,all_acts,q4eu_028,N,G,4,10,0.2,0.5,0.28571428571428575,0.5,1.0,0.5855700749881525,10,2
sem_70_256,semantic,all_acts,q4eu_029,N,G,2,5,0.3333333333333333,0.5,0.4,0.5,1.0,0.6131471927654584,3,1
sem_70_256,semantic,all_acts,q4eu_029,N,G,2,10,0.14285714285714285,0.5,0.22222222222222224,0.5,1.0,0.6131471927654584,7,1
sem_70_256,semantic,all_acts,q4eu_030,N,G,4,5,0.16666666666666666,0.25,0.2,0.25,0.3333333333333333,0.19519002499605084,6,1
sem_70_256,semantic,all_acts,q4eu_030,N,G,4,10,0.25,0.75,0.375,0.25,0.3333333333333333,0.4095793702993934,12,3
sem_70_256,semantic,all_acts,q4eu_031,H,G,3,5,0.5,0.6666666666666666,0.5714285714285715,0.6666666666666666,1.0,0.7039180890341347,4,2
sem_70_256,semantic,all_acts,q4eu_031,H,G,3,10,0.25,0.6666666666666666,0.36363636363636365,0.6666666666666666,1.0,0.7039180890341347,8,2
sem_70_256,semantic,all_acts,q4eu_032,N,G,3,5,0.3333333333333333,0.6666666666666666,0.4444444444444444,0.3333333333333333,1.0,0.6713860725233041,6,2
sem_70_256,semantic,all_acts,q4eu_032,N,G,3,10,0.2727272727272727,1.0,0.42857142857142855,0.3333333333333333,1.0,0.8194270280062366,11,3
sem_70_256,semantic,all_acts,q4eu_033,L,G,6,5,1.0,1.0,1.0,1.0,1.0,1.0,6,6
sem_70_256,semantic,all_acts,q4eu_033,L,G,6,10,0.75,1.0,0.8571428571428571,1.0,1.0,1.0,8,6
sem_70_256,semantic,all_acts,q4eu_034,L,B,3,5,0.0,0.0,0.0,0.0,0.0,0.0,5,0
sem_70_256,semantic,all_acts,q4eu_034,L,B,3,10,0.0,0.0,0.0,0.0,0.0,0.0,10,0
sem_70_256,semantic,all_acts,q4eu_035,N,B,4,5,0.16666666666666666,0.25,0.2,0.25,1.0,0.3903800499921017,6,1
sem_70_256,semantic,all_acts,q4eu_035,N,B,4,10,0.08333333333333333,0.25,0.125,0.25,1.0,0.3903800499921017,12,1
sem_70_256,semantic,all_acts,q4eu_036,N,RI,4,5,0.1,0.25,0.14285714285714288,0.25,1.0,0.3903800499921017,10,1
sem_70_256,semantic,all_acts,q4eu_036,N,RI,4,10,0.058823529411764705,0.25,0.09523809523809523,0.25,1.0,0.3903800499921017,17,1
sem_70_256,semantic,all_acts,q4eu_037,H,B,3,5,0.0,0.0,0.0,0.0,0.0,0.0,5,0
sem_70_256,semantic,all_acts,q4eu_037,H,B,3,10,0.09090909090909091,0.3333333333333333,0.14285714285714288,0.0,0.1,0.13565197343244778,11,1
sem_70_256,semantic,all_acts,q4eu_038,H,B,3,5,0.2857142857142857,0.6666666666666666,0.4,0.6666666666666666,0.5,0.5307212739772434,7,2
sem_70_256,semantic,all_acts,q4eu_038,H,B,3,10,0.2,0.6666666666666666,0.30769230769230765,0.6666666666666666,0.5,0.5307212739772434,10,2
sem_70_256,semantic,all_acts,q4eu_039,N,RII,22,5,0.42857142857142855,0.13636363636363635,0.20689655172413793,0.13636363636363635,0.3333333333333333,0.36215764044273824,7,3
sem_70_256,semantic,all_acts,q4eu_039,N,RII,22,10,0.4166666666666667,0.22727272727272727,0.29411764705882354,0.22727272727272727,0.3333333333333333,0.3754240395634658,12,5
sem_70_256,semantic,all_acts,q4eu_040,H,RI,4,5,0.2222222222222222,0.5,0.30769230769230765,0.25,1.0,0.5413996682199069,9,2
sem_70_256,semantic,all_acts,q4eu_040,H,RI,4,10,0.14285714285714285,0.5,0.22222222222222224,0.25,1.0,0.5413996682199069,14,2
sem_70_256,semantic,all_acts,q4eu_041,N,B,5,5,0.6,0.6,0.6,0.6,0.5,0.5296347172140421,5,3
sem_70_256,semantic,all_acts,q4eu_041,N,B,5,10,0.3333333333333333,0.6,0.42857142857142855,0.6,0.5,0.5296347172140421,9,3
sem_70_256,semantic,all_acts,q4eu_042,L,RI,2,5,0.16666666666666666,0.5,0.25,0.5,1.0,0.6131471927654584,6,1
sem_70_256,semantic,all_acts,q4eu_042,L,RI,2,10,0.14285714285714285,1.0,0.25,0.5,1.0,0.7977228895450266,14,2
sem_70_256,semantic,all_acts,q4eu_043,N,B;RI,2,5,0.4,1.0,0.5714285714285715,1.0,1.0,1.0,5,2
sem_70_256,semantic,all_acts,q4eu_043,N,B;RI,2,10,0.2222222222222222,1.0,0.3636363636363636,1.0,1.0,1.0,9,2
sem_70_256,semantic,all_acts,q4eu_044,L,RI,4,5,0.4,0.5,0.4444444444444445,0.5,1.0,0.6366824387328317,5,2
sem_70_256,semantic,all_acts,q4eu_044,L,RI,4,10,0.2,0.5,0.28571428571428575,0.5,1.0,0.6366824387328317,10,2
sem_70_256,semantic,all_acts,q4eu_045,N,B,4,5,0.6666666666666666,1.0,0.8,0.75,1.0,0.9709286432396581,6,4
sem_70_256,semantic,all_acts,q4eu_045,N,B,4,10,0.3333333333333333,1.0,0.5,0.75,1.0,0.9709286432396581,12,4
sem_70_256,semantic,all_acts,q4eu_046,H,B,5,5,0.5,0.6,0.5454545454545454,0.6,0.5,0.5296347172140421,6,3
sem_70_256,semantic,all_acts,q4eu_046,H,B,5,10,0.2727272727272727,0.6,0.37499999999999994,0.6,0.5,0.5296347172140421,11,3
sem_70_256,semantic,all_acts,q4eu_047,N,W,5,5,0.2,0.2,0.20000000000000004,0.2,1.0,0.3391602052736161,5,1
sem_70_256,semantic,all_acts,q4eu_047,N,W,5,10,0.18181818181818182,0.4,0.25000000000000006,0.2,1.0,0.4599715079731103,11,2
sem_70_256,semantic,all_acts,q4eu_048,L,W,3,5,0.3333333333333333,0.3333333333333333,0.3333333333333333,0.3333333333333333,0.5,0.2960819109658652,3,1
sem_70_256,semantic,all_acts,q4eu_048,L,W,3,10,0.14285714285714285,0.3333333333333333,0.2,0.3333333333333333,0.5,0.2960819109658652,7,1
sem_70_256,semantic,all_acts,q4eu_049,N,W,3,5,0.25,0.3333333333333333,0.28571428571428575,0.3333333333333333,1.0,0.46927872602275644,4,1
sem_70_256,semantic,all_acts,q4eu_049,N,W,3,10,0.18181818181818182,0.6666666666666666,0.28571428571428575,0.3333333333333333,1.0,0.6105456988825855,11,2
sem_70_256,semantic,all_acts,q4eu_050,H,W,2,5,0.25,0.5,0.3333333333333333,0.5,1.0,0.6131471927654584,4,1
sem_70_256,semantic,all_acts,q4eu_050,H,W,2,10,0.2,0.5,0.28571428571428575,0.5,1.0,0.6131471927654584,5,1
sem_70_256,semantic,all_acts,q4eu_051,L,W,5,5,0.42857142857142855,0.6,0.5,0.4,1.0,0.6739577727076379,7,3
sem_70_256,semantic,all_acts,q4eu_051,L,W,5,10,0.26666666666666666,0.8,0.4,0.4,1.0,0.7630380429258723,15,4
sem_70_256,semantic,all_acts,q4eu_052,H,W,1,5,0.16666666666666666,1.0,0.2857142857142857,0.0,0.25,0.43067655807339306,6,1
sem_70_256,semantic,all_acts,q4eu_052,H,W,1,10,0.1111111111111111,1.0,0.19999999999999998,0.0,0.25,0.43067655807339306,9,1
sem_70_256,semantic,all_acts,q4eu_053,N,W,2,5,0.2,0.5,0.28571428571428575,0.5,1.0,0.6131471927654584,5,1
sem_70_256,semantic,all_acts,q4eu_053,N,W,2,10,0.16666666666666666,0.5,0.25,0.5,1.0,0.6131471927654584,6,1
sem_70_256,semantic,all_acts,q4eu_054,L,W,4,5,0.25,0.25,0.25,0.25,0.25,0.16812753627111746,4,1
sem_70_256,semantic,all_acts,q4eu_054,L,W,4,10,0.14285714285714285,0.25,0.18181818181818182,0.25,0.25,0.16812753627111746,7,1
sem_70_256,semantic,all_acts,q4eu_055,H,W,1,5,0.16666666666666666,1.0,0.2857142857142857,1.0,1.0,1.0,6,1
sem_70_256,semantic,all_acts,q4eu_055,H,W,1,10,0.1,1.0,0.18181818181818182,1.0,1.0,1.0,10,1
sem_70_256,semantic,all_acts,q4eu_056,L,W,4,5,0.3333333333333333,0.25,0.28571428571428575,0.25,1.0,0.46927872602275644,3,1
sem_70_256,semantic,all_acts,q4eu_056,L,W,4,10,0.3333333333333333,0.75,0.46153846153846156,0.5,1.0,0.7095272044910244,9,3
sem_70_256,semantic,all_acts,q4eu_057,N,W,4,5,0.6,0.75,0.6666666666666665,0.5,0.5,0.592512031964586,5,3
sem_70_256,semantic,all_acts,q4eu_057,N,W,4,10,0.3333333333333333,0.75,0.46153846153846156,0.5,0.5,0.592512031964586,9,3
sem_70_256,semantic,all_acts,q4eu_058,N,W,4,5,0.6666666666666666,0.5,0.5714285714285715,0.5,0.5,0.5307212739772434,3,2
sem_70_256,semantic,all_acts,q4eu_058,N,W,4,10,0.2857142857142857,0.5,0.36363636363636365,0.5,0.5,0.44149241373678083,7,2
sem_70_256,semantic,all_acts,q4eu_059,H,W,3,5,0.2,0.3333333333333333,0.25,0.3333333333333333,0.5,0.2960819109658652,5,1
sem_70_256,semantic,all_acts,q4eu_059,H,W,3,10,0.1,0.3333333333333333,0.15384615384615383,0.3333333333333333,0.5,0.2960819109658652,10,1
sem_70_256,semantic,all_acts,q4eu_060,L,W,4,5,0.0,0.0,0.0,0.0,0.0,0.0,7,0
sem_70_256,semantic,all_acts,q4eu_060,L,W,4,10,0.0,0.0,0.0,0.0,0.0,0.0,14,0
sem_70_256,semantic,all_acts,q4eu_061,H,W,2,5,0.16666666666666666,0.5,0.25,0.5,1.0,0.6131471927654584,6,1
sem_70_256,semantic,all_acts,q4eu_061,H,W,2,10,0.13333333333333333,1.0,0.23529411764705882,0.5,1.0,0.778842958530688,15,2
sem_70_256,semantic,all_acts,q4eu_062,H,W,2,5,0.2,0.5,0.28571428571428575,0.5,1.0,0.6131471927654584,5,1
sem_70_256,semantic,all_acts,q4eu_062,H,W,2,10,0.1,0.5,0.16666666666666669,0.5,1.0,0.6131471927654584,10,1
sem_70_256,semantic,all_acts,q4eu_063,N,W,2,5,0.3333333333333333,0.5,0.4,0.5,1.0,0.6131471927654584,3,1
sem_70_256,semantic,all_acts,q4eu_063,N,W,2,10,0.1111111111111111,0.5,0.1818181818181818,0.5,1.0,0.6131471927654584,9,1
sem_70_256,semantic,all_acts,q4eu_064,N,W,3,5,0.6666666666666666,0.6666666666666666,0.6666666666666666,0.6666666666666666,1.0,0.7653606369886217,3,2
sem_70_256,semantic,all_acts,q4eu_064,N,W,3,10,0.3333333333333333,1.0,0.5,0.6666666666666666,1.0,0.9066276098484507,9,3
sem_70_256,semantic,all_acts,q4eu_065,L,W,6,5,0.25,0.16666666666666666,0.2,0.16666666666666666,1.0,0.3903800499921017,4,1
sem_70_256,semantic,all_acts,q4eu_065,L,W,6,10,0.375,0.5,0.42857142857142855,0.3333333333333333,1.0,0.5058520011127918,8,3
sem_70_256,semantic,all_acts,q4eu_066,H,W,1,5,0.2,1.0,0.33333333333333337,1.0,1.0,1.0,5,1
sem_70_256,semantic,all_acts,q4eu_066,H,W,1,10,0.07692307692307693,1.0,0.14285714285714288,1.0,1.0,1.0,13,1
sem_70_256,semantic,all_acts,q4eu_067,L,W,3,5,0.3333333333333333,0.3333333333333333,0.3333333333333333,0.3333333333333333,0.3333333333333333,0.23463936301137822,3,1
sem_70_256,semantic,all_acts,q4eu_067,L,W,3,10,0.125,0.3333333333333333,0.18181818181818182,0.3333333333333333,0.3333333333333333,0.23463936301137822,8,1
sem_70_256,semantic,all_acts,q4eu_068,L,B;RI;RII,6,5,0.2,0.16666666666666666,0.1818181818181818,0.16666666666666666,1.0,0.3391602052736161,5,1
sem_70_256,semantic,all_acts,q4eu_068,L,B;RI;RII,6,10,0.2,0.3333333333333333,0.25,0.16666666666666666,1.0,0.39806284658828084,10,2
sem_70_256,semantic,all_acts,q4eu_069,L,RI,5,5,0.125,0.2,0.15384615384615385,0.2,0.25,0.14606834984270645,8,1
sem_70_256,semantic,all_acts,q4eu_069,L,RI,5,10,0.14285714285714285,0.4,0.21052631578947364,0.2,0.25,0.24816574496561808,14,2
sem_70_256,semantic,all_acts,q4eu_070,H,RII,4,5,0.2,0.25,0.22222222222222224,0.25,0.5,0.24630238874073,5,1
sem_70_256,semantic,all_acts,q4eu_070,H,RII,4,10,0.2727272727272727,0.75,0.39999999999999997,0.25,0.5,0.5028746730079328,11,3
sem_70_256,semantic,all_acts,q4eu_071,N,B,2,5,0.14285714285714285,0.5,0.22222222222222224,0.0,0.2,0.23719771276929622,7,1
sem_70_256,semantic,all_acts,q4eu_071,N,B,2,10,0.08333333333333333,0.5,0.14285714285714285,0.0,0.2,0.23719771276929622,12,1
sem_70_256,semantic,all_acts,q4eu_072,L,G,3,5,0.4,0.6666666666666666,0.5,0.3333333333333333,0.5,0.4776237035032179,5,2
sem_70_256,semantic,all_acts,q4eu_072,L,G,3,10,0.16666666666666666,0.6666666666666666,0.26666666666666666,0.3333333333333333,0.5,0.4776237035032179,12,2
sem_70_256,semantic,pil_acts,q4eu_034,L,B,3,5,0.0,0.0,0.0,0.0,0.0,0.0,5,0
sem_70_256,semantic,pil_acts,q4eu_034,L,B,3,10,0.0,0.0,0.0,0.0,0.0,0.0,10,0
sem_70_256,semantic,pil_acts,q4eu_035,N,B,4,5,0.16666666666666666,0.25,0.2,0.25,1.0,0.3903800499921017,6,1
sem_70_256,semantic,pil_acts,q4eu_035,N,B,4,10,0.08333333333333333,0.25,0.125,0.25,1.0,0.3903800499921017,12,1
sem_70_256,semantic,pil_acts,q4eu_036,N,RI,4,5,0.1,0.25,0.14285714285714288,0.25,1.0,0.3903800499921017,10,1
sem_70_256,semantic,pil_acts,q4eu_036,N,RI,4,10,0.058823529411764705,0.25,0.09523809523809523,0.25,1.0,0.3903800499921017,17,1
sem_70_256,semantic,pil_acts,q4eu_037,H,B,3,5,0.0,0.0,0.0,0.0,0.0,0.0,6,0
sem_70_256,semantic,pil_acts,q4eu_037,H,B,3,10,0.09090909090909091,0.3333333333333333,0.14285714285714288,0.0,0.1111111111111111,0.14126697285982898,11,1
sem_70_256,semantic,pil_acts,q4eu_038,H,B,3,5,0.2857142857142857,0.6666666666666666,0.4,0.6666666666666666,0.5,0.5307212739772434,7,2
sem_70_256,semantic,pil_acts,q4eu_038,H,B,3,10,0.2,0.6666666666666666,0.30769230769230765,0.6666666666666666,0.5,0.5307212739772434,10,2
sem_70_256,semantic,pil_acts,q4eu_039,N,RII,22,5,0.42857142857142855,0.13636363636363635,0.20689655172413793,0.13636363636363635,0.3333333333333333,0.36215764044273824,7,3
sem_70_256,semantic,pil_acts,q4eu_039,N,RII,22,10,0.4166666666666667,0.22727272727272727,0.29411764705882354,0.22727272727272727,0.3333333333333333,0.3754240395634658,12,5
sem_70_256,semantic,pil_acts,q4eu_040,H,RI,4,5,0.2222222222222222,0.5,0.30769230769230765,0.25,1.0,0.5413996682199069,9,2
sem_70_256,semantic,pil_acts,q4eu_040,H,RI,4,10,0.14285714285714285,0.5,0.22222222222222224,0.25,1.0,0.5413996682199069,14,2
sem_70_256,semantic,pil_acts,q4eu_041,N,B,5,5,0.6,0.6,0.6,0.6,0.5,0.5296347172140421,5,3
sem_70_256,semantic,pil_acts,q4eu_041,N,B,5,10,0.3333333333333333,0.6,0.42857142857142855,0.6,0.5,0.5296347172140421,9,3
sem_70_256,semantic,pil_acts,q4eu_042,L,RI,2,5,0.16666666666666666,0.5,0.25,0.5,1.0,0.6131471927654584,6,1
sem_70_256,semantic,pil_acts,q4eu_042,L,RI,2,10,0.14285714285714285,1.0,0.25,0.5,1.0,0.7977228895450266,14,2
sem_70_256,semantic,pil_acts,q4eu_043,N,B;RI,2,5,0.4,1.0,0.5714285714285715,1.0,1.0,1.0,5,2
sem_70_256,semantic,pil_acts,q4eu_043,N,B;RI,2,10,0.2222222222222222,1.0,0.3636363636363636,1.0,1.0,1.0,9,2
sem_70_256,semantic,pil_acts,q4eu_044,L,RI,4,5,0.4,0.5,0.4444444444444445,0.5,1.0,0.6366824387328317,5,2
sem_70_256,semantic,pil_acts,q4eu_044,L,RI,4,10,0.3,0.75,0.4285714285714285,0.5,1.0,0.7598336331031966,10,3
sem_70_256,semantic,pil_acts,q4eu_045,N,B,4,5,0.6666666666666666,1.0,0.8,0.75,1.0,0.9709286432396581,6,4
sem_70_256,semantic,pil_acts,q4eu_045,N,B,4,10,0.3333333333333333,1.0,0.5,0.75,1.0,0.9709286432396581,12,4
sem_70_256,semantic,pil_acts,q4eu_046,H,B,5,5,0.5,0.6,0.5454545454545454,0.6,0.5,0.5296347172140421,6,3
sem_70_256,semantic,pil_acts,q4eu_046,H,B,5,10,0.2727272727272727,0.6,0.37499999999999994,0.6,0.5,0.5296347172140421,11,3
sem_70_256,semantic,pil_acts,q4eu_068,L,B;RI;RII,6,5,0.2,0.16666666666666666,0.1818181818181818,0.16666666666666666,1.0,0.3391602052736161,5,1
sem_70_256,semantic,pil_acts,q4eu_068,L,B;RI;RII,6,10,0.2,0.3333333333333333,0.25,0.3333333333333333,1.0,0.41039156802332444,10,2
sem_70_256,semantic,pil_acts,q4eu_069,L,RI,5,5,0.125,0.2,0.15384615384615385,0.2,0.25,0.14606834984270645,8,1
sem_70_256,semantic,pil_acts,q4eu_069,L,RI,5,10,0.14285714285714285,0.4,0.21052631578947364,0.2,0.25,0.24816574496561808,14,2
sem_70_256,semantic,pil_acts,q4eu_070,H,RII,4,5,0.2,0.25,0.22222222222222224,0.25,0.5,0.24630238874073,5,1
sem_70_256,semantic,pil_acts,q4eu_070,H,RII,4,10,0.25,0.75,0.375,0.25,0.5,0.5028746730079328,12,3
sem_70_256,semantic,pil_acts,q4eu_071,N,B,2,5,0.14285714285714285,0.5,0.22222222222222224,0.0,0.2,0.23719771276929622,7,1
sem_70_256,semantic,pil_acts,q4eu_071,N,B,2,10,0.09090909090909091,0.5,0.15384615384615385,0.0,0.2,0.23719771276929622,11,1
sem_70_256,semantic,target_acts,q4eu_001,H,E,3,5,0.5,1.0,0.6666666666666666,0.6666666666666666,1.0,0.9469024295259745,6,3
sem_70_256,semantic,target_acts,q4eu_001,H,E,3,10,0.25,1.0,0.4,0.6666666666666666,1.0,0.9469024295259745,12,3
sem_70_256,semantic,target_acts,q4eu_002,N,E,2,5,0.14285714285714285,0.5,0.22222222222222224,0.0,0.16666666666666666,0.21840743681816419,7,1
sem_70_256,semantic,target_acts,q4eu_002,N,E,2,10,0.07142857142857142,0.5,0.125,0.0,0.16666666666666666,0.21840743681816419,14,1
sem_70_256,semantic,target_acts,q4eu_003,L,E,2,5,0.16666666666666666,0.5,0.25,0.0,0.25,0.2640681225725909,6,1
sem_70_256,semantic,target_acts,q4eu_003,L,E,2,10,0.09090909090909091,0.5,0.15384615384615385,0.0,0.25,0.2640681225725909,11,1
sem_70_256,semantic,target_acts,q4eu_004,N,E,2,5,0.5,1.0,0.6666666666666666,0.5,1.0,0.9197207891481876,4,2
sem_70_256,semantic,target_acts,q4eu_004,N,E,2,10,0.2222222222222222,1.0,0.3636363636363636,0.5,1.0,0.9197207891481876,9,2
sem_70_256,semantic,target_acts,q4eu_005,L,E,2,5,0.125,0.5,0.2,0.5,0.5,0.38685280723454163,8,1
sem_70_256,semantic,target_acts,q4eu_005,L,E,2,10,0.18181818181818182,1.0,0.3076923076923077,0.5,0.5,0.5578858913022597,11,2
sem_70_256,semantic,target_acts,q4eu_006,N,E,2,5,0.2857142857142857,1.0,0.4444444444444445,1.0,1.0,1.0,7,2
sem_70_256,semantic,target_acts,q4eu_006,N,E,2,10,0.18181818181818182,1.0,0.3076923076923077,1.0,1.0,1.0,11,2
sem_70_256,semantic,target_acts,q4eu_007,H,E,1,5,0.125,1.0,0.2222222222222222,1.0,1.0,1.0,8,1
sem_70_256,semantic,target_acts,q4eu_007,H,E,1,10,0.08333333333333333,1.0,0.15384615384615385,1.0,1.0,1.0,12,1
sem_70_256,semantic,target_acts,q4eu_008,L,E,2,5,0.0,0.0,0.0,0.0,0.0,0.0,9,0
sem_70_256,semantic,target_acts,q4eu_008,L,E,2,10,0.0,0.0,0.0,0.0,0.0,0.0,15,0
sem_70_256,semantic,target_acts,q4eu_009,H,E,2,5,0.3333333333333333,1.0,0.5,0.5,1.0,0.8772153153380493,6,2
sem_70_256,semantic,target_acts,q4eu_009,H,E,2,10,0.25,1.0,0.4,0.5,1.0,0.8772153153380493,8,2
sem_70_256,semantic,target_acts,q4eu_010,H,E,1,5,0.2,1.0,0.33333333333333337,1.0,1.0,1.0,5,1
sem_70_256,semantic,target_acts,q4eu_010,H,E,1,10,0.125,1.0,0.2222222222222222,1.0,1.0,1.0,8,1
sem_70_256,semantic,target_acts,q4eu_011,L,E,5,5,0.3333333333333333,0.6,0.42857142857142855,0.2,1.0,0.5730249097309823,9,3
sem_70_256,semantic,target_acts,q4eu_011,L,E,5,10,0.23076923076923078,0.6,0.33333333333333337,0.2,1.0,0.5730249097309823,13,3
sem_70_256,semantic,target_acts,q4eu_012,N,E,4,5,0.75,0.75,0.75,0.75,1.0,0.8318724637288826,4,3
sem_70_256,semantic,target_acts,q4eu_012,N,E,4,10,0.6666666666666666,1.0,0.8,0.75,1.0,0.9828920819566879,6,4
sem_70_256,semantic,target_acts,q4eu_013,N,E,2,5,1.0,1.0,1.0,1.0,1.0,1.0,2,2
sem_70_256,semantic,target_acts,q4eu_013,N,E,2,10,0.3333333333333333,1.0,0.5,1.0,1.0,1.0,6,2
sem_70_256,semantic,target_acts,q4eu_014,N,E,2,5,0.14285714285714285,0.5,0.22222222222222224,0.5,0.5,0.38685280723454163,7,1
sem_70_256,semantic,target_acts,q4eu_014,N,E,2,10,0.16666666666666666,1.0,0.2857142857142857,0.5,0.5,0.5640920940185894,12,2
sem_70_256,semantic,target_acts,q4eu_015,H,E,1,5,0.25,1.0,0.4,1.0,1.0,1.0,4,1
sem_70_256,semantic,target_acts,q4eu_015,H,E,1,10,0.125,1.0,0.2222222222222222,1.0,1.0,1.0,8,1
sem_70_256,semantic,target_acts,q4eu_016,N,E,2,5,0.16666666666666666,0.5,0.25,0.5,1.0,0.6131471927654584,6,1
sem_70_256,semantic,target_acts,q4eu_016,N,E,2,10,0.18181818181818182,1.0,0.3076923076923077,0.5,1.0,0.8065735963827293,11,2
sem_70_256,semantic,target_acts,q4eu_017,L,E,2,5,0.4,1.0,0.5714285714285715,0.5,0.5,0.6240505200038379,5,2
sem_70_256,semantic,target_acts,q4eu_017,L,E,2,10,0.2857142857142857,1.0,0.4444444444444445,0.5,0.5,0.6240505200038379,7,2
sem_70_256,semantic,target_acts,q4eu_018,H,G,1,5,0.25,1.0,0.4,0.0,0.5,0.6309297535714575,4,1
sem_70_256,semantic,target_acts,q4eu_018,H,G,1,10,0.16666666666666666,1.0,0.2857142857142857,0.0,0.5,0.6309297535714575,6,1
sem_70_256,semantic,target_acts,q4eu_019,N,G,1,5,0.25,1.0,0.4,0.0,0.5,0.6309297535714575,4,1
sem_70_256,semantic,target_acts,q4eu_019,N,G,1,10,0.14285714285714285,1.0,0.25,0.0,0.5,0.6309297535714575,7,1
sem_70_256,semantic,target_acts,q4eu_020,L,G,6,5,0.6666666666666666,0.3333333333333333,0.4444444444444444,0.3333333333333333,1.0,0.7039180890341347,3,2
sem_70_256,semantic,target_acts,q4eu_020,L,G,6,10,0.375,0.5,0.42857142857142855,0.3333333333333333,1.0,0.5493640533376876,8,3
sem_70_256,semantic,target_acts,q4eu_021,N,G,2,5,0.0,0.0,0.0,0.0,0.0,0.0,3,0
sem_70_256,semantic,target_acts,q4eu_021,N,G,2,10,0.0,0.0,0.0,0.0,0.0,0.0,6,0
sem_70_256,semantic,target_acts,q4eu_022,L,G,5,5,0.3333333333333333,0.2,0.25,0.2,0.5,0.2960819109658652,3,1
sem_70_256,semantic,target_acts,q4eu_022,L,G,5,10,0.2857142857142857,0.4,0.3333333333333333,0.4,0.5,0.34519134224686937,7,2
sem_70_256,semantic,target_acts,q4eu_023,N,G,2,5,0.25,0.5,0.3333333333333333,0.5,1.0,0.6131471927654584,4,1
sem_70_256,semantic,target_acts,q4eu_023,N,G,2,10,0.18181818181818182,1.0,0.3076923076923077,0.5,1.0,0.8065735963827293,11,2
sem_70_256,semantic,target_acts,q4eu_024,H,G,3,5,0.2,0.3333333333333333,0.25,0.3333333333333333,1.0,0.46927872602275644,5,1
sem_70_256,semantic,target_acts,q4eu_024,H,G,3,10,0.375,1.0,0.5454545454545454,0.3333333333333333,1.0,0.7928654229965442,8,3
sem_70_256,semantic,target_acts,q4eu_025,L,G,8,5,0.4,0.25,0.3076923076923077,0.25,0.5,0.38356636737133565,5,2
sem_70_256,semantic,target_acts,q4eu_025,L,G,8,10,0.3,0.375,0.33333333333333326,0.375,0.5,0.3658549670711731,10,3
sem_70_256,semantic,target_acts,q4eu_026,H,G,1,5,0.25,1.0,0.4,1.0,1.0,1.0,4,1
sem_70_256,semantic,target_acts,q4eu_026,H,G,1,10,0.14285714285714285,1.0,0.25,1.0,1.0,1.0,7,1
sem_70_256,semantic,target_acts,q4eu_027,H,G,1,5,0.3333333333333333,1.0,0.5,1.0,1.0,1.0,3,1
sem_70_256,semantic,target_acts,q4eu_027,H,G,1,10,0.1111111111111111,1.0,0.19999999999999998,1.0,1.0,1.0,9,1
sem_70_256,semantic,target_acts,q4eu_028,N,G,4,5,0.4,0.5,0.4444444444444445,0.5,1.0,0.5855700749881525,5,2
sem_70_256,semantic,target_acts,q4eu_028,N,G,4,10,0.2,0.5,0.28571428571428575,0.5,1.0,0.5855700749881525,10,2
sem_70_256,semantic,target_acts,q4eu_029,N,G,2,5,0.3333333333333333,0.5,0.4,0.5,1.0,0.6131471927654584,3,1
sem_70_256,semantic,target_acts,q4eu_029,N,G,2,10,0.14285714285714285,0.5,0.22222222222222224,0.5,1.0,0.6131471927654584,7,1
sem_70_256,semantic,target_acts,q4eu_030,N,G,4,5,0.16666666666666666,0.25,0.2,0.25,0.3333333333333333,0.19519002499605084,6,1
sem_70_256,semantic,target_acts,q4eu_030,N,G,4,10,0.25,0.75,0.375,0.25,0.3333333333333333,0.4095793702993934,12,3
sem_70_256,semantic,target_acts,q4eu_031,H,G,3,5,0.5,0.6666666666666666,0.5714285714285715,0.6666666666666666,1.0,0.7039180890341347,4,2
sem_70_256,semantic,target_acts,q4eu_031,H,G,3,10,0.25,0.6666666666666666,0.36363636363636365,0.6666666666666666,1.0,0.7039180890341347,8,2
sem_70_256,semantic,target_acts,q4eu_032,N,G,3,5,0.3333333333333333,0.6666666666666666,0.4444444444444444,0.3333333333333333,1.0,0.6713860725233041,6,2
sem_70_256,semantic,target_acts,q4eu_032,N,G,3,10,0.2727272727272727,1.0,0.42857142857142855,0.3333333333333333,1.0,0.8194270280062366,11,3
sem_70_256,semantic,target_acts,q4eu_033,L,G,6,5,1.0,1.0,1.0,1.0,1.0,1.0,6,6
sem_70_256,semantic,target_acts,q4eu_033,L,G,6,10,0.8571428571428571,1.0,0.923076923076923,1.0,1.0,1.0,7,6
sem_70_256,semantic,target_acts,q4eu_034,L,B,3,5,0.0,0.0,0.0,0.0,0.0,0.0,5,0
sem_70_256,semantic,target_acts,q4eu_034,L,B,3,10,0.3333333333333333,1.0,0.5,0.0,0.14285714285714285,0.44573417035034707,9,3
sem_70_256,semantic,target_acts,q4eu_035,N,B,4,5,0.2,0.25,0.22222222222222224,0.25,1.0,0.3903800499921017,5,1
sem_70_256,semantic,target_acts,q4eu_035,N,B,4,10,0.3,0.75,0.4285714285714285,0.25,1.0,0.6333518746717375,10,3
sem_70_256,semantic,target_acts,q4eu_036,N,RI,4,5,0.09090909090909091,0.25,0.13333333333333333,0.25,1.0,0.3903800499921017,11,1
sem_70_256,semantic,target_acts,q4eu_036,N,RI,4,10,0.0625,0.25,0.1,0.25,1.0,0.3903800499921017,16,1
sem_70_256,semantic,target_acts,q4eu_037,H,B,3,5,0.2,0.3333333333333333,0.25,0.3333333333333333,0.3333333333333333,0.23463936301137822,5,1
sem_70_256,semantic,target_acts,q4eu_037,H,B,3,10,0.2857142857142857,0.6666666666666666,0.4,0.3333333333333333,0.3333333333333333,0.39106560501896365,7,2
sem_70_256,semantic,target_acts,q4eu_038,H,B,3,5,0.2857142857142857,0.6666666666666666,0.4,0.6666666666666666,0.5,0.5307212739772434,7,2
sem_70_256,semantic,target_acts,q4eu_038,H,B,3,10,0.2,0.6666666666666666,0.30769230769230765,0.6666666666666666,0.5,0.5307212739772434,10,2
sem_70_256,semantic,target_acts,q4eu_039,N,RII,22,5,0.42857142857142855,0.13636363636363635,0.20689655172413793,0.13636363636363635,0.3333333333333333,0.36215764044273824,7,3
sem_70_256,semantic,target_acts,q4eu_039,N,RII,22,10,0.4166666666666667,0.22727272727272727,0.29411764705882354,0.22727272727272727,0.3333333333333333,0.3754240395634658,12,5
sem_70_256,semantic,target_acts,q4eu_040,H,RI,4,5,0.2222222222222222,0.5,0.30769230769230765,0.5,1.0,0.5585075862632192,9,2
sem_70_256,semantic,target_acts,q4eu_040,H,RI,4,10,0.16666666666666666,0.5,0.25,0.5,1.0,0.5585075862632192,12,2
sem_70_256,semantic,target_acts,q4eu_041,N,B,5,5,0.75,0.6,0.6666666666666665,0.6,1.0,0.8318724637288826,4,3
sem_70_256,semantic,target_acts,q4eu_041,N,B,5,10,0.36363636363636365,0.8,0.5000000000000001,0.6,1.0,0.8297197050122155,11,4
sem_70_256,semantic,target_acts,q4eu_042,L,RI,2,5,0.16666666666666666,0.5,0.25,0.5,1.0,0.6131471927654584,6,1
sem_70_256,semantic,target_acts,q4eu_042,L,RI,2,10,0.15384615384615385,1.0,0.2666666666666667,0.5,1.0,0.8065735963827293,13,2
sem_70_256,semantic,target_acts,q4eu_043,N,B;RI,2,5,0.4,1.0,0.5714285714285715,1.0,1.0,1.0,5,2
sem_70_256,semantic,target_acts,q4eu_043,N,B;RI,2,10,0.16666666666666666,1.0,0.2857142857142857,1.0,1.0,1.0,12,2
sem_70_256,semantic,target_acts,q4eu_044,L,RI,4,5,0.4,0.5,0.4444444444444445,0.5,1.0,0.6366824387328317,5,2
sem_70_256,semantic,target_acts,q4eu_044,L,RI,4,10,0.4444444444444444,1.0,0.6153846153846153,0.5,1.0,0.9058653015743079,9,4
sem_70_256,semantic,target_acts,q4eu_045,N,B,4,5,0.5714285714285714,1.0,0.7272727272727273,0.75,1.0,0.9828920819566879,7,4
sem_70_256,semantic,target_acts,q4eu_045,N,B,4,10,0.36363636363636365,1.0,0.5333333333333333,0.75,1.0,0.9828920819566879,11,4
sem_70_256,semantic,target_acts,q4eu_046,H,B,5,5,0.5,0.6,0.5454545454545454,0.6,0.5,0.5296347172140421,6,3
sem_70_256,semantic,target_acts,q4eu_046,H,B,5,10,0.25,0.6,0.35294117647058826,0.6,0.5,0.5296347172140421,12,3
sem_70_256,semantic,target_acts,q4eu_047,N,W,5,5,0.2,0.2,0.20000000000000004,0.2,1.0,0.3391602052736161,5,1
sem_70_256,semantic,target_acts,q4eu_047,N,W,5,10,0.18181818181818182,0.4,0.25000000000000006,0.2,1.0,0.4599715079731103,11,2
sem_70_256,semantic,target_acts,q4eu_048,L,W,3,5,0.3333333333333333,0.3333333333333333,0.3333333333333333,0.3333333333333333,0.5,0.2960819109658652,3,1
sem_70_256,semantic,target_acts,q4eu_048,L,W,3,10,0.14285714285714285,0.3333333333333333,0.2,0.3333333333333333,0.5,0.2960819109658652,7,1
sem_70_256,semantic,target_acts,q4eu_049,N,W,3,5,0.25,0.3333333333333333,0.28571428571428575,0.3333333333333333,1.0,0.46927872602275644,4,1
sem_70_256,semantic,target_acts,q4eu_049,N,W,3,10,0.18181818181818182,0.6666666666666666,0.28571428571428575,0.3333333333333333,1.0,0.6105456988825855,11,2
sem_70_256,semantic,target_acts,q4eu_050,H,W,2,5,0.25,0.5,0.3333333333333333,0.5,1.0,0.6131471927654584,4,1
sem_70_256,semantic,target_acts,q4eu_050,H,W,2,10,0.2,0.5,0.28571428571428575,0.5,1.0,0.6131471927654584,5,1
sem_70_256,semantic,target_acts,q4eu_051,L,W,5,5,0.42857142857142855,0.6,0.5,0.4,1.0,0.6739577727076379,7,3
sem_70_256,semantic,target_acts,q4eu_051,L,W,5,10,0.26666666666666666,0.8,0.4,0.4,1.0,0.7630380429258723,15,4
sem_70_256,semantic,target_acts,q4eu_052,H,W,1,5,0.16666666666666666,1.0,0.2857142857142857,0.0,0.25,0.43067655807339306,6,1
sem_70_256,semantic,target_acts,q4eu_052,H,W,1,10,0.1111111111111111,1.0,0.19999999999999998,0.0,0.25,0.43067655807339306,9,1
sem_70_256,semantic,target_acts,q4eu_053,N,W,2,5,0.2,0.5,0.28571428571428575,0.5,1.0,0.6131471927654584,5,1
sem_70_256,semantic,target_acts,q4eu_053,N,W,2,10,0.16666666666666666,0.5,0.25,0.5,1.0,0.6131471927654584,6,1
sem_70_256,semantic,target_acts,q4eu_054,L,W,4,5,0.25,0.25,0.25,0.25,0.25,0.16812753627111746,4,1
sem_70_256,semantic,target_acts,q4eu_054,L,W,4,10,0.14285714285714285,0.25,0.18181818181818182,0.25,0.25,0.16812753627111746,7,1
sem_70_256,semantic,target_acts,q4eu_055,H,W,1,5,0.16666666666666666,1.0,0.2857142857142857,1.0,1.0,1.0,6,1
sem_70_256,semantic,target_acts,q4eu_055,H,W,1,10,0.1,1.0,0.18181818181818182,1.0,1.0,1.0,10,1
sem_70_256,semantic,target_acts,q4eu_056,L,W,4,5,0.3333333333333333,0.25,0.28571428571428575,0.25,1.0,0.46927872602275644,3,1
sem_70_256,semantic,target_acts,q4eu_056,L,W,4,10,0.3333333333333333,0.75,0.46153846153846156,0.5,1.0,0.7095272044910244,9,3
sem_70_256,semantic,target_acts,q4eu_057,N,W,4,5,0.6,0.75,0.6666666666666665,0.5,0.5,0.592512031964586,5,3
sem_70_256,semantic,target_acts,q4eu_057,N,W,4,10,0.3333333333333333,0.75,0.46153846153846156,0.5,0.5,0.592512031964586,9,3
sem_70_256,semantic,target_acts,q4eu_058,N,W,4,5,0.6666666666666666,0.5,0.5714285714285715,0.5,0.5,0.5307212739772434,3,2
sem_70_256,semantic,target_acts,q4eu_058,N,W,4,10,0.2857142857142857,0.5,0.36363636363636365,0.5,0.5,0.44149241373678083,7,2
sem_70_256,semantic,target_acts,q4eu_059,H,W,3,5,0.2,0.3333333333333333,0.25,0.3333333333333333,0.5,0.2960819109658652,5,1
sem_70_256,semantic,target_acts,q4eu_059,H,W,3,10,0.1,0.3333333333333333,0.15384615384615383,0.3333333333333333,0.5,0.2960819109658652,10,1
sem_70_256,semantic,target_acts,q4eu_060,L,W,4,5,0.0,0.0,0.0,0.0,0.0,0.0,4,0
sem_70_256,semantic,target_acts,q4eu_060,L,W,4,10,0.2,0.5,0.28571428571428575,0.0,0.16666666666666666,0.2622073738811406,10,2
sem_70_256,semantic,target_acts,q4eu_061,H,W,2,5,0.16666666666666666,0.5,0.25,0.5,1.0,0.6131471927654584,6,1
sem_70_256,semantic,target_acts,q4eu_061,H,W,2,10,0.13333333333333333,1.0,0.23529411764705882,0.5,1.0,0.778842958530688,15,2
sem_70_256,semantic,target_acts,q4eu_062,H,W,2,5,0.16666666666666666,0.5,0.25,0.5,1.0,0.6131471927654584,6,1
sem_70_256,semantic,target_acts,q4eu_062,H,W,2,10,0.1111111111111111,0.5,0.1818181818181818,0.5,1.0,0.6131471927654584,9,1
sem_70_256,semantic,target_acts,q4eu_063,N,W,2,5,0.3333333333333333,0.5,0.4,0.5,1.0,0.6131471927654584,3,1
sem_70_256,semantic,target_acts,q4eu_063,N,W,2,10,0.125,0.5,0.2,0.5,1.0,0.6131471927654584,8,1
sem_70_256,semantic,target_acts,q4eu_064,N,W,3,5,0.6666666666666666,0.6666666666666666,0.6666666666666666,0.6666666666666666,1.0,0.7653606369886217,3,2
sem_70_256,semantic,target_acts,q4eu_064,N,W,3,10,0.3333333333333333,1.0,0.5,0.6666666666666666,1.0,0.9066276098484507,9,3
sem_70_256,semantic,target_acts,q4eu_065,L,W,6,5,0.25,0.16666666666666666,0.2,0.16666666666666666,1.0,0.3903800499921017,4,1
sem_70_256,semantic,target_acts,q4eu_065,L,W,6,10,0.375,0.5,0.42857142857142855,0.3333333333333333,1.0,0.5058520011127918,8,3
sem_70_256,semantic,target_acts,q4eu_066,H,W,1,5,0.2,1.0,0.33333333333333337,1.0,1.0,1.0,5,1
sem_70_256,semantic,target_acts,q4eu_066,H,W,1,10,0.07692307692307693,1.0,0.14285714285714288,1.0,1.0,1.0,13,1
sem_70_256,semantic,target_acts,q4eu_067,L,W,3,5,0.3333333333333333,0.3333333333333333,0.3333333333333333,0.3333333333333333,0.5,0.2960819109658652,3,1
sem_70_256,semantic,target_acts,q4eu_067,L,W,3,10,0.16666666666666666,0.3333333333333333,0.2222222222222222,0.3333333333333333,0.5,0.2960819109658652,6,1
sem_70_256,semantic,target_acts,q4eu_068,L,B;RI;RII,6,5,0.2,0.16666666666666666,0.1818181818181818,0.16666666666666666,1.0,0.3391602052736161,5,1
sem_70_256,semantic,target_acts,q4eu_068,L,B;RI;RII,6,10,0.2,0.3333333333333333,0.25,0.3333333333333333,1.0,0.41039156802332444,10,2
sem_70_256,semantic,target_acts,q4eu_069,L,RI,5,5,0.2857142857142857,0.4,0.3333333333333333,0.2,0.25,0.2591217516005785,7,2
sem_70_256,semantic,target_acts,q4eu_069,L,RI,5,10,0.14285714285714285,0.4,0.21052631578947364,0.2,0.25,0.2591217516005785,14,2
sem_70_256,semantic,target_acts,q4eu_070,H,RII,4,5,0.5,0.75,0.6,0.5,1.0,0.787702056960637,6,3
sem_70_256,semantic,target_acts,q4eu_070,H,RII,4,10,0.3,0.75,0.4285714285714285,0.5,1.0,0.787702056960637,10,3
sem_70_256,semantic,target_acts,q4eu_071,N,B,2,5,0.16666666666666666,0.5,0.25,0.5,0.5,0.38685280723454163,6,1
sem_70_256,semantic,target_acts,q4eu_071,N,B,2,10,0.1111111111111111,0.5,0.1818181818181818,0.5,0.5,0.38685280723454163,9,1
sem_70_256,semantic,target_acts,q4eu_072,L,G,3,5,0.4,0.6666666666666666,0.5,0.3333333333333333,0.5,0.4776237035032179,5,2
sem_70_256,semantic,target_acts,q4eu_072,L,G,3,10,0.16666666666666666,0.6666666666666666,0.26666666666666666,0.3333333333333333,0.5,0.4776237035032179,12,2
sem_70_64,semantic,all_acts,q4eu_001,H,E,3,5,0.75,1.0,0.8571428571428571,1.0,1.0,1.0,4,3
sem_70_64,semantic,all_acts,q4eu_001,H,E,3,10,0.375,1.0,0.5454545454545454,1.0,1.0,1.0,8,3
sem_70_64,semantic,all_acts,q4eu_002,N,E,2,5,0.16666666666666666,0.5,0.25,0.5,0.5,0.38685280723454163,6,1
sem_70_64,semantic,all_acts,q4eu_002,N,E,2,10,0.2,1.0,0.33333333333333337,0.5,0.5,0.5802792108518124,10,2
sem_70_64,semantic,all_acts,q4eu_003,L,E,2,5,0.14285714285714285,0.5,0.22222222222222224,0.0,0.16666666666666666,0.21840743681816419,7,1
sem_70_64,semantic,all_acts,q4eu_003,L,E,2,10,0.18181818181818182,1.0,0.3076923076923077,0.0,0.16666666666666666,0.39564672360221187,11,2
sem_70_64,semantic,all_acts,q4eu_004,N,E,2,5,0.5,1.0,0.6666666666666666,0.5,1.0,0.8772153153380493,4,2
sem_70_64,semantic,all_acts,q4eu_004,N,E,2,10,0.2857142857142857,1.0,0.4444444444444445,0.5,1.0,0.8772153153380493,7,2
sem_70_64,semantic,all_acts,q4eu_005,L,E,2,5,0.5,1.0,0.6666666666666666,1.0,1.0,1.0,4,2
sem_70_64,semantic,all_acts,q4eu_005,L,E,2,10,0.2222222222222222,1.0,0.3636363636363636,1.0,1.0,1.0,9,2
sem_70_64,semantic,all_acts,q4eu_006,N,E,2,5,0.5,1.0,0.6666666666666666,1.0,1.0,1.0,4,2
sem_70_64,semantic,all_acts,q4eu_006,N,E,2,10,0.25,1.0,0.4,1.0,1.0,1.0,8,2
sem_70_64,semantic,all_acts,q4eu_007,H,E,1,5,0.3333333333333333,1.0,0.5,1.0,1.0,1.0,3,1
sem_70_64,semantic,all_acts,q4eu_007,H,E,1,10,0.16666666666666666,1.0,0.2857142857142857,1.0,1.0,1.0,6,1
sem_70_64,semantic,all_acts,q4eu_008,L,E,2,5,0.0,0.0,0.0,0.0,0.0,0.0,5,0
sem_70_64,semantic,all_acts,q4eu_008,L,E,2,10,0.0,0.0,0.0,0.0,0.0,0.0,11,0
sem_70_64,semantic,all_acts,q4eu_009,H,E,2,5,0.4,1.0,0.5714285714285715,0.5,1.0,0.9197207891481876,5,2
sem_70_64,semantic,all_acts,q4eu_009,H,E,2,10,0.25,1.0,0.4,0.5,1.0,0.9197207891481876,8,2
sem_70_64,semantic,all_acts,q4eu_010,H,E,1,5,0.3333333333333333,1.0,0.5,1.0,1.0,1.0,3,1
sem_70_64,semantic,all_acts,q4eu_010,H,E,1,10,0.16666666666666666,1.0,0.2857142857142857,1.0,1.0,1.0,6,1
sem_70_64,semantic,all_acts,q4eu_011,L,E,5,5,0.4,0.4,0.4000000000000001,0.4,1.0,0.5531464700081437,5,2
sem_70_64,semantic,all_acts,q4eu_011,L,E,5,10,0.4,0.8,0.5333333333333333,0.4,1.0,0.7760551678305495,10,4
sem_70_64,semantic,all_acts,q4eu_012,N,E,4,5,0.6,0.75,0.6666666666666665,0.75,1.0,0.8318724637288826,5,3
sem_70_64,semantic,all_acts,q4eu_012,N,E,4,10,0.5714285714285714,1.0,0.7272727272727273,0.75,1.0,0.9709286432396581,7,4
sem_70_64,semantic,all_acts,q4eu_013,N,E,2,5,0.6666666666666666,1.0,0.8,1.0,1.0,1.0,3,2
sem_70_64,semantic,all_acts,q4eu_013,N,E,2,10,0.4,1.0,0.5714285714285715,1.0,1.0,1.0,5,2
sem_70_64,semantic,all_acts,q4eu_014,N,E,2,5,0.5,1.0,0.6666666666666666,0.5,1.0,0.9197207891481876,4,2
sem_70_64,semantic,all_acts,q4eu_014,N,E,2,10,0.2857142857142857,1.0,0.4444444444444445,0.5,1.0,0.9197207891481876,7,2
sem_70_64,semantic,all_acts,q4eu_015,H,E,1,5,0.3333333333333333,1.0,0.5,1.0,1.0,1.0,3,1
sem_70_64,semantic,all_acts,q4eu_015,H,E,1,10,0.125,1.0,0.2222222222222222,1.0,1.0,1.0,8,1
sem_70_64,semantic,all_acts,q4eu_016,N,E,2,5,0.2,0.5,0.28571428571428575,0.5,1.0,0.6131471927654584,5,1
sem_70_64,semantic,all_acts,q4eu_016,N,E,2,10,0.2222222222222222,1.0,0.3636363636363636,0.5,1.0,0.8315546295836225,9,2
sem_70_64,semantic,all_acts,q4eu_017,L,E,2,5,0.5,1.0,0.6666666666666666,0.5,1.0,0.8772153153380493,4,2
sem_70_64,semantic,all_acts,q4eu_017,L,E,2,10,0.25,1.0,0.4,0.5,1.0,0.8772153153380493,8,2
sem_70_64,semantic,all_acts,q4eu_018,H,G,1,5,0.25,1.0,0.4,1.0,1.0,1.0,4,1
sem_70_64,semantic,all_acts,q4eu_018,H,G,1,10,0.16666666666666666,1.0,0.2857142857142857,1.0,1.0,1.0,6,1
sem_70_64,semantic,all_acts,q4eu_019,N,G,1,5,0.25,1.0,0.4,0.0,0.3333333333333333,0.5,4,1
sem_70_64,semantic,all_acts,q4eu_019,N,G,1,10,0.14285714285714285,1.0,0.25,0.0,0.3333333333333333,0.5,7,1
sem_70_64,semantic,all_acts,q4eu_020,L,G,6,5,0.5,0.3333333333333333,0.4,0.3333333333333333,0.5,0.44149241373678083,4,2
sem_70_64,semantic,all_acts,q4eu_020,L,G,6,10,0.7142857142857143,0.8333333333333334,0.7692307692307692,0.6666666666666666,0.5,0.6679412917570872,7,5
sem_70_64,semantic,all_acts,q4eu_021,N,G,2,5,0.25,0.5,0.3333333333333333,0.0,0.3333333333333333,0.3065735963827292,4,1
sem_70_64,semantic,all_acts,q4eu_021,N,G,2,10,0.125,0.5,0.2,0.0,0.3333333333333333,0.3065735963827292,8,1
sem_70_64,semantic,all_acts,q4eu_022,L,G,5,5,0.3333333333333333,0.2,0.25,0.2,0.5,0.2960819109658652,3,1
sem_70_64,semantic,all_acts,q4eu_022,L,G,5,10,0.2,0.2,0.20000000000000004,0.2,0.5,0.21398626473452756,5,1
sem_70_64,semantic,all_acts,q4eu_023,N,G,2,5,0.2,0.5,0.28571428571428575,0.0,0.3333333333333333,0.3065735963827292,5,1
sem_70_64,semantic,all_acts,q4eu_023,N,G,2,10,0.2222222222222222,1.0,0.3636363636363636,0.0,0.3333333333333333,0.5,9,2
sem_70_64,semantic,all_acts,q4eu_024,H,G,3,5,0.4,0.6666666666666666,0.5,0.3333333333333333,0.3333333333333333,0.4367467095119258,5,2
sem_70_64,semantic,all_acts,q4eu_024,H,G,3,10,0.3333333333333333,1.0,0.5,0.3333333333333333,0.3333333333333333,0.5931729515195112,9,3
sem_70_64,semantic,all_acts,q4eu_025,L,G,8,5,0.4,0.25,0.3076923076923077,0.25,1.0,0.48522855511632257,5,2
sem_70_64,semantic,all_acts,q4eu_025,L,G,8,10,0.25,0.25,0.25,0.25,1.0,0.3618791953854131,8,2
sem_70_64,semantic,all_acts,q4eu_026,H,G,1,5,0.25,1.0,0.4,1.0,1.0,1.0,4,1
sem_70_64,semantic,all_acts,q4eu_026,H,G,1,10,0.125,1.0,0.2222222222222222,1.0,1.0,1.0,8,1
sem_70_64,semantic,all_acts,q4eu_027,H,G,1,5,0.25,1.0,0.4,1.0,1.0,1.0,4,1
sem_70_64,semantic,all_acts,q4eu_027,H,G,1,10,0.14285714285714285,1.0,0.25,1.0,1.0,1.0,7,1
sem_70_64,semantic,all_acts,q4eu_028,N,G,4,5,0.6666666666666666,0.5,0.5714285714285715,0.5,1.0,0.7653606369886217,3,2
sem_70_64,semantic,all_acts,q4eu_028,N,G,4,10,0.375,0.75,0.5,0.5,1.0,0.7757386182436072,8,3
sem_70_64,semantic,all_acts,q4eu_029,N,G,2,5,0.25,0.5,0.3333333333333333,0.5,1.0,0.6131471927654584,4,1
sem_70_64,semantic,all_acts,q4eu_029,N,G,2,10,0.3333333333333333,1.0,0.5,0.5,1.0,0.8315546295836225,6,2
sem_70_64,semantic,all_acts,q4eu_030,N,G,4,5,0.2,0.25,0.22222222222222224,0.25,0.5,0.24630238874073,5,1
sem_70_64,semantic,all_acts,q4eu_030,N,G,4,10,0.1111111111111111,0.25,0.15384615384615383,0.25,0.5,0.24630238874073,9,1
sem_70_64,semantic,all_acts,q4eu_031,H,G,3,5,0.2,0.3333333333333333,0.25,0.3333333333333333,1.0,0.46927872602275644,5,1
sem_70_64,semantic,all_acts,q4eu_031,H,G,3,10,0.14285714285714285,0.3333333333333333,0.2,0.3333333333333333,1.0,0.46927872602275644,7,1
sem_70_64,semantic,all_acts,q4eu_032,N,G,3,5,0.5,0.6666666666666666,0.5714285714285715,0.6666666666666666,1.0,0.7039180890341347,4,2
sem_70_64,semantic,all_acts,q4eu_032,N,G,3,10,0.3333333333333333,1.0,0.5,0.6666666666666666,1.0,0.86034433104172,9,3
sem_70_64,semantic,all_acts,q4eu_033,L,G,6,5,1.0,0.6666666666666666,0.8,0.6666666666666666,1.0,1.0,4,4
sem_70_64,semantic,all_acts,q4eu_033,L,G,6,10,0.8333333333333334,0.8333333333333334,0.8333333333333334,0.8333333333333334,1.0,0.8922108454754891,6,5
sem_70_64,semantic,all_acts,q4eu_034,L,B,3,5,0.0,0.0,0.0,0.0,0.0,0.0,5,0
sem_70_64,semantic,all_acts,q4eu_034,L,B,3,10,0.0,0.0,0.0,0.0,0.0,0.0,10,0
sem_70_64,semantic,all_acts,q4eu_035,N,B,4,5,0.2,0.25,0.22222222222222224,0.25,0.5,0.24630238874073,5,1
sem_70_64,semantic,all_acts,q4eu_035,N,B,4,10,0.1111111111111111,0.25,0.15384615384615383,0.25,0.5,0.24630238874073,9,1
sem_70_64,semantic,all_acts,q4eu_036,N,RI,4,5,0.2,0.25,0.22222222222222224,0.25,1.0,0.3903800499921017,5,1
sem_70_64,semantic,all_acts,q4eu_036,N,RI,4,10,0.09090909090909091,0.25,0.13333333333333333,0.25,1.0,0.3903800499921017,11,1
sem_70_64,semantic,all_acts,q4eu_037,H,B,3,5,0.5,0.6666666666666666,0.5714285714285715,0.6666666666666666,0.5,0.5307212739772434,4,2
sem_70_64,semantic,all_acts,q4eu_037,H,B,3,10,0.2222222222222222,0.6666666666666666,0.3333333333333333,0.6666666666666666,0.5,0.5307212739772434,9,2
sem_70_64,semantic,all_acts,q4eu_038,H,B,3,5,0.4,0.6666666666666666,0.5,0.6666666666666666,1.0,0.7653606369886217,5,2
sem_70_64,semantic,all_acts,q4eu_038,H,B,3,10,0.2,0.6666666666666666,0.30769230769230765,0.6666666666666666,1.0,0.7653606369886217,10,2
sem_70_64,semantic,all_acts,q4eu_039,N,RII,22,5,0.6,0.13636363636363635,0.22222222222222218,0.13636363636363635,0.5,0.4912596920895758,5,3
sem_70_64,semantic,all_acts,q4eu_039,N,RII,22,10,0.625,0.22727272727272727,0.3333333333333333,0.22727272727272727,0.5,0.5407914072860661,8,5
sem_70_64,semantic,all_acts,q4eu_040,H,RI,4,5,0.25,0.25,0.25,0.25,0.3333333333333333,0.19519002499605084,4,1
sem_70_64,semantic,all_acts,q4eu_040,H,RI,4,10,0.2222222222222222,0.5,0.30769230769230765,0.25,0.3333333333333333,0.32531670832675136,9,2
sem_70_64,semantic,all_acts,q4eu_041,N,B,5,5,0.4,0.4,0.4000000000000001,0.4,1.0,0.5531464700081437,5,2
sem_70_64,semantic,all_acts,q4eu_041,N,B,5,10,0.3,0.6,0.4,0.4,1.0,0.6511857558395008,10,3
sem_70_64,semantic,all_acts,q4eu_042,L,RI,2,5,0.25,0.5,0.3333333333333333,0.5,1.0,0.6131471927654584,4,1
sem_70_64,semantic,all_acts,q4eu_042,L,RI,2,10,0.25,1.0,0.4,0.5,1.0,0.8315546295836225,8,2
sem_70_64,semantic,all_acts,q4eu_043,N,B;RI,2,5,0.3333333333333333,1.0,0.5,0.5,1.0,0.9197207891481876,6,2
sem_70_64,semantic,all_acts,q4eu_043,N,B;RI,2,10,0.16666666666666666,1.0,0.2857142857142857,0.5,1.0,0.9197207891481876,12,2
sem_70_64,semantic,all_acts,q4eu_044,L,RI,4,5,0.4,0.5,0.4444444444444445,0.5,1.0,0.6366824387328317,5,2
sem_70_64,semantic,all_acts,q4eu_044,L,RI,4,10,0.2,0.5,0.28571428571428575,0.5,1.0,0.6366824387328317,10,2
sem_70_64,semantic,all_acts,q4eu_045,N,B,4,5,1.0,1.0,1.0,1.0,1.0,1.0,4,4
sem_70_64,semantic,all_acts,q4eu_045,N,B,4,10,0.4444444444444444,1.0,0.6153846153846153,1.0,1.0,1.0,9,4
sem_70_64,semantic,all_acts,q4eu_046,H,B,5,5,0.75,0.6,0.6666666666666665,0.6,1.0,0.8318724637288826,4,3
sem_70_64,semantic,all_acts,q4eu_046,H,B,5,10,0.3333333333333333,0.6,0.42857142857142855,0.6,1.0,0.7227265726449519,9,3
sem_70_64,semantic,all_acts,q4eu_047,N,W,5,5,0.2,0.2,0.20000000000000004,0.2,1.0,0.3391602052736161,5,1
sem_70_64,semantic,all_acts,q4eu_047,N,W,5,10,0.3,0.6,0.4,0.2,1.0,0.5580107938044674,10,3
sem_70_64,semantic,all_acts,q4eu_048,L,W,3,5,0.25,0.3333333333333333,0.28571428571428575,0.3333333333333333,1.0,0.46927872602275644,4,1
sem_70_64,semantic,all_acts,q4eu_048,L,W,3,10,0.16666666666666666,0.3333333333333333,0.2222222222222222,0.3333333333333333,1.0,0.46927872602275644,6,1
sem_70_64,semantic,all_acts,q4eu_049,N,W,3,5,0.25,0.3333333333333333,0.28571428571428575,0.3333333333333333,1.0,0.46927872602275644,4,1
sem_70_64,semantic,all_acts,q4eu_049,N,W,3,10,0.25,0.6666666666666666,0.36363636363636365,0.3333333333333333,1.0,0.6257049680303419,8,2
sem_70_64,semantic,all_acts,q4eu_050,H,W,2,5,0.25,0.5,0.3333333333333333,0.5,1.0,0.6131471927654584,4,1
sem_70_64,semantic,all_acts,q4eu_050,H,W,2,10,0.16666666666666666,0.5,0.25,0.5,1.0,0.6131471927654584,6,1
sem_70_64,semantic,all_acts,q4eu_051,L,W,5,5,0.6666666666666666,0.8,0.7272727272727272,0.6,1.0,0.8435378753444459,6,4
sem_70_64,semantic,all_acts,q4eu_051,L,W,5,10,0.4,0.8,0.5333333333333333,0.6,1.0,0.8435378753444459,10,4
sem_70_64,semantic,all_acts,q4eu_052,H,W,1,5,0.2,1.0,0.33333333333333337,1.0,1.0,1.0,5,1
sem_70_64,semantic,all_acts,q4eu_052,H,W,1,10,0.1111111111111111,1.0,0.19999999999999998,1.0,1.0,1.0,9,1
sem_70_64,semantic,all_acts,q4eu_053,N,W,2,5,0.2,0.5,0.28571428571428575,0.5,1.0,0.6131471927654584,5,1
sem_70_64,semantic,all_acts,q4eu_053,N,W,2,10,0.14285714285714285,0.5,0.22222222222222224,0.5,1.0,0.6131471927654584,7,1
sem_70_64,semantic,all_acts,q4eu_054,L,W,4,5,0.2,0.25,0.22222222222222224,0.25,0.25,0.16812753627111746,5,1
sem_70_64,semantic,all_acts,q4eu_054,L,W,4,10,0.125,0.25,0.16666666666666666,0.25,0.25,0.16812753627111746,8,1
sem_70_64,semantic,all_acts,q4eu_055,H,W,1,5,0.25,1.0,0.4,1.0,1.0,1.0,4,1
sem_70_64,semantic,all_acts,q4eu_055,H,W,1,10,0.125,1.0,0.2222222222222222,1.0,1.0,1.0,8,1
sem_70_64,semantic,all_acts,q4eu_056,L,W,4,5,0.5,0.25,0.3333333333333333,0.25,1.0,0.6131471927654584,2,1
sem_70_64,semantic,all_acts,q4eu_056,L,W,4,10,0.2857142857142857,0.5,0.36363636363636365,0.25,1.0,0.5205067333228022,7,2
sem_70_64,semantic,all_acts,q4eu_057,N,W,4,5,0.6,0.75,0.6666666666666665,0.5,0.5,0.592512031964586,5,3
sem_70_64,semantic,all_acts,q4eu_057,N,W,4,10,0.375,0.75,0.5,0.5,0.5,0.592512031964586,8,3
sem_70_64,semantic,all_acts,q4eu_058,N,W,4,5,0.3333333333333333,0.25,0.28571428571428575,0.25,0.5,0.2960819109658652,3,1
sem_70_64,semantic,all_acts,q4eu_058,N,W,4,10,0.25,0.5,0.3333333333333333,0.5,0.5,0.4144299250118475,8,2
sem_70_64,semantic,all_acts,q4eu_059,H,W,3,5,0.25,0.3333333333333333,0.28571428571428575,0.3333333333333333,1.0,0.46927872602275644,4,1
sem_70_64,semantic,all_acts,q4eu_059,H,W,3,10,0.125,0.3333333333333333,0.18181818181818182,0.3333333333333333,1.0,0.46927872602275644,8,1
sem_70_64,semantic,all_acts,q4eu_060,L,W,4,5,0.0,0.0,0.0,0.0,0.0,0.0,5,0
sem_70_64,semantic,all_acts,q4eu_060,L,W,4,10,0.0,0.0,0.0,0.0,0.0,0.0,11,0
sem_70_64,semantic,all_acts,q4eu_061,H,W,2,5,0.2,0.5,0.28571428571428575,0.5,1.0,0.6131471927654584,5,1
sem_70_64,semantic,all_acts,q4eu_061,H,W,2,10,0.125,0.5,0.2,0.5,1.0,0.6131471927654584,8,1
sem_70_64,semantic,all_acts,q4eu_062,H,W,2,5,0.2,0.5,0.28571428571428575,0.5,1.0,0.6131471927654584,5,1
sem_70_64,semantic,all_acts,q4eu_062,H,W,2,10,0.14285714285714285,0.5,0.22222222222222224,0.5,1.0,0.6131471927654584,7,1
sem_70_64,semantic,all_acts,q4eu_063,N,W,2,5,0.3333333333333333,0.5,0.4,0.5,1.0,0.6131471927654584,3,1
sem_70_64,semantic,all_acts,q4eu_063,N,W,2,10,0.14285714285714285,0.5,0.22222222222222224,0.5,1.0,0.6131471927654584,7,1
sem_70_64,semantic,all_acts,q4eu_064,N,W,3,5,0.6666666666666666,0.6666666666666666,0.6666666666666666,0.6666666666666666,1.0,0.7653606369886217,3,2
sem_70_64,semantic,all_acts,q4eu_064,N,W,3,10,0.25,0.6666666666666666,0.36363636363636365,0.6666666666666666,1.0,0.7653606369886217,8,2
sem_70_64,semantic,all_acts,q4eu_065,L,W,6,5,0.6666666666666666,0.3333333333333333,0.4444444444444444,0.3333333333333333,1.0,0.7653606369886217,3,2
sem_70_64,semantic,all_acts,q4eu_065,L,W,6,10,0.5714285714285714,0.6666666666666666,0.6153846153846153,0.5,1.0,0.7114533439819829,7,4
sem_70_64,semantic,all_acts,q4eu_066,H,W,1,5,0.16666666666666666,1.0,0.2857142857142857,1.0,1.0,1.0,6,1
sem_70_64,semantic,all_acts,q4eu_066,H,W,1,10,0.09090909090909091,1.0,0.16666666666666669,1.0,1.0,1.0,11,1
sem_70_64,semantic,all_acts,q4eu_067,L,W,3,5,0.25,0.3333333333333333,0.28571428571428575,0.3333333333333333,1.0,0.46927872602275644,4,1
sem_70_64,semantic,all_acts,q4eu_067,L,W,3,10,0.14285714285714285,0.3333333333333333,0.2,0.3333333333333333,1.0,0.46927872602275644,7,1
sem_70_64,semantic,all_acts,q4eu_068,L,B;RI;RII,6,5,0.0,0.0,0.0,0.0,0.0,0.0,5,0
sem_70_64,semantic,all_acts,q4eu_068,L,B;RI;RII,6,10,0.1,0.16666666666666666,0.125,0.0,0.14285714285714285,0.10086747116627115,10,1
sem_70_64,semantic,all_acts,q4eu_069,L,RI,5,5,0.4,0.4,0.4000000000000001,0.4,0.3333333333333333,0.30078518014914984,5,2
sem_70_64,semantic,all_acts,q4eu_069,L,RI,5,10,0.2222222222222222,0.4,0.2857142857142857,0.4,0.3333333333333333,0.30078518014914984,9,2
sem_70_64,semantic,all_acts,q4eu_070,H,RII,4,5,0.6,0.75,0.6666666666666665,0.5,0.3333333333333333,0.5143371794949736,5,3
sem_70_64,semantic,all_acts,q4eu_070,H,RII,4,10,0.375,0.75,0.5,0.5,0.3333333333333333,0.5143371794949736,8,3
sem_70_64,semantic,all_acts,q4eu_071,N,B,2,5,0.25,0.5,0.3333333333333333,0.5,1.0,0.6131471927654584,4,1
sem_70_64,semantic,all_acts,q4eu_071,N,B,2,10,0.125,0.5,0.2,0.5,1.0,0.6131471927654584,8,1
sem_70_64,semantic,all_acts,q4eu_072,L,G,3,5,0.2857142857142857,0.6666666666666666,0.4,0.3333333333333333,0.5,0.4525081529734507,7,2
sem_70_64,semantic,all_acts,q4eu_072,L,G,3,10,0.23076923076923078,1.0,0.375,0.3333333333333333,0.5,0.5793251698058443,13,3
sem_70_64,semantic,pil_acts,q4eu_034,L,B,3,5,0.0,0.0,0.0,0.0,0.0,0.0,5,0
sem_70_64,semantic,pil_acts,q4eu_034,L,B,3,10,0.0,0.0,0.0,0.0,0.0,0.0,10,0
sem_70_64,semantic,pil_acts,q4eu_035,N,B,4,5,0.2,0.25,0.22222222222222224,0.25,0.5,0.24630238874073,5,1
sem_70_64,semantic,pil_acts,q4eu_035,N,B,4,10,0.1111111111111111,0.25,0.15384615384615383,0.25,0.5,0.24630238874073,9,1
sem_70_64,semantic,pil_acts,q4eu_036,N,RI,4,5,0.2,0.25,0.22222222222222224,0.25,1.0,0.3903800499921017,5,1
sem_70_64,semantic,pil_acts,q4eu_036,N,RI,4,10,0.09090909090909091,0.25,0.13333333333333333,0.25,1.0,0.3903800499921017,11,1
sem_70_64,semantic,pil_acts,q4eu_037,H,B,3,5,0.5,0.6666666666666666,0.5714285714285715,0.6666666666666666,1.0,0.7653606369886217,4,2
sem_70_64,semantic,pil_acts,q4eu_037,H,B,3,10,0.2222222222222222,0.6666666666666666,0.3333333333333333,0.6666666666666666,1.0,0.7653606369886217,9,2
sem_70_64,semantic,pil_acts,q4eu_038,H,B,3,5,0.4,0.6666666666666666,0.5,0.6666666666666666,1.0,0.7653606369886217,5,2
sem_70_64,semantic,pil_acts,q4eu_038,H,B,3,10,0.2,0.6666666666666666,0.30769230769230765,0.6666666666666666,1.0,0.7653606369886217,10,2
sem_70_64,semantic,pil_acts,q4eu_039,N,RII,22,5,0.6,0.13636363636363635,0.22222222222222218,0.13636363636363635,0.5,0.4912596920895758,5,3
sem_70_64,semantic,pil_acts,q4eu_039,N,RII,22,10,0.625,0.22727272727272727,0.3333333333333333,0.22727272727272727,0.5,0.5407914072860661,8,5
sem_70_64,semantic,pil_acts,q4eu_040,H,RI,4,5,0.25,0.25,0.25,0.25,0.3333333333333333,0.19519002499605084,4,1
sem_70_64,semantic,pil_acts,q4eu_040,H,RI,4,10,0.2222222222222222,0.5,0.30769230769230765,0.25,0.3333333333333333,0.32531670832675136,9,2
sem_70_64,semantic,pil_acts,q4eu_041,N,B,5,5,0.4,0.4,0.4000000000000001,0.4,1.0,0.5531464700081437,5,2
sem_70_64,semantic,pil_acts,q4eu_041,N,B,5,10,0.3,0.6,0.4,0.4,1.0,0.6511857558395008,10,3
sem_70_64,semantic,pil_acts,q4eu_042,L,RI,2,5,0.25,0.5,0.3333333333333333,0.5,1.0,0.6131471927654584,4,1
sem_70_64,semantic,pil_acts,q4eu_042,L,RI,2,10,0.25,1.0,0.4,0.5,1.0,0.8315546295836225,8,2
sem_70_64,semantic,pil_acts,q4eu_043,N,B;RI,2,5,0.3333333333333333,1.0,0.5,0.5,1.0,0.9197207891481876,6,2
sem_70_64,semantic,pil_acts,q4eu_043,N,B;RI,2,10,0.16666666666666666,1.0,0.2857142857142857,0.5,1.0,0.9197207891481876,12,2
sem_70_64,semantic,pil_acts,q4eu_044,L,RI,4,5,0.4,0.5,0.4444444444444445,0.5,1.0,0.6366824387328317,5,2
sem_70_64,semantic,pil_acts,q4eu_044,L,RI,4,10,0.18181818181818182,0.5,0.26666666666666666,0.5,1.0,0.6366824387328317,11,2
sem_70_64,semantic,pil_acts,q4eu_045,N,B,4,5,1.0,1.0,1.0,1.0,1.0,1.0,4,4
sem_70_64,semantic,pil_acts,q4eu_045,N,B,4,10,0.4444444444444444,1.0,0.6153846153846153,1.0,1.0,1.0,9,4
sem_70_64,semantic,pil_acts,q4eu_046,H,B,5,5,0.75,0.6,0.6666666666666665,0.6,1.0,0.8318724637288826,4,3
sem_70_64,semantic,pil_acts,q4eu_046,H,B,5,10,0.375,0.6,0.4615384615384615,0.6,1.0,0.7227265726449519,8,3
sem_70_64,semantic,pil_acts,q4eu_068,L,B;RI;RII,6,5,0.2,0.16666666666666666,0.1818181818181818,0.16666666666666666,0.2,0.13120507751234178,5,1
sem_70_64,semantic,pil_acts,q4eu_068,L,B;RI;RII,6,10,0.1,0.16666666666666666,0.125,0.16666666666666666,0.2,0.11706259313796355,10,1
sem_70_64,semantic,pil_acts,q4eu_069,L,RI,5,5,0.4,0.4,0.4000000000000001,0.4,0.3333333333333333,0.30078518014914984,5,2
sem_70_64,semantic,pil_acts,q4eu_069,L,RI,5,10,0.2222222222222222,0.4,0.2857142857142857,0.4,0.3333333333333333,0.30078518014914984,9,2
sem_70_64,semantic,pil_acts,q4eu_070,H,RII,4,5,0.6,0.75,0.6666666666666665,0.5,0.3333333333333333,0.5143371794949736,5,3
sem_70_64,semantic,pil_acts,q4eu_070,H,RII,4,10,0.375,0.75,0.5,0.5,0.3333333333333333,0.5143371794949736,8,3
sem_70_64,semantic,pil_acts,q4eu_071,N,B,2,5,0.25,0.5,0.3333333333333333,0.5,1.0,0.6131471927654584,4,1
sem_70_64,semantic,pil_acts,q4eu_071,N,B,2,10,0.1111111111111111,0.5,0.1818181818181818,0.5,1.0,0.6131471927654584,9,1
sem_70_64,semantic,target_acts,q4eu_001,H,E,3,5,0.75,1.0,0.8571428571428571,1.0,1.0,1.0,4,3
sem_70_64,semantic,target_acts,q4eu_001,H,E,3,10,0.375,1.0,0.5454545454545454,1.0,1.0,1.0,8,3
sem_70_64,semantic,target_acts,q4eu_002,N,E,2,5,0.16666666666666666,0.5,0.25,0.5,0.5,0.38685280723454163,6,1
sem_70_64,semantic,target_acts,q4eu_002,N,E,2,10,0.2,1.0,0.33333333333333337,0.5,0.5,0.5802792108518124,10,2
sem_70_64,semantic,target_acts,q4eu_003,L,E,2,5,0.14285714285714285,0.5,0.22222222222222224,0.0,0.16666666666666666,0.21840743681816419,7,1
sem_70_64,semantic,target_acts,q4eu_003,L,E,2,10,0.18181818181818182,1.0,0.3076923076923077,0.0,0.16666666666666666,0.39564672360221187,11,2
sem_70_64,semantic,target_acts,q4eu_004,N,E,2,5,0.5,1.0,0.6666666666666666,0.5,1.0,0.8772153153380493,4,2
sem_70_64,semantic,target_acts,q4eu_004,N,E,2,10,0.3333333333333333,1.0,0.5,0.5,1.0,0.8772153153380493,6,2
sem_70_64,semantic,target_acts,q4eu_005,L,E,2,5,0.5,1.0,0.6666666666666666,1.0,1.0,1.0,4,2
sem_70_64,semantic,target_acts,q4eu_005,L,E,2,10,0.2222222222222222,1.0,0.3636363636363636,1.0,1.0,1.0,9,2
sem_70_64,semantic,target_acts,q4eu_006,N,E,2,5,0.5,1.0,0.6666666666666666,1.0,1.0,1.0,4,2
sem_70_64,semantic,target_acts,q4eu_006,N,E,2,10,0.25,1.0,0.4,1.0,1.0,1.0,8,2
sem_70_64,semantic,target_acts,q4eu_007,H,E,1,5,0.3333333333333333,1.0,0.5,1.0,1.0,1.0,3,1
sem_70_64,semantic,target_acts,q4eu_007,H,E,1,10,0.16666666666666666,1.0,0.2857142857142857,1.0,1.0,1.0,6,1
sem_70_64,semantic,target_acts,q4eu_008,L,E,2,5,0.0,0.0,0.0,0.0,0.0,0.0,5,0
sem_70_64,semantic,target_acts,q4eu_008,L,E,2,10,0.0,0.0,0.0,0.0,0.0,0.0,10,0
sem_70_64,semantic,target_acts,q4eu_009,H,E,2,5,0.5,1.0,0.6666666666666666,1.0,1.0,1.0,4,2
sem_70_64,semantic,target_acts,q4eu_009,H,E,2,10,0.3333333333333333,1.0,0.5,1.0,1.0,1.0,6,2
sem_70_64,semantic,target_acts,q4eu_010,H,E,1,5,0.3333333333333333,1.0,0.5,1.0,1.0,1.0,3,1
sem_70_64,semantic,target_acts,q4eu_010,H,E,1,10,0.16666666666666666,1.0,0.2857142857142857,1.0,1.0,1.0,6,1
sem_70_64,semantic,target_acts,q4eu_011,L,E,5,5,0.4,0.4,0.4000000000000001,0.4,1.0,0.5531464700081437,5,2
sem_70_64,semantic,target_acts,q4eu_011,L,E,5,10,0.4,0.8,0.5333333333333333,0.4,1.0,0.7760551678305495,10,4
sem_70_64,semantic,target_acts,q4eu_012,N,E,4,5,0.6,0.75,0.6666666666666665,0.75,1.0,0.8318724637288826,5,3
sem_70_64,semantic,target_acts,q4eu_012,N,E,4,10,0.5714285714285714,1.0,0.7272727272727273,0.75,1.0,0.9709286432396581,7,4
sem_70_64,semantic,target_acts,q4eu_013,N,E,2,5,0.6666666666666666,1.0,0.8,1.0,1.0,1.0,3,2
sem_70_64,semantic,target_acts,q4eu_013,N,E,2,10,0.4,1.0,0.5714285714285715,1.0,1.0,1.0,5,2
sem_70_64,semantic,target_acts,q4eu_014,N,E,2,5,0.5,1.0,0.6666666666666666,0.5,1.0,0.9197207891481876,4,2
sem_70_64,semantic,target_acts,q4eu_014,N,E,2,10,0.2857142857142857,1.0,0.4444444444444445,0.5,1.0,0.9197207891481876,7,2
sem_70_64,semantic,target_acts,q4eu_015,H,E,1,5,0.3333333333333333,1.0,0.5,1.0,1.0,1.0,3,1
sem_70_64,semantic,target_acts,q4eu_015,H,E,1,10,0.125,1.0,0.2222222222222222,1.0,1.0,1.0,8,1
sem_70_64,semantic,target_acts,q4eu_016,N,E,2,5,0.2,0.5,0.28571428571428575,0.5,1.0,0.6131471927654584,5,1
sem_70_64,semantic,target_acts,q4eu_016,N,E,2,10,0.2222222222222222,1.0,0.3636363636363636,0.5,1.0,0.8315546295836225,9,2
sem_70_64,semantic,target_acts,q4eu_017,L,E,2,5,0.6666666666666666,1.0,0.8,0.5,1.0,0.9197207891481876,3,2
sem_70_64,semantic,target_acts,q4eu_017,L,E,2,10,0.3333333333333333,1.0,0.5,0.5,1.0,0.9197207891481876,6,2
sem_70_64,semantic,target_acts,q4eu_018,H,G,1,5,0.25,1.0,0.4,1.0,1.0,1.0,4,1
sem_70_64,semantic,target_acts,q4eu_018,H,G,1,10,0.16666666666666666,1.0,0.2857142857142857,1.0,1.0,1.0,6,1
sem_70_64,semantic,target_acts,q4eu_019,N,G,1,5,0.25,1.0,0.4,0.0,0.3333333333333333,0.5,4,1
sem_70_64,semantic,target_acts,q4eu_019,N,G,1,10,0.14285714285714285,1.0,0.25,0.0,0.3333333333333333,0.5,7,1
sem_70_64,semantic,target_acts,q4eu_020,L,G,6,5,0.5,0.3333333333333333,0.4,0.3333333333333333,0.5,0.44149241373678083,4,2
sem_70_64,semantic,target_acts,q4eu_020,L,G,6,10,0.7142857142857143,0.8333333333333334,0.7692307692307692,0.6666666666666666,0.5,0.6679412917570872,7,5
sem_70_64,semantic,target_acts,q4eu_021,N,G,2,5,0.25,0.5,0.3333333333333333,0.0,0.3333333333333333,0.3065735963827292,4,1
sem_70_64,semantic,target_acts,q4eu_021,N,G,2,10,0.125,0.5,0.2,0.0,0.3333333333333333,0.3065735963827292,8,1
sem_70_64,semantic,target_acts,q4eu_022,L,G,5,5,0.3333333333333333,0.2,0.25,0.2,0.5,0.2960819109658652,3,1
sem_70_64,semantic,target_acts,q4eu_022,L,G,5,10,0.2,0.2,0.20000000000000004,0.2,0.5,0.21398626473452756,5,1
sem_70_64,semantic,target_acts,q4eu_023,N,G,2,5,0.2,0.5,0.28571428571428575,0.0,0.3333333333333333,0.3065735963827292,5,1
sem_70_64,semantic,target_acts,q4eu_023,N,G,2,10,0.2222222222222222,1.0,0.3636363636363636,0.0,0.3333333333333333,0.5,9,2
sem_70_64,semantic,target_acts,q4eu_024,H,G,3,5,0.4,0.6666666666666666,0.5,0.3333333333333333,0.3333333333333333,0.4367467095119258,5,2
sem_70_64,semantic,target_acts,q4eu_024,H,G,3,10,0.3333333333333333,1.0,0.5,0.3333333333333333,0.3333333333333333,0.5931729515195112,9,3
sem_70_64,semantic,target_acts,q4eu_025,L,G,8,5,0.4,0.25,0.3076923076923077,0.25,1.0,0.48522855511632257,5,2
sem_70_64,semantic,target_acts,q4eu_025,L,G,8,10,0.25,0.25,0.25,0.25,1.0,0.3618791953854131,8,2
sem_70_64,semantic,target_acts,q4eu_026,H,G,1,5,0.25,1.0,0.4,1.0,1.0,1.0,4,1
sem_70_64,semantic,target_acts,q4eu_026,H,G,1,10,0.125,1.0,0.2222222222222222,1.0,1.0,1.0,8,1
sem_70_64,semantic,target_acts,q4eu_027,H,G,1,5,0.25,1.0,0.4,1.0,1.0,1.0,4,1
sem_70_64,semantic,target_acts,q4eu_027,H,G,1,10,0.14285714285714285,1.0,0.25,1.0,1.0,1.0,7,1
sem_70_64,semantic,target_acts,q4eu_028,N,G,4,5,0.6666666666666666,0.5,0.5714285714285715,0.5,1.0,0.7653606369886217,3,2
sem_70_64,semantic,target_acts,q4eu_028,N,G,4,10,0.375,0.75,0.5,0.5,1.0,0.7757386182436072,8,3
sem_70_64,semantic,target_acts,q4eu_029,N,G,2,5,0.25,0.5,0.3333333333333333,0.5,1.0,0.6131471927654584,4,1
sem_70_64,semantic,target_acts,q4eu_029,N,G,2,10,0.3333333333333333,1.0,0.5,0.5,1.0,0.8315546295836225,6,2
sem_70_64,semantic,target_acts,q4eu_030,N,G,4,5,0.2,0.25,0.22222222222222224,0.25,0.5,0.24630238874073,5,1
sem_70_64,semantic,target_acts,q4eu_030,N,G,4,10,0.1111111111111111,0.25,0.15384615384615383,0.25,0.5,0.24630238874073,9,1
sem_70_64,semantic,target_acts,q4eu_031,H,G,3,5,0.2,0.3333333333333333,0.25,0.3333333333333333,1.0,0.46927872602275644,5,1
sem_70_64,semantic,target_acts,q4eu_031,H,G,3,10,0.14285714285714285,0.3333333333333333,0.2,0.3333333333333333,1.0,0.46927872602275644,7,1
sem_70_64,semantic,target_acts,q4eu_032,N,G,3,5,0.5,0.6666666666666666,0.5714285714285715,0.6666666666666666,1.0,0.7039180890341347,4,2
sem_70_64,semantic,target_acts,q4eu_032,N,G,3,10,0.3333333333333333,1.0,0.5,0.6666666666666666,1.0,0.86034433104172,9,3
sem_70_64,semantic,target_acts,q4eu_033,L,G,6,5,1.0,0.6666666666666666,0.8,0.6666666666666666,1.0,1.0,4,4
sem_70_64,semantic,target_acts,q4eu_033,L,G,6,10,1.0,1.0,1.0,1.0,1.0,1.0,6,6
sem_70_64,semantic,target_acts,q4eu_034,L,B,3,5,0.2,0.3333333333333333,0.25,0.0,0.2,0.18154179253735267,5,1
sem_70_64,semantic,target_acts,q4eu_034,L,B,3,10,0.2222222222222222,0.6666666666666666,0.3333333333333333,0.0,0.2,0.3228087653971817,9,2
sem_70_64,semantic,target_acts,q4eu_035,N,B,4,5,0.25,0.25,0.25,0.25,1.0,0.3903800499921017,4,1
sem_70_64,semantic,target_acts,q4eu_035,N,B,4,10,0.25,0.5,0.3333333333333333,0.25,1.0,0.5135312443624667,8,2
sem_70_64,semantic,target_acts,q4eu_036,N,RI,4,5,0.16666666666666666,0.25,0.2,0.25,1.0,0.3903800499921017,6,1
sem_70_64,semantic,target_acts,q4eu_036,N,RI,4,10,0.09090909090909091,0.25,0.13333333333333333,0.25,1.0,0.3903800499921017,11,1
sem_70_64,semantic,target_acts,q4eu_037,H,B,3,5,0.5,0.6666666666666666,0.5714285714285715,0.6666666666666666,1.0,0.7653606369886217,4,2
sem_70_64,semantic,target_acts,q4eu_037,H,B,3,10,0.3333333333333333,0.6666666666666666,0.4444444444444444,0.6666666666666666,1.0,0.7653606369886217,6,2
sem_70_64,semantic,target_acts,q4eu_038,H,B,3,5,0.4,0.6666666666666666,0.5,0.6666666666666666,1.0,0.7653606369886217,5,2
sem_70_64,semantic,target_acts,q4eu_038,H,B,3,10,0.2,0.6666666666666666,0.30769230769230765,0.6666666666666666,1.0,0.7653606369886217,10,2
sem_70_64,semantic,target_acts,q4eu_039,N,RII,22,5,0.6,0.13636363636363635,0.22222222222222218,0.13636363636363635,0.5,0.4912596920895758,5,3
sem_70_64,semantic,target_acts,q4eu_039,N,RII,22,10,0.625,0.22727272727272727,0.3333333333333333,0.22727272727272727,0.5,0.5407914072860661,8,5
sem_70_64,semantic,target_acts,q4eu_040,H,RI,4,5,0.25,0.25,0.25,0.25,0.5,0.24630238874073,4,1
sem_70_64,semantic,target_acts,q4eu_040,H,RI,4,10,0.2222222222222222,0.5,0.30769230769230765,0.25,0.5,0.3973220069685352,9,2
sem_70_64,semantic,target_acts,q4eu_041,N,B,5,5,0.75,0.6,0.6666666666666665,0.6,1.0,0.8318724637288826,4,3
sem_70_64,semantic,target_acts,q4eu_041,N,B,5,10,0.3333333333333333,0.6,0.42857142857142855,0.6,1.0,0.7227265726449519,9,3
sem_70_64,semantic,target_acts,q4eu_042,L,RI,2,5,0.25,0.5,0.3333333333333333,0.5,1.0,0.6131471927654584,4,1
sem_70_64,semantic,target_acts,q4eu_042,L,RI,2,10,0.25,1.0,0.4,0.5,1.0,0.8503449055347546,8,2
sem_70_64,semantic,target_acts,q4eu_043,N,B;RI,2,5,0.3333333333333333,1.0,0.5,0.5,1.0,0.9197207891481876,6,2
sem_70_64,semantic,target_acts,q4eu_043,N,B;RI,2,10,0.18181818181818182,1.0,0.3076923076923077,0.5,1.0,0.9197207891481876,11,2
sem_70_64,semantic,target_acts,q4eu_044,L,RI,4,5,0.4,0.5,0.4444444444444445,0.5,1.0,0.6366824387328317,5,2
sem_70_64,semantic,target_acts,q4eu_044,L,RI,4,10,0.5714285714285714,1.0,0.7272727272727273,0.5,1.0,0.9058653015743079,7,4
sem_70_64,semantic,target_acts,q4eu_045,N,B,4,5,1.0,1.0,1.0,1.0,1.0,1.0,4,4
sem_70_64,semantic,target_acts,q4eu_045,N,B,4,10,0.4444444444444444,1.0,0.6153846153846153,1.0,1.0,1.0,9,4
sem_70_64,semantic,target_acts,q4eu_046,H,B,5,5,0.75,0.6,0.6666666666666665,0.6,1.0,0.8318724637288826,4,3
sem_70_64,semantic,target_acts,q4eu_046,H,B,5,10,0.3333333333333333,0.6,0.42857142857142855,0.6,1.0,0.7227265726449519,9,3
sem_70_64,semantic,target_acts,q4eu_047,N,W,5,5,0.2,0.2,0.20000000000000004,0.2,1.0,0.3391602052736161,5,1
sem_70_64,semantic,target_acts,q4eu_047,N,W,5,10,0.3,0.6,0.4,0.2,1.0,0.5580107938044674,10,3
sem_70_64,semantic,target_acts,q4eu_048,L,W,3,5,0.25,0.3333333333333333,0.28571428571428575,0.3333333333333333,1.0,0.46927872602275644,4,1
sem_70_64,semantic,target_acts,q4eu_048,L,W,3,10,0.16666666666666666,0.3333333333333333,0.2222222222222222,0.3333333333333333,1.0,0.46927872602275644,6,1
sem_70_64,semantic,target_acts,q4eu_049,N,W,3,5,0.25,0.3333333333333333,0.28571428571428575,0.3333333333333333,1.0,0.46927872602275644,4,1
sem_70_64,semantic,target_acts,q4eu_049,N,W,3,10,0.25,0.6666666666666666,0.36363636363636365,0.3333333333333333,1.0,0.6257049680303419,8,2
sem_70_64,semantic,target_acts,q4eu_050,H,W,2,5,0.25,0.5,0.3333333333333333,0.5,1.0,0.6131471927654584,4,1
sem_70_64,semantic,target_acts,q4eu_050,H,W,2,10,0.16666666666666666,0.5,0.25,0.5,1.0,0.6131471927654584,6,1
sem_70_64,semantic,target_acts,q4eu_051,L,W,5,5,0.6666666666666666,0.8,0.7272727272727272,0.6,1.0,0.8435378753444459,6,4
sem_70_64,semantic,target_acts,q4eu_051,L,W,5,10,0.4,0.8,0.5333333333333333,0.6,1.0,0.8435378753444459,10,4
sem_70_64,semantic,target_acts,q4eu_052,H,W,1,5,0.25,1.0,0.4,1.0,1.0,1.0,4,1
sem_70_64,semantic,target_acts,q4eu_052,H,W,1,10,0.14285714285714285,1.0,0.25,1.0,1.0,1.0,7,1
sem_70_64,semantic,target_acts,q4eu_053,N,W,2,5,0.2,0.5,0.28571428571428575,0.5,1.0,0.6131471927654584,5,1
sem_70_64,semantic,target_acts,q4eu_053,N,W,2,10,0.14285714285714285,0.5,0.22222222222222224,0.5,1.0,0.6131471927654584,7,1
sem_70_64,semantic,target_acts,q4eu_054,L,W,4,5,0.2,0.25,0.22222222222222224,0.25,0.25,0.16812753627111746,5,1
sem_70_64,semantic,target_acts,q4eu_054,L,W,4,10,0.125,0.25,0.16666666666666666,0.25,0.25,0.16812753627111746,8,1
sem_70_64,semantic,target_acts,q4eu_055,H,W,1,5,0.25,1.0,0.4,1.0,1.0,1.0,4,1
sem_70_64,semantic,target_acts,q4eu_055,H,W,1,10,0.125,1.0,0.2222222222222222,1.0,1.0,1.0,8,1
sem_70_64,semantic,target_acts,q4eu_056,L,W,4,5,0.5,0.25,0.3333333333333333,0.25,1.0,0.6131471927654584,2,1
sem_70_64,semantic,target_acts,q4eu_056,L,W,4,10,0.2857142857142857,0.5,0.36363636363636365,0.25,1.0,0.5205067333228022,7,2
sem_70_64,semantic,target_acts,q4eu_057,N,W,4,5,0.6,0.75,0.6666666666666665,0.5,0.5,0.592512031964586,5,3
sem_70_64,semantic,target_acts,q4eu_057,N,W,4,10,0.375,0.75,0.5,0.5,0.5,0.592512031964586,8,3
sem_70_64,semantic,target_acts,q4eu_058,N,W,4,5,0.3333333333333333,0.25,0.28571428571428575,0.25,0.5,0.2960819109658652,3,1
sem_70_64,semantic,target_acts,q4eu_058,N,W,4,10,0.25,0.5,0.3333333333333333,0.5,0.5,0.4144299250118475,8,2
sem_70_64,semantic,target_acts,q4eu_059,H,W,3,5,0.25,0.3333333333333333,0.28571428571428575,0.3333333333333333,1.0,0.46927872602275644,4,1
sem_70_64,semantic,target_acts,q4eu_059,H,W,3,10,0.125,0.3333333333333333,0.18181818181818182,0.3333333333333333,1.0,0.46927872602275644,8,1
sem_70_64,semantic,target_acts,q4eu_060,L,W,4,5,0.0,0.0,0.0,0.0,0.0,0.0,4,0
sem_70_64,semantic,target_acts,q4eu_060,L,W,4,10,0.14285714285714285,0.25,0.18181818181818182,0.0,0.14285714285714285,0.13012668333070054,7,1
sem_70_64,semantic,target_acts,q4eu_061,H,W,2,5,0.2,0.5,0.28571428571428575,0.5,1.0,0.6131471927654584,5,1
sem_70_64,semantic,target_acts,q4eu_061,H,W,2,10,0.125,0.5,0.2,0.5,1.0,0.6131471927654584,8,1
sem_70_64,semantic,target_acts,q4eu_062,H,W,2,5,0.2,0.5,0.28571428571428575,0.5,1.0,0.6131471927654584,5,1
sem_70_64,semantic,target_acts,q4eu_062,H,W,2,10,0.14285714285714285,0.5,0.22222222222222224,0.5,1.0,0.6131471927654584,7,1
sem_70_64,semantic,target_acts,q4eu_063,N,W,2,5,0.3333333333333333,0.5,0.4,0.5,1.0,0.6131471927654584,3,1
sem_70_64,semantic,target_acts,q4eu_063,N,W,2,10,0.16666666666666666,0.5,0.25,0.5,1.0,0.6131471927654584,6,1
sem_70_64,semantic,target_acts,q4eu_064,N,W,3,5,0.6666666666666666,0.6666666666666666,0.6666666666666666,0.6666666666666666,1.0,0.7653606369886217,3,2
sem_70_64,semantic,target_acts,q4eu_064,N,W,3,10,0.25,0.6666666666666666,0.36363636363636365,0.6666666666666666,1.0,0.7653606369886217,8,2
sem_70_64,semantic,target_acts,q4eu_065,L,W,6,5,0.6666666666666666,0.3333333333333333,0.4444444444444444,0.3333333333333333,1.0,0.7653606369886217,3,2
sem_70_64,semantic,target_acts,q4eu_065,L,W,6,10,0.5714285714285714,0.6666666666666666,0.6153846153846153,0.5,1.0,0.7114533439819829,7,4
sem_70_64,semantic,target_acts,q4eu_066,H,W,1,5,0.16666666666666666,1.0,0.2857142857142857,1.0,1.0,1.0,6,1
sem_70_64,semantic,target_acts,q4eu_066,H,W,1,10,0.09090909090909091,1.0,0.16666666666666669,1.0,1.0,1.0,11,1
sem_70_64,semantic,target_acts,q4eu_067,L,W,3,5,0.3333333333333333,0.3333333333333333,0.3333333333333333,0.3333333333333333,1.0,0.46927872602275644,3,1
sem_70_64,semantic,target_acts,q4eu_067,L,W,3,10,0.25,0.3333333333333333,0.28571428571428575,0.3333333333333333,1.0,0.46927872602275644,4,1
sem_70_64,semantic,target_acts,q4eu_068,L,B;RI;RII,6,5,0.2,0.16666666666666666,0.1818181818181818,0.16666666666666666,0.2,0.13120507751234178,5,1
sem_70_64,semantic,target_acts,q4eu_068,L,B;RI;RII,6,10,0.1,0.16666666666666666,0.125,0.16666666666666666,0.2,0.11706259313796355,10,1
sem_70_64,semantic,target_acts,q4eu_069,L,RI,5,5,0.4,0.4,0.4000000000000001,0.4,0.5,0.38356636737133565,5,2
sem_70_64,semantic,target_acts,q4eu_069,L,RI,5,10,0.2222222222222222,0.4,0.2857142857142857,0.4,0.5,0.38356636737133565,9,2
sem_70_64,semantic,target_acts,q4eu_070,H,RII,4,5,0.75,0.75,0.75,0.75,1.0,0.8318724637288826,4,3
sem_70_64,semantic,target_acts,q4eu_070,H,RII,4,10,0.42857142857142855,0.75,0.5454545454545454,0.75,1.0,0.8318724637288826,7,3
sem_70_64,semantic,target_acts,q4eu_071,N,B,2,5,0.25,0.5,0.3333333333333333,0.5,1.0,0.6131471927654584,4,1
sem_70_64,semantic,target_acts,q4eu_071,N,B,2,10,0.125,0.5,0.2,0.5,1.0,0.6131471927654584,8,1
sem_70_64,semantic,target_acts,q4eu_072,L,G,3,5,0.2857142857142857,0.6666666666666666,0.4,0.3333333333333333,0.5,0.4525081529734507,7,2
sem_70_64,semantic,target_acts,q4eu_072,L,G,3,10,0.23076923076923078,1.0,0.375,0.3333333333333333,0.5,0.5793251698058443,13,3
