audit_id,sample_rank,condition_id,faithfulness_band,query_id,question,target_document_codes,gold_unit_ids,context_answer_unit_ids,context_gold_recall,faithfulness_score,correctness_score,answer_abstains,faithfulness_abstention_justified,correctness_answer_abstains,correctness_abstention_justified,either_judge_unjustified_abstention,citation_precision,citation_recall,citation_f1,cited_unit_ids,extra_citation_unit_ids,missing_gold_citation_unit_ids,faithfulness_unfaithful_claims,faithfulness_supporting_evidence,faithfulness_judge_rationale,correctness_material_omissions,correctness_incorrect_claims,correctness_supporting_gold_evidence,correctness_judge_rationale,answer_text,context_text,manual_judge_score_reasonable,manual_faithfulness_score,manual_correctness_score,manual_unsupported_claims_missed,manual_abstention_handled_correctly,manual_notes,reviewer_id,reviewed_at_utc
audit_001,1,combined,high,q4eu_004,From when qualified certificates lose their validity in the case of revocation?,"[""E""]","[""E Art. 24"", ""E Art. 28""]","[""E Art. 28"", ""E Art. 38"", ""E Art. 24"", ""E Rec. 53""]",1.0,1.0,0.8,False,False,False,,False,0.6666666666666666,1.0,0.8,"[""E Art. 28"", ""E Art. 38"", ""E Art. 24""]","[""E Art. 38""]",[],[],"[""E Art. 28.4: 'If a qualified certificate for electronic signatures has been revoked after initial activation, it shall lose its validity from the moment of its revocation, and its status shall not in any circumstances be reverted.'"", ""E Art. 38.4: 'If a qualified certificate for an electronic seal has been revoked after initial activation, it shall lose its validity from the moment of its revocation, and its status shall not in any circumstances be reverted.'"", ""E Art. 24.3: 'If a qualified trust service provider issuing qualified certificates decides to revoke a certificate, it shall register such revocation in its certificate database and publish the revocation status of the certificate in a timely manner, and in any event within 24 hours after the receipt of the request. The revocation shall become effective immediately upon its publication.'""]","The answer directly quotes and accurately represents the three key provisions from the context. Each substantive claim is fully supported: (1) electronic signature certificates lose validity from the moment of revocation with irreversible status; (2) electronic seal certificates have identical revocation rules; (3) revocation procedures require registration and publication within 24 hours with immediate effectiveness. No unsupported claims, contradictions, or legal interpretations are present.",[],"[""Qualified certificates for electronic seals lose their validity from the moment of their revocation; their status cannot be reverted (E Art. 38.4).""]","[""E Art. 24.3: The revocation shall become effective immediately upon its publication."", ""E Art. 28.4: If a qualified certificate for electronic signatures has been revoked after initial activation, it shall lose its validity from the moment of its revocation""]","The answer correctly identifies that a revocation becomes effective immediately upon its publication (Art. 24.3) and, for electronic signatures, from the moment of revocation (Art. 28.4). However, it includes a claim about electronic seals (Art. 38.4) which is not supported by the provided gold texts.","- Qualified certificates for electronic signatures lose their validity from the moment of their revocation; their status cannot be reverted (E Art. 28.4).

- Qualified certificates for electronic seals lose their validity from the moment of their revocation; their status cannot be reverted (E Art. 38.4).

- Where a qualified trust service provider revokes a certificate, it must register and publish the revocation in its certificate database in a timely manner and in any event within 24 hours after receipt of the request; the revocation becomes effective immediately upon its publication (E Art. 24.3).","[1] Reference: E Art. 28.4
Document: E
Answer unit: E Art. 28
4. If a qualified certificate for electronic signatures has been revoked after initial activation, it shall lose its validity from the moment of its revocation, and its status shall not in any circumstances be reverted.

[2] Reference: E Art. 38.4
Document: E
Answer unit: E Art. 38
4. If a qualified certificate for an electronic seal has been revoked after initial activation, it shall lose its validity from the moment of its revocation, and its status shall not in any circumstances be reverted.

[3] Reference: E Art. 24.3
Document: E
Answer unit: E Art. 24
3. If a qualified trust service provider issuing qualified certificates decides to revoke a certificate, it shall register such revocation in its certificate database and publish the revocation status of the certificate in a timely manner, and in any event within 24 hours after the receipt of the request. The revocation shall become effective immediately upon its publication.

[4] Reference: E Rec. 53
Document: E
Answer unit: E Rec. 53
Recital 53. The suspension of qualified certificates is an established operational practice of trust service providers in a number of Member States, which is different from revocation and entails the temporary loss of validity of a certificate. Legal certainty calls for the suspension status of a certificate to always be clearly indicated. To that end, trust service providers should have the responsibility to clearly indicate the status of the certificate and, if suspended, the precise period of time during which the certificate has been suspended. This Regulation should not impose the use of suspension on trust service providers or Member States, but should provide for transparency rules when and where such a practice is available.

[5] Reference: E Art. 38.5
Document: E
Answer unit: E Art. 38
5. Subject to the following conditions, Member States may lay down national rules on temporary suspension of qualified certificates for electronic seals: (a) if a qualified certificate for electronic seal has been temporarily suspended, that certificate shall lose its validity for the period of suspension; (b) the period of suspension shall be clearly indicated in the certificate database and the suspension status shall be visible, during the period of suspension, from the service providing information on the status of the certificate.

[6] Reference: E Art. 28
Document: E
Answer unit: E Art. 28
Article 28. Qualified certificates for electronic signatures

1. Qualified certificates for electronic signatures shall meet the requirements laid down in Annex I.

2. Qualified certificates for electronic signatures shall not be subject to any mandatory requirement exceeding the requirements laid down in Annex I.

3. Qualified certificates for electronic signatures may include non-mandatory additional specific attributes. Those attributes shall not affect the interoperability and recognition of qualified electronic signatures.

4. If a qualified certificate for electronic signatures has been revoked after initial activation, it shall lose its validity from the moment of its revocation, and its status shall not in any circumstances be reverted.

5. Subject to the following conditions, Member States may lay down national rules on temporary suspension of a qualified certificate for electronic signature: (a) if a qualified certificate for electronic signature has been temporarily suspended that certificate shall lose its validity for the period of suspension; (b) the period of suspension shall be clearly indicated in the certificate database and the suspension status shall be visible, during the period of suspension, from the service providing information on the status of the certificate.

6. The Commission may, by means of implementing acts, establish reference numbers of standards for qualified certificates for electronic signature. Compliance with the requirements laid down in Annex I shall be presumed where a qualified certificate for electronic signature meets those standards. Those implementing acts shall be adopted in accordance with the examination procedure referred to in Article 48(2).

[7] Reference: E Art. 38
Document: E
Answer unit: E Art. 38
Article 38. Qualified certificates for electronic seals

1. Qualified certificates for electronic seals shall meet the requirements laid down in Annex III.

2. Qualified certificates for electronic seals shall not be subject to any mandatory requirements exceeding the requirements laid down in Annex III.

3. Qualified certificates for electronic seals may include non-mandatory additional specific attributes. Those attributes shall not affect the interoperability and recognition of qualified electronic seals.

4. If a qualified certificate for an electronic seal has been revoked after initial activation, it shall lose its validity from the moment of its revocation, and its status shall not in any circumstances be reverted.

5. Subject to the following conditions, Member States may lay down national rules on temporary suspension of qualified certificates for electronic seals: (a) if a qualified certificate for electronic seal has been temporarily suspended, that certificate shall lose its validity for the period of suspension; (b) the period of suspension shall be clearly indicated in the certificate database and the suspension status shall be visible, during the period of suspension, from the service providing information on the status of the certificate.

6. The Commission may, by means of implementing acts, establish reference numbers of standards for qualified certificates for electronic seals. Compliance with the requirements laid down in Annex III shall be presumed where a qualified certificate for electronic seal meets those standards. Those implementing acts shall be adopted in accordance with the examination procedure referred to in Article 48(2).

[8] Reference: E Art. 24
Document: E
Answer unit: E Art. 24
Article 24. Requirements for qualified trust service providers

1. When issuing a qualified certificate for a trust service, a qualified trust service provider shall verify, by appropriate means and in accordance with national law, the identity and, if applicable, any specific attributes of the natural or legal person to whom the qualified certificate is issued. The information referred to in the first subparagraph shall be verified by the qualified trust service provider either directly or by relying on a third party in accordance with national law: (a) by the physical presence of the natural person or of an authorised representative of the legal person; or (b) remotely, using electronic identification means, for which prior to the issuance of the qualified certificate, a physical presence of the natural person or of an authorised representative of the legal person was ensured and which meets the requirements set out in Article 8 with regard to the assurance levels ""substantial"" or ""high""; or (c) by means of a certificate of a qualified electronic signature or of a qualified electronic seal issued in compliance with point (a) or (b); or (d) by using other identification methods recognised at national level which provide equivalent assurance in terms of reliability to physical presence. The equivalent assurance shall be confirmed by a conformity assessment body.

2. A qualified trust service provider providing qualified trust services shall: (a) inform the supervisory body of any change in the provision of its qualified trust services and an intention to cease those activities; (b) employ staff and, if applicable, subcontractors who possess the necessary expertise, reliability, experience, and qualifications and who have received appropriate training regarding security and personal data protection rules and shall apply administrative and management procedures which correspond to European or international standards; (c) with regard to the risk of liability for damages in accordance with Article 13, maintain sufficient financial resources and/or obtain appropriate liability insurance, in accordance with national law; (d) before entering into a contractual relationship, inform, in a clear and comprehensive manner, any person seeking to use a qualified trust service of the precise terms and conditions regarding the use of that service, including any limitations on its use; (e) use trustworthy systems and products that are protected against modification and ensure the technical security and reliability of the processes supported by them; (f) use trustworthy systems to store data provided to it, in a verifiable form so that: (i) they are publicly available for retrieval only where the consent of the person to whom the data relates has been obtained, (ii) only authorised persons can make entries and changes to the stored data, (iii) the data can be checked for authenticity; (g) take appropriate measures against forgery and theft of data; (h) record and keep accessible for an appropriate period of time, including after the activities of the qualified trust service provider have ceased, all relevant information concerning data issued and received by the qualified trust service provider, in particular, for the purpose of providing evidence in legal proceedings and for the purpose of ensuring continuity of the service. Such recording may be done electronically; (i) have an up-to-date termination plan to ensure continuity of service in accordance with provisions verified by the supervisory body under point (i) of Article 17(4); (j) ensure lawful processing of personal data in accordance with Directive 95/46/EC; (k) in case of qualified trust service providers issuing qualified certificates, establish and keep updated a certificate database.

3. If a qualified trust service provider issuing qualified certificates decides to revoke a certificate, it shall register such revocation in its certificate database and publish the revocation status of the certificate in a timely manner, and in any event within 24 hours after the receipt of the request. The revocation shall become effective immediately upon its publication.

4. With regard to paragraph 3, qualified trust service providers issuing qualified certificates shall provide to any relying party information on the validity or revocation status of qualified certificates issued by them. This information shall be made available at least on a per certificate basis at any time and beyond the validity period of the certificate in an automated manner that is reliable, free of charge and efficient.

5. The Commission may, by means of implementing acts, establish reference numbers of standards for trustworthy systems and products, which comply with the requirements under points (e) and (f) of paragraph 2 of this Article. Compliance with the requirements laid down in this Article shall be presumed where trustworthy systems and products meet those standards. Those implementing acts shall be adopted in accordance with the examination procedure referred to in Article 48(2).",,,,,,,,
audit_002,2,combined,high,q4eu_014,"When do electronic signatures qualify as ""advanced electronic signatures""?","[""E""]","[""E Art. 3"", ""E Art. 26""]","[""E Art. 26"", ""E Art. 27"", ""E Rec. 50"", ""E Art. 48""]",0.5,1.0,0.9,False,False,False,,False,0.5,0.5,0.5,"[""E Art. 26"", ""E Art. 27""]","[""E Art. 27""]","[""E Art. 3""]",[],"[""E Art. 26 states four requirements: (a) uniquely linked to signatory, (b) capable of identifying signatory, (c) created using signature creation data under sole control with high confidence, (d) linked to signed data so changes are detectable"", ""E Art. 27.4 confirms that compliance with Art. 26 requirements is presumed when signature meets Commission-established standards""]",The answer directly and accurately restates the four requirements from E Art. 26 for what constitutes an advanced electronic signature. It also correctly cites E Art. 27.4 regarding the presumption of compliance when standards are met. All substantive claims are fully supported by the provided context passages with proper citations. No unsupported interpretations or claims are present.,[],"[""Compliance with those requirements is presumed when the advanced electronic signature meets reference standards established by the Commission by implementing acts (E Art. 27.4).""]","[""E Art. 26""]","The answer correctly lists all four requirements for an advanced electronic signature according to Article 26 of the gold text. It contains one minor unsupported claim mentioning Article 27.4 and presumption of compliance, which is outside the provided gold texts, but the core response is entirely correct.","An electronic signature is an ""advanced electronic signature"" when it meets all of the following requirements (E Art. 26):
- it is uniquely linked to the signatory; (E Art. 26)  
- it is capable of identifying the signatory; (E Art. 26)  
- it is created using electronic signature creation data that the signatory can, with a high level of confidence, use under his sole control; (E Art. 26)  
- it is linked to the data signed therewith in such a way that any subsequent change in the data is detectable. (E Art. 26)

Compliance with those requirements is presumed when the advanced electronic signature meets reference standards established by the Commission by implementing acts (E Art. 27.4).","[1] Reference: E Art. 26.26
Document: E
Answer unit: E Art. 26
26. An advanced electronic signature shall meet the following requirements: (a) it is uniquely linked to the signatory; (b) it is capable of identifying the signatory; (c) it is created using electronic signature creation data that the signatory can, with a high level of confidence, use under his sole control; and (d) it is linked to the data signed therewith in such a way that any subsequent change in the data is detectable.

[2] Reference: E Art. 27.1
Document: E
Answer unit: E Art. 27
1. If a Member State requires an advanced electronic signature to use an online service offered by, or on behalf of, a public sector body, that Member State shall recognise advanced electronic signatures, advanced electronic signatures based on a qualified certificate for electronic signatures, and qualified electronic signatures in at least the formats or using methods defined in the implementing acts referred to in paragraph 5.

[3] Reference: E Rec. 50
Document: E
Answer unit: E Rec. 50
Recital 50. As competent authorities in the Member States currently use different formats of advanced electronic signatures to sign their documents electronically, it is necessary to ensure that at least a number of advanced electronic signature formats can be technically supported by Member States when they receive documents signed electronically. Similarly, when competent authorities in the Member States use advanced electronic seals, it would be necessary to ensure that they support at least a number of advanced electronic seal formats.

[4] Reference: E Art. 27.4
Document: E
Answer unit: E Art. 27
4. The Commission may, by means of implementing acts, establish reference numbers of standards for advanced electronic signatures. Compliance with the requirements for advanced electronic signatures referred to in paragraphs 1 and 2 of this Article and in Article 26 shall be presumed when an advanced electronic signature meets those standards. Those implementing acts shall be adopted in accordance with the examination procedure referred to in Article 48(2).

[5] Reference: E Art. 27.2
Document: E
Answer unit: E Art. 27
2. If a Member State requires an advanced electronic signature based on a qualified certificate to use an online service offered by, or on behalf of, a public sector body, that Member State shall recognise advanced electronic signatures based on a qualified certificate and qualified electronic signatures in at least the formats or using methods defined in the implementing acts referred to in paragraph 5.

[6] Reference: E Art. 26
Document: E
Answer unit: E Art. 26
Article 26. Requirements for advanced electronic signatures

26. An advanced electronic signature shall meet the following requirements: (a) it is uniquely linked to the signatory; (b) it is capable of identifying the signatory; (c) it is created using electronic signature creation data that the signatory can, with a high level of confidence, use under his sole control; and (d) it is linked to the data signed therewith in such a way that any subsequent change in the data is detectable.

[7] Reference: E Art. 27
Document: E
Answer unit: E Art. 27
Article 27. Electronic signatures in public services

1. If a Member State requires an advanced electronic signature to use an online service offered by, or on behalf of, a public sector body, that Member State shall recognise advanced electronic signatures, advanced electronic signatures based on a qualified certificate for electronic signatures, and qualified electronic signatures in at least the formats or using methods defined in the implementing acts referred to in paragraph 5.

2. If a Member State requires an advanced electronic signature based on a qualified certificate to use an online service offered by, or on behalf of, a public sector body, that Member State shall recognise advanced electronic signatures based on a qualified certificate and qualified electronic signatures in at least the formats or using methods defined in the implementing acts referred to in paragraph 5.

3. Member States shall not request for cross-border use in an online service offered by a public sector body an electronic signature at a higher security level than the qualified electronic signature.

4. The Commission may, by means of implementing acts, establish reference numbers of standards for advanced electronic signatures. Compliance with the requirements for advanced electronic signatures referred to in paragraphs 1 and 2 of this Article and in Article 26 shall be presumed when an advanced electronic signature meets those standards. Those implementing acts shall be adopted in accordance with the examination procedure referred to in Article 48(2).

5. By 18 September 2015 , and taking into account existing practices, standards and Union legal acts, the Commission shall, by means of implementing acts, define reference formats of advanced electronic signatures or reference methods where alternative formats are used. Those implementing acts shall be adopted in accordance with the examination procedure referred to in Article 48(2).

[8] Reference: E Art. 48
Document: E
Answer unit: E Art. 48
Article 48. Committee procedure

1. The Commission shall be assisted by a committee. That committee shall be a committee within the meaning of Regulation (EU) No 182/2011.

2. Where reference is made to this paragraph, Article 5 of Regulation (EU) No 182/2011 shall apply.",,,,,,,,
audit_003,3,combined,high,q4eu_015,Which subject has the competence to maintain trusted lists?,"[""E""]","[""E Art. 22""]","[""E Art. 22"", ""E Rec. 46"", ""E Art. 48""]",1.0,1.0,1.0,False,False,False,,False,1.0,1.0,1.0,"[""E Art. 22""]",[],[],[],"[""E Art. 22.1: 'Each Member State shall establish, maintain and publish trusted lists'"", ""E Art. 22.2: 'Member States shall establish, maintain and publish, in a secured manner, the electronically signed or sealed trusted lists'""]","The answer directly and accurately identifies Member States as the subject with competence to maintain trusted lists. Both cited articles (22.1 and 22.2) explicitly state that Member States shall establish, maintain, and publish trusted lists. The answer is fully supported by the context and contains no unsupported claims or contradictions.",[],[],"[""Each Member State shall establish, maintain and publish trusted lists""]","The generated answer is fully correct and directly answers the question based on Article 22(1) of the provided text, stating that Member States are responsible for maintaining trusted lists.",- Member States have the competence to maintain trusted lists (E Art. 22.1; E Art. 22.2).,"[1] Reference: E Art. 22.3
Document: E
Answer unit: E Art. 22
3. Member States shall notify to the Commission, without undue delay, information on the body responsible for establishing, maintaining and publishing national trusted lists, and details of where such lists are published, the certificates used to sign or seal the trusted lists and any changes thereto.

[2] Reference: E Art. 22.1
Document: E
Answer unit: E Art. 22
1. Each Member State shall establish, maintain and publish trusted lists, including information related to the qualified trust service providers for which it is responsible, together with information related to the qualified trust services provided by them.

[3] Reference: E Rec. 46
Document: E
Answer unit: E Rec. 46
Recital 46. Trusted lists are essential elements in the building of trust among market operators as they indicate the qualified status of the service provider at the time of supervision.

[4] Reference: E Art. 22.5
Document: E
Answer unit: E Art. 22
5. By 18 September 2015 the Commission shall, by means of implementing acts, specify the information referred to in paragraph 1 and define the technical specifications and formats for trusted lists applicable for the purposes of paragraphs 1 to 4. Those implementing acts shall be adopted in accordance with the examination procedure referred to in Article 48(2).

[5] Reference: E Art. 22.2
Document: E
Answer unit: E Art. 22
2. Member States shall establish, maintain and publish, in a secured manner, the electronically signed or sealed trusted lists referred to in paragraph 1 in a form suitable for automated processing.

[6] Reference: E Art. 22
Document: E
Answer unit: E Art. 22
Article 22. Trusted lists

1. Each Member State shall establish, maintain and publish trusted lists, including information related to the qualified trust service providers for which it is responsible, together with information related to the qualified trust services provided by them.

2. Member States shall establish, maintain and publish, in a secured manner, the electronically signed or sealed trusted lists referred to in paragraph 1 in a form suitable for automated processing.

3. Member States shall notify to the Commission, without undue delay, information on the body responsible for establishing, maintaining and publishing national trusted lists, and details of where such lists are published, the certificates used to sign or seal the trusted lists and any changes thereto.

4. The Commission shall make available to the public, through a secure channel, the information referred to in paragraph 3 in electronically signed or sealed form suitable for automated processing.

5. By 18 September 2015 the Commission shall, by means of implementing acts, specify the information referred to in paragraph 1 and define the technical specifications and formats for trusted lists applicable for the purposes of paragraphs 1 to 4. Those implementing acts shall be adopted in accordance with the examination procedure referred to in Article 48(2).

[7] Reference: E Art. 48
Document: E
Answer unit: E Art. 48
Article 48. Committee procedure

1. The Commission shall be assisted by a committee. That committee shall be a committee within the meaning of Regulation (EU) No 182/2011.

2. Where reference is made to this paragraph, Article 5 of Regulation (EU) No 182/2011 shall apply.",,,,,,,,
audit_004,4,combined,high,q4eu_018,When is it mandatory to carry out a Data Protection Impact Assessment?,"[""G""]","[""G Art. 35""]","[""G Rec. 90"", ""G Rec. 94"", ""G Rec. 84"", ""G Rec. 91"", ""G Art. 35""]",1.0,0.9,0.9,False,False,False,,False,0.25,1.0,0.4,"[""G Art. 35"", ""G Rec. 90"", ""G Art. 9"", ""G Rec. 91""]","[""G Art. 9"", ""G Rec. 90"", ""G Rec. 91""]",[],"[""data relating to criminal convictions and offences are listed in Article 35.3(b) — the context shows Article 35.3(b) refers only to 'special categories of data referred to in Article 9 Article 10', and criminal convictions are mentioned separately in Recital 91 but not explicitly in the Article 35.3(b) text as presented""]","[""G Art. 35.1: 'Where a type of processing...is likely to result in a high risk to the rights and freedoms of natural persons, the controller shall, prior to the processing, carry out an assessment'"", ""G Art. 35.3(a): systematic and extensive evaluation based on automated processing/profiling with legal or similarly significant effects"", ""G Art. 35.3(b): processing on a large scale of special categories of data"", ""G Art. 35.3(c): systematic monitoring of a publicly accessible area on a large scale"", ""G Rec. 91: lists large-scale processing, new technologies, profiling, special categories, biometric data, criminal convictions data, and large-scale monitoring as requiring DPIA"", ""G Art. 35.4–35.5: supervisory authorities shall establish and publish lists of operations subject to DPIA requirement""]","The answer is substantially faithful and well-supported by the context. The general rule, specific cases, examples, and implementation details are all clearly grounded in Articles 35 and Recitals 84, 90, and 91. However, there is a minor imprecision: the answer states that Article 35.3(b) includes 'data relating to criminal convictions and offences,' but the actual text of Article 35.3(b) in the context only references 'special categories of data referred to in Article 9 Article 10.' While Recital 91 does mention criminal convictions data as requiring a DPIA, attributing this specifically to Article 35.3(b) is a slight overstatement. This is a low-impact technical citation issue that does not materially affect the substantive answer about when DPIAs are mandatory.",[],"[""Citations and details from Recitals 90 and 91 (e.g., 'regional, national or supranational', etc.) which are not present in the provided gold text.""]","[""G Art. 35.1"", ""G Art. 35.3"", ""G Art. 35.4""]","The answer is overall excellent and captures all the mandatory requirements for when a DPIA must be carried out according to Article 35(1), (3), and (4) of the provided text. It is marked down slightly (0.9 instead of 1.0) because it introduces details and citations from GDPR Recitals 90 and 91, which were not part of the provided gold legal-unit texts.","- General rule: A data protection impact assessment (DPIA) is mandatory where a type of processing, in particular using new technologies and taking into account the nature, scope, context and purposes of the processing, is likely to result in a high risk to the rights and freedoms of natural persons; the DPIA must be carried out prior to the processing (G Art. 35.1; G Rec. 90).

- Specific cases listed as requiring a DPIA (G Art. 35.3):
  - (a) a systematic and extensive evaluation of personal aspects relating to natural persons based on automated processing, including profiling, on which decisions are based that produce legal effects concerning the natural person or similarly significantly affect them (G Art. 35.3(a));
  - (b) processing on a large scale of special categories of data referred to in Article 9 or data relating to criminal convictions and offences (G Art. 35.3(b));
  - (c) systematic monitoring of a publicly accessible area on a large scale (G Art. 35.3(c)).

- Examples and further clarification: large‑scale processing (regional, national or supranational), use of new technologies on a large scale, profiling for decision‑making, processing of special categories/biometric/criminal‑conviction data, and large‑scale monitoring of publicly accessible areas are the kinds of operations that are likely to result in a high risk and therefore require a DPIA (G Rec. 91).

- Implementation detail: supervisory authorities shall establish and publish lists of processing operations that are subject to the DPIA requirement (and may publish lists of operations for which no DPIA is required) (G Art. 35.4–35.5).","[1] Reference: G Rec. 90
Document: G
Answer unit: G Rec. 90
Recital 90. In such cases, a data protection impact assessment should be carried out by the controller prior to the processing in order to assess the particular likelihood and severity of the high risk, taking into account the nature, scope, context and purposes of the processing and the sources of the risk. That impact assessment should include, in particular, the measures, safeguards and mechanisms envisaged for mitigating that risk, ensuring the protection of personal data and demonstrating compliance with this Regulation.

[2] Reference: G Rec. 94
Document: G
Answer unit: G Rec. 94
Recital 94. Where a data protection impact assessment indicates that the processing would, in the absence of safeguards, security measures and mechanisms to mitigate the risk, result in a high risk to the rights and freedoms of natural persons and the controller is of the opinion that the risk cannot be mitigated by reasonable means in terms of available technologies and costs of implementation, the supervisory authority should be consulted prior to the start of processing activities. Such high risk is likely to result from certain types of processing and the extent and frequency of processing, which may result also in a realisation of damage or interference with the rights and freedoms of the natural person. The supervisory authority should respond to the request for consultation within a specified period. However, the absence of a reaction of the supervisory authority within that period should be without prejudice to any intervention of the supervisory authority in accordance with its tasks and powers laid down in this Regulation, including the power to prohibit processing operations. As part of that consultation process, the outcome of a data protection impact assessment carried out with regard to the processing at issue may be submitted to the supervisory authority, in particular the measures envisaged to mitigate the risk to the rights and freedoms of natural persons.

[3] Reference: G Rec. 84
Document: G
Answer unit: G Rec. 84
Recital 84. In order to enhance compliance with this Regulation where processing operations are likely to result in a high risk to the rights and freedoms of natural persons, the controller should be responsible for the carrying-out of a data protection impact assessment to evaluate, in particular, the origin, nature, particularity and severity of that risk. The outcome of the assessment should be taken into account when determining the appropriate measures to be taken in order to demonstrate that the processing of personal data complies with this Regulation. Where a data-protection impact assessment indicates that processing operations involve a high risk which the controller cannot mitigate by appropriate measures in terms of available technology and costs of implementation, a consultation of the supervisory authority should take place prior to the processing.

[4] Reference: G Rec. 91
Document: G
Answer unit: G Rec. 91
Recital 91. This should in particular apply to large-scale processing operations which aim to process a considerable amount of personal data at regional, national or supranational level and which could affect a large number of data subjects and which are likely to result in a high risk, for example, on account of their sensitivity, where in accordance with the achieved state of technological knowledge a new technology is used on a large scale as well as to other processing operations which result in a high risk to the rights and freedoms of data subjects, in particular where those operations render it more difficult for data subjects to exercise their rights. A data protection impact assessment should also be made where personal data are processed for taking decisions regarding specific natural persons following any systematic and extensive evaluation of personal aspects relating to natural persons based on profiling those data or following the processing of special categories of personal data, biometric data, or data on criminal convictions and offences or related security measures. A data protection impact assessment is equally required for monitoring publicly accessible areas on a large scale, especially when using optic-electronic devices or for any other operations where the competent supervisory authority considers that the processing is likely to result in a high risk to the rights and freedoms of data subjects, in particular because they prevent data subjects from exercising a right or using a service or a contract, or because they are carried out systematically on a large scale. The processing of personal data should not be considered to be on a large scale if the processing concerns personal data from patients or clients by an individual physician, other health care professional or lawyer. In such cases, a data protection impact assessment should not be mandatory.

[5] Reference: G Art. 35.2
Document: G
Answer unit: G Art. 35
2. The controller shall seek the advice of the data protection officer, where designated, when carrying out a data protection impact assessment.

[6] Reference: G Art. 35
Document: G
Answer unit: G Art. 35
Article 35. Data protection impact assessment

1. Where a type of processing in particular using new technologies, and taking into account the nature, scope, context and purposes of the processing, is likely to result in a high risk to the rights and freedoms of natural persons, the controller shall, prior to the processing, carry out an assessment of the impact of the envisaged processing operations on the protection of personal data. A single assessment may address a set of similar processing operations that present similar high risks.

2. The controller shall seek the advice of the data protection officer, where designated, when carrying out a data protection impact assessment.

3. A data protection impact assessment referred to in paragraph 1 (a) a systematic and extensive evaluation of personal aspects relating to natural persons which is based on automated processing, including profiling, and on which decisions are based that produce legal effects concerning the natural person or similarly significantly affect the natural person; (b) processing on a large scale of special categories of data referred to in Article 9 Article 10 (c) a systematic monitoring of a publicly accessible area on a large scale.

4. The supervisory authority shall establish and make public a list of the kind of processing operations which are subject to the requirement for a data protection impact assessment pursuant to paragraph 1 Article 68

5. The supervisory authority may also establish and make public a list of the kind of processing operations for which no data protection impact assessment is required. The supervisory authority shall communicate those lists to the Board.

6. Prior to the adoption of the lists referred to in paragraphs 4 Article 63

7. The assessment shall contain at least: (a) a systematic description of the envisaged processing operations and the purposes of the processing, including, where applicable, the legitimate interest pursued by the controller; (b) an assessment of the necessity and proportionality of the processing operations in relation to the purposes; (c) an assessment of the risks to the rights and freedoms of data subjects referred to in paragraph 1 (d) the measures envisaged to address the risks, including safeguards, security measures and mechanisms to ensure the protection of personal data and to demonstrate compliance with this Regulation taking into account the rights and legitimate interests of data subjects and other persons concerned.

8. Compliance with approved codes of conduct referred to in Article 40

9. Where appropriate, the controller shall seek the views of data subjects or their representatives on the intended processing, without prejudice to the protection of commercial or public interests or the security of processing operations.

10. Where processing pursuant to point (c) or (e) of Article 6 paragraphs 1

11. Where necessary, the controller shall carry out a review to assess if processing is performed in accordance with the data protection impact assessment at least when there is a change of the risk represented by processing operations.",,,,,,,,
audit_005,5,combined,high,q4eu_029,What elements should be included in a Code of Conduct?,"[""G""]","[""G Rec. 81"", ""G Art. 40""]","[""G Art. 40"", ""G Art. 32"", ""G Art. 24"", ""G Rec. 99"", ""G Art. 41"", ""G Art. 55"", ""G Art. 42""]",0.5,1.0,0.9,False,False,False,,False,0.14285714285714285,0.5,0.22222222222222224,"[""G Art. 40"", ""G Art. 24"", ""G Art. 25"", ""G Art. 32"", ""G Art. 77"", ""G Art. 79"", ""G Rec. 99""]","[""G Art. 24"", ""G Art. 25"", ""G Art. 32"", ""G Art. 77"", ""G Art. 79"", ""G Rec. 99""]","[""G Rec. 81""]",[],"[""G Art. 40(2) lists 11 categories (a)–(k) of elements codes of conduct may specify"", ""G Art. 40(1) requires codes to take account of specific features of processing sectors and needs of micro, small and medium-sized enterprises"", ""G Rec. 99 requires consultation with relevant stakeholders, including data subjects where feasible"", ""G Art. 40(2) states codes are for 'specifying the application of this Regulation'""]","The answer is fully supported by the context. It accurately identifies the purpose of codes of conduct (G Art. 40(2)), comprehensively lists all 11 elements specified in G Art. 40(2)(a)–(k) with precise citations, and includes relevant contextual requirements from G Art. 40(1) and G Rec. 99. All substantive claims are directly drawn from or entailed by the supplied passages. No contradictions or unsupported interpretations are present.",[],"[""Citing Recital 99 (consulting relevant stakeholders) which is not contained in the provided gold legal-unit texts.""]","[""G Art. 40(2)""]","The answer perfectly and comprehensively lists all the elements of a Code of Conduct as prescribed in Article 40(2) of the gold text. It also mentions Article 40(1). However, it includes a minor point referencing Recital 99, which is not present in the supplied gold texts.","- Purpose: codes of conduct may specify the application of the Regulation (G Art. 40(2)).

- Elements that such a code should/may specify (G Art. 40(2)(a)–(k)):
  - fair and transparent processing (G Art. 40(2)(a));
  - the legitimate interests pursued by controllers in specific contexts (G Art. 40(2)(b));
  - the collection of personal data (G Art. 40(2)(c));
  - the pseudonymisation of personal data (G Art. 40(2)(d));
  - the information provided to the public and to data subjects (G Art. 40(2)(e));
  - the exercise of the rights of data subjects (G Art. 40(2)(f));
  - the information provided to, and the protection of, children, and how parental consent is to be obtained (G Art. 40(2)(g));
  - the measures and procedures referred to in Articles 24 and 25 and the measures to ensure security of processing referred to in Article 32 (G Art. 40(2)(h));
  - the notification of personal data breaches to supervisory authorities and the communication of such breaches to data subjects (G Art. 40(2)(i));
  - the transfer of personal data to third countries or international organisations (G Art. 40(2)(j));
  - out-of-court proceedings and other dispute‑resolution procedures between controllers and data subjects (without prejudice to Articles 77 and 79) (G Art. 40(2)(k)).

- Other relevant points:
  - Codes should take account of the specific features of processing sectors and the specific needs of micro, small and medium‑sized enterprises (G Art. 40(1)).
  - When drawing up, amending or extending a code, associations and bodies should consult relevant stakeholders, including data subjects where feasible, and have regard to submissions and views received (G Rec. 99).","[1] Reference: G Art. 40.4
Document: G
Answer unit: G Art. 40
4. A code of conduct referred to in paragraph 2 Article 41 Article 55

[2] Reference: G Art. 32.3
Document: G
Answer unit: G Art. 32
3. Adherence to an approved code of conduct as referred to in Article 40 Article 42 paragraph 1

[3] Reference: G Art. 24.3
Document: G
Answer unit: G Art. 24
3. Adherence to approved codes of conduct as referred to in Article 40 Article 42

[4] Reference: G Rec. 99
Document: G
Answer unit: G Rec. 99
Recital 99. When drawing up a code of conduct, or when amending or extending such a code, associations and other bodies representing categories of controllers or processors should consult relevant stakeholders, including data subjects where feasible, and have regard to submissions received and views expressed in response to such consultations.

[5] Reference: G Art. 40.11
Document: G
Answer unit: G Art. 40
11. The Board shall collate all approved codes of conduct, amendments and extensions in a register and shall make them publicly available by way of appropriate means.

[6] Reference: G Art. 40
Document: G
Answer unit: G Art. 40
Article 40. Codes of conduct

1. The Member States, the supervisory authorities, the Board and the Commission shall encourage the drawing up of codes of conduct intended to contribute to the proper application of this Regulation, taking account of the specific features of the various processing sectors and the specific needs of micro, small and medium-sized enterprises.

2. Associations and other bodies representing categories of controllers or processors may prepare codes of conduct, or amend or extend such codes, for the purpose of specifying the application of this Regulation, such as with regard to: (a) fair and transparent processing; (b) the legitimate interests pursued by controllers in specific contexts; (c) the collection of personal data; (d) the pseudonymisation of personal data; (e) the information provided to the public and to data subjects; (f) the exercise of the rights of data subjects; (g) the information provided to, and the protection of, children, and the manner in which the consent of the holders of parental responsibility over children is to be obtained; (h) the measures and procedures referred to in Articles 24 and 25 and the measures to ensure security of processing referred to in Article 32 (i) the notification of personal data breaches to supervisory authorities and the communication of such personal data breaches to data subjects; (j) the transfer of personal data to third countries or international organisations; or (k) out-of-court proceedings and other dispute resolution procedures for resolving disputes between controllers and data subjects with regard to processing, without prejudice to the rights of data subjects pursuant to Articles 77 and 79.

3. In addition to adherence by controllers or processors subject to this Regulation, codes of conduct approved pursuant to paragraph 5 paragraph 9 Article 3 Article 46

4. A code of conduct referred to in paragraph 2 Article 41 Article 55

5. Associations and other bodies referred to in paragraph 2 Article 55

6. Where the draft code, or amendment or extension is approved in accordance with paragraph 5

7. Where a draft code of conduct relates to processing activities in several Member States, the supervisory authority which is competent pursuant to Article 55 Article 63 paragraph 3

8. Where the opinion referred to in paragraph 7 paragraph 3

9. The Commission may, by way of implementing acts, decide that the approved code of conduct, amendment or extension submitted to it pursuant to paragraph 8 Article 93

10. The Commission shall ensure appropriate publicity for the approved codes which have been decided as having general validity in accordance with paragraph 9

11. The Board shall collate all approved codes of conduct, amendments and extensions in a register and shall make them publicly available by way of appropriate means.

[7] Reference: G Art. 32
Document: G
Answer unit: G Art. 32
Article 32. Security of processing

1. Taking into account the state of the art, the costs of implementation and the nature, scope, context and purposes of processing as well as the risk of varying likelihood and severity for the rights and freedoms of natural persons, the controller and the processor shall implement appropriate technical and organisational measures to ensure a level of security appropriate to the risk, including inter alia as appropriate: (a) the pseudonymisation and encryption of personal data; (b) the ability to ensure the ongoing confidentiality, integrity, availability and resilience of processing systems and services; (c) the ability to restore the availability and access to personal data in a timely manner in the event of a physical or technical incident; (d) a process for regularly testing, assessing and evaluating the effectiveness of technical and organisational measures for ensuring the security of the processing.

2. In assessing the appropriate level of security account shall be taken in particular of the risks that are presented by processing, in particular from accidental or unlawful destruction, loss, alteration, unauthorised disclosure of, or access to personal data transmitted, stored or otherwise processed.

3. Adherence to an approved code of conduct as referred to in Article 40 Article 42 paragraph 1

4. The controller and processor shall take steps to ensure that any natural person acting under the authority of the controller or the processor who has access to personal data does not process them except on instructions from the controller, unless he or she is required to do so by Union or Member State law.

[8] Reference: G Art. 24
Document: G
Answer unit: G Art. 24
Article 24. Responsibility of the controller

1. Taking into account the nature, scope, context and purposes of processing as well as the risks of varying likelihood and severity for the rights and freedoms of natural persons, the controller shall implement appropriate technical and organisational measures to ensure and to be able to demonstrate that processing is performed in accordance with this Regulation. Those measures shall be reviewed and updated where necessary.

2. Where proportionate in relation to processing activities, the measures referred to in paragraph 1

3. Adherence to approved codes of conduct as referred to in Article 40 Article 42

[9] Reference: G Art. 41
Document: G
Answer unit: G Art. 41
Article 41. Monitoring of approved codes of conduct

1. Without prejudice to the tasks and powers of the competent supervisory authority under Articles 57 and 58, the monitoring of compliance with a code of conduct pursuant to Article 40

2. A body as referred to in paragraph 1 (a) demonstrated its independence and expertise in relation to the subject-matter of the code to the satisfaction of the competent supervisory authority; (b) established procedures which allow it to assess the eligibility of controllers and processors concerned to apply the code, to monitor their compliance with its provisions and to periodically review its operation; (c) established procedures and structures to handle complaints about infringements of the code or the manner in which the code has been, or is being, implemented by a controller or processor, and to make those procedures and structures transparent to data subjects and the public; and (d) demonstrated to the satisfaction of the competent supervisory authority that its tasks and duties do not result in a conflict of interests.

3. The competent supervisory authority shall submit the draft criteria for accreditation of a body as referred to in paragraph 1 Article 63 .

4. Without prejudice to the tasks and powers of the competent supervisory authority and the provisions of Chapter VIII, a body as referred to in paragraph 1

5. The competent supervisory authority shall revoke the accreditation of a body as referred to in paragraph 1

6. This Article shall not apply to processing carried out by public authorities and bodies.

[10] Reference: G Art. 55
Document: G
Answer unit: G Art. 55
Article 55. Competence

1. Each supervisory authority shall be competent for the performance of the tasks assigned to and the exercise of the powers conferred on it in accordance with this Regulation on the territory of its own Member State.

2. Where processing is carried out by public authorities or private bodies acting on the basis of point (c) or (e) of Article 6 Article 56

3. Supervisory authorities shall not be competent to supervise processing operations of courts acting in their judicial capacity.

[11] Reference: G Art. 42
Document: G
Answer unit: G Art. 42
Article 42. Certification

1. The Member States, the supervisory authorities, the Board and the Commission shall encourage, in particular at Union level, the establishment of data protection certification mechanisms and of data protection seals and marks, for the purpose of demonstrating compliance with this Regulation of processing operations by controllers and processors. The specific needs of micro, small and medium-sized enterprises shall be taken into account.

2. In addition to adherence by controllers or processors subject to this Regulation, data protection certification mechanisms, seals or marks approved pursuant to paragraph 5 Article 3 Article 46

3. The certification shall be voluntary and available via a process that is transparent.

4. A certification pursuant to this Article does not reduce the responsibility of the controller or the processor for compliance with this Regulation and is without prejudice to the tasks and powers of the supervisory authorities which are competent pursuant to Article 55

5. A certification pursuant to this Article shall be issued by the certification bodies referred to in Article 43 Article 58 Article 63

6. The controller or processor which submits its processing to the certification mechanism shall provide the certification body referred to in Article 43

7. Certification shall be issued to a controller or processor for a maximum period of three years and may be renewed, under the same conditions, provided that the relevant requirements continue to be met. Certification shall be withdrawn, as applicable, by the certification bodies referred to in Article 43

8. The Board shall collate all certification mechanisms and data protection seals and marks in a register and shall make them publicly available by any appropriate means.",,,,,,,,
audit_006,6,combined,high,q4eu_032,Who can exercise the right to lodge a complaint before the supervisory authority?,"[""G""]","[""G Rec. 141"", ""G Rec. 142"", ""G Art. 77""]","[""G Rec. 141"", ""G Rec. 130"", ""G Art. 57"", ""G Art. 79"", ""G Art. 77"", ""G Art. 47""]",0.6666666666666666,0.9,0.8,False,False,False,,False,0.3333333333333333,0.3333333333333333,0.3333333333333333,"[""G Art. 77"", ""G Art. 80"", ""G Art. 57""]","[""G Art. 57"", ""G Art. 80""]","[""G Rec. 141"", ""G Rec. 142""]","[""The answer cites 'Article 80' as the basis for bodies, organisations or associations lodging complaints, but Article 80 is not provided in the context passages, so this citation cannot be verified.""]","[""Art. 77.1: 'every data subject shall have the right to lodge a complaint with a supervisory authority, in particular in the Member State of his or her habitual residence, place of work or place of the alleged infringement'"", ""Art. 57.1(f): 'handle complaints lodged by a data subject, or by a body, organisation or association in accordance with Article 80'"", ""Art. 57.2: 'Each supervisory authority shall facilitate the submission of complaints referred to in point (f) of paragraph 1'""]","The answer is substantially faithful. The first bullet point about data subjects' right to lodge complaints is fully supported by Art. 77.1 with accurate details about jurisdiction and conditions. The second bullet point correctly identifies that bodies, organisations, or associations can lodge complaints, as stated in Art. 57.1(f). However, the answer cites 'Article 80' as the provision governing such complaints, but Article 80 is not included in the provided context passages. While Art. 57.1(f) does reference Article 80, the answer cannot verify the accuracy of this citation against the supplied context. This is a minor issue since the core claim (that such entities can lodge complaints) is supported, but the citation itself is unverifiable within the given context.","[""Details from Recital 142 (G2) regarding the specific requirements for the body, organisation, or association (not-for-profit, constituted under Member State law, public interest objectives, active in data protection)."", ""The distinction between lodging a complaint on behalf of a data subject (by mandate) versus doing so independently (if provided by Member State law) as detailed in Recital 142 (G2).""]",[],"[""Recital 141; 142"", ""Article 77(1)""]","The answer correctly identifies that every data subject has the right to lodge a complaint, and that certain bodies, organisations, or associations can also do so. However, it omits key details from the gold text (Recital 142) explaining that these organisations must be not-for-profit, active in data protection, and can act either under mandate from the data subject or independently if Member State law allows.","- Every data subject has the right to lodge a complaint with a supervisory authority (in particular in the Member State of his or her habitual residence, place of work, or place of the alleged infringement) if they consider that processing of their personal data infringes the Regulation (Art. 77.1).

- Complaints may also be lodged by a body, organisation or association, as provided for in Article 80 (Art. 57.1(f); Art. 57.2).","[1] Reference: G Rec. 141
Document: G
Answer unit: G Rec. 141
Recital 141. Every data subject should have the right to lodge a complaint with a single supervisory authority, in particular in the Member State of his or her habitual residence, and the right to an effective judicial remedy in accordance with Article 47

[2] Reference: G Rec. 130
Document: G
Answer unit: G Rec. 130
Recital 130. Where the supervisory authority with which the complaint has been lodged is not the lead supervisory authority, the lead supervisory authority should closely cooperate with the supervisory authority with which the complaint has been lodged in accordance with the provisions on cooperation and consistency laid down in this Regulation. In such cases, the lead supervisory authority should, when taking measures intended to produce legal effects, including the imposition of administrative fines, take utmost account of the view of the supervisory authority with which the complaint has been lodged and which should remain competent to carry out any investigation on the territory of its own Member State in liaison with the competent supervisory authority.

[3] Reference: G Art. 57.2
Document: G
Answer unit: G Art. 57
2. Each supervisory authority shall facilitate the submission of complaints referred to in point (f) of paragraph 1

[4] Reference: G Art. 79.1
Document: G
Answer unit: G Art. 79
1. Without prejudice to any available administrative or non-judicial remedy, including the right to lodge a complaint with a supervisory authority pursuant to Article 77

[5] Reference: G Art. 77.1
Document: G
Answer unit: G Art. 77
1. Without prejudice to any other administrative or judicial remedy, every data subject shall have the right to lodge a complaint with a supervisory authority, in particular in the Member State of his or her habitual residence, place of work or place of the alleged infringement if the data subject considers that the processing of personal data relating to him or her infringes this Regulation.

[6] Reference: G Art. 57
Document: G
Answer unit: G Art. 57
Article 57. Tasks

1. Without prejudice to other tasks set out under this Regulation, each supervisory authority shall on its territory: (a) monitor and enforce the application of this Regulation; (b) promote public awareness and understanding of the risks, rules, safeguards and rights in relation to processing. Activities addressed specifically to children shall receive specific attention; (c) advise, in accordance with Member State law, the national parliament, the government, and other institutions and bodies on legislative and administrative measures relating to the protection of natural persons' rights and freedoms with regard to processing; (d) promote the awareness of controllers and processors of their obligations under this Regulation; (e) upon request, provide information to any data subject concerning the exercise of their rights under this Regulation and, if appropriate, cooperate with the supervisory authorities in other Member States to that end; (f) handle complaints lodged by a data subject, or by a body, organisation or association in accordance with Article 80 (g) cooperate with, including sharing information and provide mutual assistance to, other supervisory authorities with a view to ensuring the consistency of application and enforcement of this Regulation; (h) conduct investigations on the application of this Regulation, including on the basis of information received from another supervisory authority or other public authority; (i) monitor relevant developments, insofar as they have an impact on the protection of personal data, in particular the development of information and communication technologies and commercial practices; (j) adopt standard contractual clauses referred to in Article 28 Article 46 (k) establish and maintain a list in relation to the requirement for data protection impact assessment pursuant to Article 35 (l) give advice on the processing operations referred to in Article 36 (m) encourage the drawing up of codes of conduct pursuant to Article 40 Article 40 (n) encourage the establishment of data protection certification mechanisms and of data protection seals and marks pursuant to Article 42 Article 42 (o) where applicable, carry out a periodic review of certifications issued in accordance with Article 42 (p) draft and publish the criteria for accreditation of a body for monitoring codes of conduct pursuant to Article 41 Article 43 (q) conduct the accreditation of a body for monitoring codes of conduct pursuant to Article 41 Article 43 (r) authorise contractual clauses and provisions referred to in Article 46 (s) approve binding corporate rules pursuant to Article 47 (t) contribute to the activities of the Board; (u) keep internal records of infringements of this Regulation and of measures taken in accordance with Article 58 (v) fulfil any other tasks related to the protection of personal data.

2. Each supervisory authority shall facilitate the submission of complaints referred to in point (f) of paragraph 1

3. The performance of the tasks of each supervisory authority shall be free of charge for the data subject and, where applicable, for the data protection officer.

4. Where requests are manifestly unfounded or excessive, in particular because of their repetitive character, the supervisory authority may charge a reasonable fee based on administrative costs, or refuse to act on the request. The supervisory authority shall bear the burden of demonstrating the manifestly unfounded or excessive character of the request.

[7] Reference: G Art. 79
Document: G
Answer unit: G Art. 79
Article 79. Right to an effective judicial remedy against a controller or processor

1. Without prejudice to any available administrative or non-judicial remedy, including the right to lodge a complaint with a supervisory authority pursuant to Article 77

2. Proceedings against a controller or a processor shall be brought before the courts of the Member State where the controller or processor has an establishment. Alternatively, such proceedings may be brought before the courts of the Member State where the data subject has his or her habitual residence, unless the controller or processor is a public authority of a Member State acting in the exercise of its public powers.

[8] Reference: G Art. 77
Document: G
Answer unit: G Art. 77
Article 77. Right to lodge a complaint with a supervisory authority

1. Without prejudice to any other administrative or judicial remedy, every data subject shall have the right to lodge a complaint with a supervisory authority, in particular in the Member State of his or her habitual residence, place of work or place of the alleged infringement if the data subject considers that the processing of personal data relating to him or her infringes this Regulation.

2. The supervisory authority with which the complaint has been lodged shall inform the complainant on the progress and the outcome of the complaint including the possibility of a judicial remedy pursuant to Article 78

[9] Reference: G Art. 47
Document: G
Answer unit: G Art. 47
Article 47. Binding corporate rules

1. The competent supervisory authority shall approve binding corporate rules in accordance with the consistency mechanism set out in Article 63 (a) are legally binding and apply to and are enforced by every member concerned of the group of undertakings, or group of enterprises engaged in a joint economic activity, including their employees; (b) expressly confer enforceable rights on data subjects with regard to the processing of their personal data; and (c) fulfil the requirements laid down in paragraph 2

2. The binding corporate rules referred to in paragraph 1 (a) the structure and contact details of the group of undertakings, or group of enterprises engaged in a joint economic activity and of each of its members; (b) the data transfers or set of transfers, including the categories of personal data, the type of processing and its purposes, the type of data subjects affected and the identification of the third country or countries in question; (c) their legally binding nature, both internally and externally; (d) the application of the general data protection principles, in particular purpose limitation, data minimisation, limited storage periods, data quality, data protection by design and by default, legal basis for processing, processing of special categories of personal data, measures to ensure data security, and the requirements in respect of onward transfers to bodies not bound by the binding corporate rules; (e) the rights of data subjects in regard to processing and the means to exercise those rights, including the right not to be subject to decisions based solely on automated processing, including profiling in accordance with Article 22 Article 79 (f) the acceptance by the controller or processor established on the territory of a Member State of liability for any breaches of the binding corporate rules by any member concerned not established in the Union; the controller or the processor shall be exempt from that liability, in whole or in part, only if it proves that that member is not responsible for the event giving rise to the damage; (g) how the information on the binding corporate rules, in particular on the provisions referred to in points (d), (e) and (f) of this paragraph is provided to the data subjects in addition to Articles 13 and 14; (h) the tasks of any data protection officer designated in accordance with Article 37 (i) the complaint procedures; (j) the mechanisms within the group of undertakings, or group of enterprises engaged in a joint economic activity for ensuring the verification of compliance with the binding corporate rules. Such mechanisms shall include data protection audits and methods for ensuring corrective actions to protect the rights of the data subject. Results of such verification should be communicated to the person or entity referred to in point (h) and to the board of the controlling undertaking of a group of undertakings, or of the group of enterprises engaged in a joint economic activity, and should be available upon request to the competent supervisory authority; (k) the mechanisms for reporting and recording changes to the rules and reporting those changes to the supervisory authority; (l) the cooperation mechanism with the supervisory authority to ensure compliance by any member of the group of undertakings, or group of enterprises engaged in a joint economic activity, in particular by making available to the supervisory authority the results of verifications of the measures referred to in point (j); (m) the mechanisms for reporting to the competent supervisory authority any legal requirements to which a member of the group of undertakings, or group of enterprises engaged in a joint economic activity is subject in a third country which are likely to have a substantial adverse effect on the guarantees provided by the binding corporate rules; and (n) the appropriate data protection training to personnel having permanent or regular access to personal data.

3. The Commission may specify the format and procedures for the exchange of information between controllers, processors and supervisory authorities for binding corporate rules within the meaning of this Article. Those implementing acts shall be adopted in accordance with the examination procedure set out in Article 93",,,,,,,,
audit_007,7,combined,high,q4eu_036,Which parties of a contract should be protected by conflict-of-law rules?,"[""RI""]","[""RI Rec. 23"", ""RI Art. 6"", ""RI Art. 8"", ""RI Art. 13""]","[""RI Rec. 23"", ""RI Rec. 11"", ""RII Rec. 31"", ""RI Art. 3"", ""RI Rec. 19""]",0.25,1.0,0.8,False,False,False,,False,1.0,0.25,0.4,"[""RI Rec. 23""]",[],"[""RI Art. 13"", ""RI Art. 6"", ""RI Art. 8""]",[],"[""RI Rec. 23: 'As regards contracts concluded with parties regarded as being weaker, those parties should be protected by conflict-of-law rules that are more favourable to their interests than the general rules.'""]","The answer directly and accurately quotes the relevant context passage (RI Rec. 23), which explicitly identifies 'parties regarded as being weaker' as those who should be protected by conflict-of-law rules more favourable to their interests. The answer is fully supported by the supplied context with no unsupported claims, contradictions, or overstatements.","[""Specific weaker parties explicitly protected under the regulations, namely consumers (Article 6) and employees (Article 8).""]",[],"[""RI Rec. 23: As regards contracts concluded with parties regarded as being weaker, those parties should be protected...""]","The answer correctly identifies that 'parties regarded as being weaker' should be protected under Recital 23. However, it omits the specific categories of weaker parties detailed in the other gold texts, namely consumers (Article 6) and employees (Article 8).",Parties regarded as being weaker — they should be protected by conflict-of-law rules more favourable to their interests than the general rules (RI Rec. 23).,"[1] Reference: RI Rec. 23
Document: RI
Answer unit: RI Rec. 23
Recital 23. As regards contracts concluded with parties regarded as being weaker, those parties should be protected by conflict-of-law rules that are more favourable to their interests than the general rules.

[2] Reference: RI Rec. 11
Document: RI
Answer unit: RI Rec. 11
Recital 11. The parties' freedom to choose the applicable law should be one of the cornerstones of the system of conflict-of-law rules in matters of contractual obligations.

[3] Reference: RII Rec. 31
Document: RII
Answer unit: RII Rec. 31
Recital 31. To respect the principle of party autonomy and to enhance legal certainty, the parties should be allowed to make a choice as to the law applicable to a non-contractual obligation. This choice should be expressed or demonstrated with reasonable certainty by the circumstances of the case. Where establishing the existence of the agreement, the court has to respect the intentions of the parties. Protection should be given to weaker parties by imposing certain conditions on the choice.

[4] Reference: RI Art. 3.1
Document: RI
Answer unit: RI Art. 3
1. A contract shall be governed by the law chosen by the parties. The choice shall be made expressly or clearly demonstrated by the terms of the contract or the circumstances of the case. By their choice the parties can select the law applicable to the whole or to part only of the contract.

[5] Reference: RI Rec. 19
Document: RI
Answer unit: RI Rec. 19
Recital 19. Where there has been no choice of law, the applicable law should be determined in accordance with the rule specified for the particular type of contract. Where the contract cannot be categorised as being one of the specified types or where its elements fall within more than one of the specified types, it should be governed by the law of the country where the party required to effect the characteristic performance of the contract has his habitual residence. In the case of a contract consisting of a bundle of rights and obligations capable of being categorised as falling within more than one of the specified types of contract, the characteristic performance of the contract should be determined having regard to its centre of gravity.

[6] Reference: RI Art. 3
Document: RI
Answer unit: RI Art. 3
Article 3. Freedom of choice

1. A contract shall be governed by the law chosen by the parties. The choice shall be made expressly or clearly demonstrated by the terms of the contract or the circumstances of the case. By their choice the parties can select the law applicable to the whole or to part only of the contract.

2. The parties may at any time agree to subject the contract to a law other than that which previously governed it, whether as a result of an earlier choice made under this Article or of other provisions of this Regulation. Any change in the law to be applied that is made after the conclusion of the contract shall not prejudice its formal validity under Article 11 or adversely affect the rights of third parties.

3. Where all other elements relevant to the situation at the time of the choice are located in a country other than the country whose law has been chosen, the choice of the parties shall not prejudice the application of provisions of the law of that other country which cannot be derogated from by agreement.

4. Where all other elements relevant to the situation at the time of the choice are located in one or more Member States, the parties' choice of applicable law other than that of a Member State shall not prejudice the application of provisions of Community law, where appropriate as implemented in the Member State of the forum, which cannot be derogated from by agreement.

5. The existence and validity of the consent of the parties as to the choice of the applicable law shall be determined in accordance with the provisions of Articles 10, 11 and 13.",,,,,,,,
audit_008,8,no_enrichment,high,q4eu_002,Can an electronic signature be expressed in the form of a pseudonym?,"[""E""]","[""E Art. 3"", ""E Art. 32""]","[""E Art. 5"", ""E Art. 25"", ""E Rec. 58"", ""E Art. 26""]",0.0,0.8,0.0,True,True,False,,False,0.0,0.0,0.0,"[""E Art. 5"", ""E Art. 26"", ""E Art. 25""]","[""E Art. 25"", ""E Art. 26"", ""E Art. 5""]","[""E Art. 3"", ""E Art. 32""]",[],"[""E Art. 5.2: Use of pseudonyms in electronic transactions shall not be prohibited"", ""E Art. 26.26(a)–(b): Advanced electronic signatures must be uniquely linked to and capable of identifying the signatory"", ""E Art. 25.1: Electronic signatures shall not be denied legal effect solely on grounds of being electronic""]","The answer appropriately abstains from making an unsupported claim about whether pseudonymous expression is compatible with electronic signature requirements. The answer correctly identifies relevant but tension-creating provisions: pseudonyms are permitted in electronic transactions, but advanced signatures require identification and unique linkage to the signatory. The answer does not fabricate a resolution to this tension. The abstention is justified because the context genuinely does not settle whether a pseudonym can satisfy the identification and unique linkage requirements. The answer is faithful in avoiding overreach while accurately representing what the context does and does not establish.","[""A certificate for electronic signature links the validation data to a natural person and confirms at least the name or the pseudonym of that person (Article 3(14))."", ""Under Article 32(1)(e), the validation of a qualified electronic signature confirms its validity provided that, if a pseudonym was used at the time of signing, its use is clearly indicated to the relying party.""]","[""The text does not state expressly that an electronic signature may or may not be expressed as a pseudonym."", ""Citation and discussion of E Art. 5.2, E Art. 26.26, and E Art. 25 (which are not in the provided gold texts).""]","[""Article 3(14) 'certificate for electronic signature' means an electronic attestation which... confirms at least the name or the pseudonym of that person;"", ""Article 32(1)(e) 'the use of any pseudonym is clearly indicated to the relying party if a pseudonym was used at the time of signing;'""]","The generated answer is incorrect. It falsely claims that the text does not address whether a pseudonym can be used, and it hallucinates external articles (Art. 5, 25, 26) not present in the gold texts. Conversely, the gold texts explicitly support the use of pseudonyms: Article 3(14) states a certificate confirms the name or the pseudonym of the person, and Article 32(1)(e) outlines validation requirements if a pseudonym was used at the time of signing.","- The text does not state expressly that an electronic signature may or may not be expressed as a pseudonym; that specific point is not decided in the provided passages. (Missing: an explicit rule saying an electronic signature may be a pseudonym.)

- Relevant provisions:
  - Use of pseudonyms in electronic transactions shall not be prohibited. (E Art. 5.2)
  - Advanced electronic signatures must be capable of identifying the signatory and be uniquely linked to the signatory. (E Art. 26.26(a)–(b))
  - An electronic signature must not be denied legal effect solely because it is electronic or does not meet qualified signature requirements. (E Art. 25.1)
  - A qualified electronic signature has the equivalent legal effect of a handwritten signature. (E Art. 25.2)

- Interim conclusion from the provided text: pseudonymous use in electronic transactions is permitted (E Art. 5.2), but advanced/qualified signature requirements include identification and a unique link to the signatory (E Art. 26.26(a)–(b)), so whether a signature expressed as a pseudonym would satisfy those requirements is not resolved by the provided passages.","[1] Reference: E Art. 5.2
Document: E
Answer unit: E Art. 5
2. Without prejudice to the legal effect given to pseudonyms under national law, the use of pseudonyms in electronic transactions shall not be prohibited.

[2] Reference: E Art. 25.2
Document: E
Answer unit: E Art. 25
2. A qualified electronic signature shall have the equivalent legal effect of a handwritten signature.

[3] Reference: E Rec. 58
Document: E
Answer unit: E Rec. 58
Recital 58. When a transaction requires a qualified electronic seal from a legal person, a qualified electronic signature from the authorised representative of the legal person should be equally acceptable.

[4] Reference: E Art. 25.1
Document: E
Answer unit: E Art. 25
1. An electronic signature shall not be denied legal effect and admissibility as evidence in legal proceedings solely on the grounds that it is in an electronic form or that it does not meet the requirements for qualified electronic signatures.

[5] Reference: E Art. 26.26
Document: E
Answer unit: E Art. 26
26. An advanced electronic signature shall meet the following requirements: (a) it is uniquely linked to the signatory; (b) it is capable of identifying the signatory; (c) it is created using electronic signature creation data that the signatory can, with a high level of confidence, use under his sole control; and (d) it is linked to the data signed therewith in such a way that any subsequent change in the data is detectable.",,,,,,,,
audit_009,9,no_enrichment,high,q4eu_003,Can a minor obtain a qualified electronic signature?,"[""E""]","[""E Art. 3"", ""E Art. 25""]","[""E Rec. 58"", ""E Art. 25"", ""E Rec. 51"", ""E Art. 32""]",0.5,1.0,1.0,True,True,True,True,False,0.25,0.5,0.3333333333333333,"[""E Art. 25"", ""E Art. 32"", ""E Rec. 51"", ""E Rec. 58""]","[""E Art. 32"", ""E Rec. 51"", ""E Rec. 58""]","[""E Art. 3""]",[],[],"The answer appropriately abstains from answering the question and correctly identifies that the context is insufficient. The answer does not make any unsupported claims about minors or qualified electronic signatures. It accurately describes what the context does contain (provisions on legal effect, validation, and procedural matters) while clearly stating that age/capacity requirements are not addressed. This is a warranted and faithful abstention.",[],[],[],"The generated answer correctly states that the provided context does not address whether a minor can obtain a qualified electronic signature, as the gold texts only define terms and outline the legal effects of electronic signatures without mentioning age or legal capacity.","The provided context does not state whether a minor can obtain a qualified electronic signature.

Relevant provisions in the context (that do not answer the age/minor question) are:
- An electronic signature cannot be denied legal effect or admissibility solely because it is electronic or not qualified; a qualified electronic signature has the equivalent legal effect of a handwritten signature (E Art. 25.1; E Art. 25.2).  
- The validation of a qualified electronic signature requires, inter alia, that the supporting certificate was a qualified certificate issued by a qualified trust service provider and valid at the time of signing, that the signature was created by a qualified electronic signature creation device, and that other listed conditions were met (E Art. 32.1).  
- Recitals note related procedural matters (entrusting signature-creation devices to a third party while retaining sole control — E Rec. 51) and an equivalence between a legal-person qualified seal and an authorised representative’s qualified signature (E Rec. 58).

Because none of these passages addresses age or capacity, the question of minors obtaining a qualified electronic signature is not answered by the supplied context.","[1] Reference: E Rec. 58
Document: E
Answer unit: E Rec. 58
Recital 58. When a transaction requires a qualified electronic seal from a legal person, a qualified electronic signature from the authorised representative of the legal person should be equally acceptable.

[2] Reference: E Art. 25.2
Document: E
Answer unit: E Art. 25
2. A qualified electronic signature shall have the equivalent legal effect of a handwritten signature.

[3] Reference: E Rec. 51
Document: E
Answer unit: E Rec. 51
Recital 51. It should be possible for the signatory to entrust qualified electronic signature creation devices to the care of a third party, provided that appropriate mechanisms and procedures are implemented to ensure that the signatory has sole control over the use of his electronic signature creation data, and the qualified electronic signature requirements are met by the use of the device.

[4] Reference: E Art. 25.1
Document: E
Answer unit: E Art. 25
1. An electronic signature shall not be denied legal effect and admissibility as evidence in legal proceedings solely on the grounds that it is in an electronic form or that it does not meet the requirements for qualified electronic signatures.

[5] Reference: E Art. 32.1
Document: E
Answer unit: E Art. 32
1. The process for the validation of a qualified electronic signature shall confirm the validity of a qualified electronic signature provided that: (a) the certificate that supports the signature was, at the time of signing, a qualified certificate for electronic signature complying with Annex I; (b) the qualified certificate was issued by a qualified trust service provider and was valid at the time of signing; (c) the signature validation data corresponds to the data provided to the relying party; (d) the unique set of data representing the signatory in the certificate is correctly provided to the relying party; (e) the use of any pseudonym is clearly indicated to the relying party if a pseudonym was used at the time of signing; (f) the electronic signature was created by a qualified electronic signature creation device; (g) the integrity of the signed data has not been compromised; (h) the requirements provided for in Article 26 were met at the time of signing.",,,,,,,,
audit_010,10,no_enrichment,high,q4eu_006,How should access to trust services be granted to persons with disabilities?,"[""E""]","[""E Rec. 29"", ""E Art. 15""]","[""E Rec. 29"", ""E Art. 15"", ""E Rec. 23"", ""E Art. 24"", ""E Rec. 35""]",1.0,1.0,1.0,False,False,False,,False,1.0,1.0,1.0,"[""E Rec. 29"", ""E Art. 15""]",[],[],[],"[""E Rec. 29: 'persons with disabilities should be able to use trust services and end-user products used in the provision of those services on an equal basis with other consumers'"", ""E Art. 15.15: 'Where feasible, trust services provided and end-user products used in the provision of those services shall be made accessible for persons with disabilities'"", ""E Rec. 29: 'The feasibility assessment should include, inter alia, technical and economic considerations'""]","The answer is fully supported by the context passages. All three substantive claims are directly stated in the supplied context: (1) the equal basis principle is explicitly stated in E Rec. 29; (2) the feasibility-based accessibility requirement is stated in both E Rec. 29 and E Art. 15.15; and (3) the feasibility assessment criteria (technical and economic considerations) are explicitly mentioned in E Rec. 29. There are no contradictions, unsupported interpretations, or material omissions presented as complete answers.",[],[],"[""In line with the obligations under the United Nations Convention on the Rights of Persons with Disabilities ... persons with disabilities should be able to use trust services and end-user products used in the provision of those services on an equal basis with other consumers."", ""Therefore, where feasible, trust services provided and end-user products used in the provision of those services should be made accessible for persons with disabilities."", ""The feasibility assessment should include, inter alia, technical and economic considerations.""]","The answer is fully correct and perfectly maps to the provided gold texts, including the equal basis principle, the feasibility requirement, and the technical and economic considerations for the feasibility assessment.","- Persons with disabilities should be able to use trust services and the end‑user products used in their provision on an equal basis with other consumers (E Rec. 29).  
- Accordingly, where feasible, trust services and those end‑user products shall be made accessible for persons with disabilities (E Art. 15.15).  
- The assessment of feasibility should take account of technical and economic considerations (E Rec. 29).","[1] Reference: E Rec. 29
Document: E
Answer unit: E Rec. 29
Recital 29. In line with the obligations under the United Nations Convention on the Rights of Persons with Disabilities, approved by Council Decision 2010/48/EC Council Decision 2010/48/EC of 26 November 2009 concerning the conclusion, by the European Community, of the United Nations Convention on the Rights of Persons with Disabilities ( OJ L 23, 27.1.2010, p. 35 ). , in particular Article 9 of the Convention, persons with disabilities should be able to use trust services and end-user products used in the provision of those services on an equal basis with other consumers. Therefore, where feasible, trust services provided and end-user products used in the provision of those services should be made accessible for persons with disabilities. The feasibility assessment should include, inter alia, technical and economic considerations.

[2] Reference: E Art. 15.15
Document: E
Answer unit: E Art. 15
15. Where feasible, trust services provided and end-user products used in the provision of those services shall be made accessible for persons with disabilities.

[3] Reference: E Rec. 23
Document: E
Answer unit: E Rec. 23
Recital 23. To the extent that this Regulation creates an obligation to recognise a trust service, such a trust service may only be rejected if the addressee of the obligation is unable to read or verify it due to technical reasons lying outside the immediate control of the addressee. However, that obligation should not in itself require a public body to obtain the hardware and software necessary for the technical readability of all existing trust services.

[4] Reference: E Art. 24.1
Document: E
Answer unit: E Art. 24
1. When issuing a qualified certificate for a trust service, a qualified trust service provider shall verify, by appropriate means and in accordance with national law, the identity and, if applicable, any specific attributes of the natural or legal person to whom the qualified certificate is issued. The information referred to in the first subparagraph shall be verified by the qualified trust service provider either directly or by relying on a third party in accordance with national law: (a) by the physical presence of the natural person or of an authorised representative of the legal person; or (b) remotely, using electronic identification means, for which prior to the issuance of the qualified certificate, a physical presence of the natural person or of an authorised representative of the legal person was ensured and which meets the requirements set out in Article 8 with regard to the assurance levels ""substantial"" or ""high""; or (c) by means of a certificate of a qualified electronic signature or of a qualified electronic seal issued in compliance with point (a) or (b); or (d) by using other identification methods recognised at national level which provide equivalent assurance in terms of reliability to physical presence. The equivalent assurance shall be confirmed by a conformity assessment body.

[5] Reference: E Rec. 35
Document: E
Answer unit: E Rec. 35
Recital 35. All trust service providers should be subject to the requirements of this Regulation, in particular those on security and liability to ensure due diligence, transparency and accountability of their operations and services. However, taking into account the type of services provided by trust service providers, it is appropriate to distinguish as far as those requirements are concerned between qualified and non-qualified trust service providers.",,,,,,,,
audit_011,11,no_enrichment,high,q4eu_013,What are the requirements for website authentication?,"[""E""]","[""E Rec. 67"", ""E Art. 45""]","[""E Art. 45"", ""E Rec. 67"", ""E Rec. 11"", ""E Art. 32""]",1.0,0.9,0.9,False,False,False,,False,0.6666666666666666,1.0,0.8,"[""E Art. 45"", ""E Rec. 67"", ""E Rec. 11""]","[""E Rec. 11""]",[],"[""The Regulation provides for minimal security and liability obligations for providers and their services - the context only mentions that the Regulation 'should lay down' such obligations, not that it definitively does so""]","[""E Art. 45.1: Qualified certificates for website authentication shall meet requirements in Annex IV"", ""E Art. 45.2: Commission may establish reference standards; compliance with Annex IV presumed where standards met"", ""E Rec. 67: Website authentication services are voluntary and aim to build trust"", ""E Rec. 67: Regulation takes into account CA/B Forum and similar initiatives"", ""E Rec. 67: Third-country providers' services recognized as qualified only with international agreement"", ""E Rec. 11: Authentication should process only adequate, relevant, non-excessive identification data; confidentiality and security requirements under Directive 95/46/EC must be respected""]","The answer is nearly entirely faithful to the context. All major claims are directly supported by the cited passages. However, one minor issue: the answer states the Regulation 'provides for' minimal security and liability obligations, but Recital 67 uses conditional language ('should lay down'), indicating these are intended requirements rather than definitively established ones. This is a subtle but material distinction in legal interpretation. The remaining claims about Annex IV requirements, Commission implementing acts, voluntary nature, industry initiatives, third-country provider conditions, and data protection principles are all accurately supported by the context.",[],"[""Authentication for an online service should involve processing only identification data that are adequate, relevant and not excessive, and requirements concerning confidentiality and security of processing under Directive 95/46/EC must be respected by trust service providers and supervisory bodies (E Rec. 11)""]","[""Qualified certificates for website authentication shall meet the requirements laid down in Annex IV."", ""The Commission may, by means of implementing acts, establish reference numbers of standards for qualified certificates for website authentication."", ""this Regulation should lay down minimal security and liability obligations for the providers and their services.""]","The generated answer covers all key requirements for website authentication mentioned in the gold texts, including compliance with Annex IV, implementing acts, minimal security and liability obligations, and the rules on third-country providers. However, it also includes an extra point regarding 'E Rec. 11' (data confidentiality and security under Directive 95/46/EC), which is not part of the provided gold texts and is therefore penalized as unsupported.","- Qualified certificates for website authentication must meet the requirements laid down in Annex IV (E Art. 45).
- The Commission may adopt implementing acts establishing reference numbers of standards for such qualified certificates; compliance with Annex IV is presumed where a qualified certificate meets those standards (E Art. 45.2).
- Website authentication services are voluntary and aim to build trust; the Regulation provides for minimal security and liability obligations for providers and their services (E Rec. 67).
- The Regulation takes into account results of existing industry-led initiatives (for example the CA/B Forum) (E Rec. 67).
- The Regulation does not prevent other means to authenticate a website or the provision of services by third‑country providers, but a third‑country provider’s website authentication services may be recognised as qualified only if an international agreement between the Union and the provider’s country of establishment has been concluded (E Rec. 67).
- Authentication for an online service should involve processing only identification data that are adequate, relevant and not excessive, and requirements concerning confidentiality and security of processing under Directive 95/46/EC must be respected by trust service providers and supervisory bodies (E Rec. 11).","[1] Reference: E Art. 45.1
Document: E
Answer unit: E Art. 45
1. Qualified certificates for website authentication shall meet the requirements laid down in Annex IV.

[2] Reference: E Rec. 67
Document: E
Answer unit: E Rec. 67
Recital 67. Website authentication services provide a means by which a visitor to a website can be assured that there is a genuine and legitimate entity standing behind the website. Those services contribute to the building of trust and confidence in conducting business online, as users will have confidence in a website that has been authenticated. The provision and the use of website authentication services are entirely voluntary. However, in order for website authentication to become a means to boosting trust, providing a better experience for the user and furthering growth in the internal market, this Regulation should lay down minimal security and liability obligations for the providers and their services. To that end, the results of existing industry-led initiatives, for example the Certification Authorities/Browsers Forum — CA/B Forum, have been taken into account. In addition, this Regulation should not impede the use of other means or methods to authenticate a website not falling under this Regulation nor should it prevent third country providers of website authentication services from providing their services to customers in the Union. However, a third country provider should only have its website authentication services recognised as qualified in accordance with this Regulation, if an international agreement between the Union and the country of establishment of the provider has been concluded.

[3] Reference: E Art. 45.2
Document: E
Answer unit: E Art. 45
2. The Commission may, by means of implementing acts, establish reference numbers of standards for qualified certificates for website authentication. Compliance with the requirements laid down in Annex IV shall be presumed where a qualified certificate for website authentication meets those standards. Those implementing acts shall be adopted in accordance with the examination procedure referred to in Article 48(2).

[4] Reference: E Rec. 11
Document: E
Answer unit: E Rec. 11
Recital 11. This Regulation should be applied in full compliance with the principles relating to the protection of personal data provided for in Directive 95/46/EC of the European Parliament and of the Council Directive 95/46/EC of the European Parliament and of the Council of 24 October 1995 on the protection of individuals with regard to the processing of personal data and on the free movement of such data ( OJ L 281, 23.11.1995, p. 31 ). . In this respect, having regard to the principle of mutual recognition established by this Regulation, authentication for an online service should concern processing of only those identification data that are adequate, relevant and not excessive to grant access to that service online. Furthermore, requirements under Directive 95/46/EC concerning confidentiality and security of processing should be respected by trust service providers and supervisory bodies.

[5] Reference: E Art. 32.2
Document: E
Answer unit: E Art. 32
2. The system used for validating the qualified electronic signature shall provide to the relying party the correct result of the validation process and shall allow the relying party to detect any security relevant issues.",,,,,,,,
audit_012,12,no_enrichment,mid,q4eu_024,What are the rules applicable to biometric data?,"[""G""]","[""G Rec. 51"", ""G Rec. 53"", ""G Art. 9""]","[""G Rec. 51"", ""G Rec. 35"", ""G Rec. 53"", ""G Art. 9"", ""G Rec. 34""]",1.0,0.6,0.9,False,False,False,,False,1.0,1.0,1.0,"[""G Rec. 53"", ""G Rec. 51"", ""G Art. 9""]",[],[],"[""The answer states that biometric data 'merit higher protection and whose processing is subject to stricter conditions' but the context does not explicitly establish that biometric data processing is subject to stricter conditions than other special categories—only that special categories generally merit higher protection."", ""The answer's final bullet point claims Member States' conditions 'should not hamper the free flow of personal data within the Union' but the context states they 'should not hamper' it only as a normative statement about what Member States should do, not as an enforceable rule or established principle.""]","[""Biometric data are mentioned in Rec. 51 as part of special categories of personal data requiring specific protection"", ""Photographs are covered by biometric data definition only when processed through specific technical means for unique identification or authentication (Rec. 51)"", ""Special categories should not be processed unless allowed by specific cases in the Regulation, with derogations for explicit consent and legitimate activities (Rec. 51)"", ""Member States may maintain or introduce further conditions, including limitations, regarding biometric data processing (Art. 9.4)"", ""Rec. 53 addresses special categories for health-related purposes and mentions biometric data as subject to Member State conditions""]","The answer is substantially supported by the context but contains two problematic claims. First, it overstates the degree to which biometric data processing is subject to 'stricter conditions'—the context establishes that special categories merit higher protection and specific rules apply, but does not explicitly compare the stringency of biometric data rules to other special categories. Second, the final claim about not hampering free flow is presented as an established rule, when the context frames it as a normative expectation ('should not hamper'). The core substantive points about biometric data definition, processing restrictions, and Member State discretion are well-supported. These issues are secondary to the main answer but affect its precision.","[""The explicit prohibition of processing biometric data under Article 9(1) is specifically 'for the purpose of uniquely identifying a natural person', which is a crucial qualification of the general rule.""]",[],"[""G Rec. 51"", ""G Rec. 53"", ""G Art. 9""]","The answer is highly accurate and comprehensively covers almost all aspects of the rules applicable to biometric data, including its classification as a special category, the specific rule on photographs, the role of Member States in setting further limitations, and the concept of exceptions. It only minorly omits the specific phrasing of Article 9(1) which prohibits processing of biometric data specifically 'for the purpose of uniquely identifying a natural person'.","- Biometric data are part of the special categories of personal data that merit higher protection and whose processing is subject to stricter conditions (Rec. 53).  
  - Citation: G Rec. 53

- Photographs are not automatically treated as biometric data; they are covered by the definition of biometric data only when processed ""through a specific technical means allowing the unique identification or authentication of a natural person.""  
  - Citation: G Rec. 51

- Such special-category data (including biometric data) should not be processed unless processing is allowed in the specific cases set out in the Regulation; the general principles and other rules of the Regulation apply, and derogations (for example explicit consent or certain legitimate activities by associations/foundations) are explicitly provided.  
  - Citation: G Rec. 51

- Member States may maintain or introduce further conditions, including limitations, regarding the processing of biometric data; where such national conditions apply to cross-border processing they should not hamper the free flow of personal data within the Union.  
  - Citations: G Art. 9.4; G Rec. 53","[1] Reference: G Rec. 51
Document: G
Answer unit: G Rec. 51
Recital 51. Personal data which are, by their nature, particularly sensitive in relation to fundamental rights and freedoms merit specific protection as the context of their processing could create significant risks to the fundamental rights and freedoms. Those personal data should include personal data revealing racial or ethnic origin, whereby the use of the term ‘racial origin’ in this Regulation does not imply an acceptance by the Union of theories which attempt to determine the existence of separate human races. The processing of photographs should not systematically be considered to be processing of special categories of personal data as they are covered by the definition of biometric data only when processed through a specific technical means allowing the unique identification or authentication of a natural person. Such personal data should not be processed, unless processing is allowed in specific cases set out in this Regulation, taking into account that Member States law may lay down specific provisions on data protection in order to adapt the application of the rules of this Regulation for compliance with a legal obligation or for the performance of a task carried out in the public interest or in the exercise of official authority vested in the controller. In addition to the specific requirements for such processing, the general principles and other rules of this Regulation should apply, in particular as regards the conditions for lawful processing. Derogations from the general prohibition for processing such special categories of personal data should be explicitly provided, inter alia, where the data subject gives his or her explicit consent or in respect of specific needs in particular where the processing is carried out in the course of legitimate activities by certain associations or foundations the purpose of which is to permit the exercise of fundamental freedoms.

[2] Reference: G Rec. 35
Document: G
Answer unit: G Rec. 35
Recital 35. Personal data concerning health should include all data pertaining to the health status of a data subject which reveal information relating to the past, current or future physical or mental health status of the data subject. This includes information about the natural person collected in the course of the registration for, or the provision of, health care services as referred to in Directive 2011/24/EU of the European Parliament and of the Council (9) to that natural person; a number, symbol or particular assigned to a natural person to uniquely identify the natural person for health purposes; information derived from the testing or examination of a body part or bodily substance, including from genetic data and biological samples; and any information on, for example, a disease, disability, disease risk, medical history, clinical treatment or the physiological or biomedical state of the data subject independent of its source, for example from a physician or other health professional, a hospital, a medical device or an in vitro diagnostic test.

[3] Reference: G Rec. 53
Document: G
Answer unit: G Rec. 53
Recital 53. Special categories of personal data which merit higher protection should be processed for health-related purposes only where necessary to achieve those purposes for the benefit of natural persons and society as a whole, in particular in the context of the management of health or social care services and systems, including processing by the management and central national health authorities of such data for the purpose of quality control, management information and the general national and local supervision of the health or social care system, and ensuring continuity of health or social care and cross-border healthcare or health security, monitoring and alert purposes, or for archiving purposes in the public interest, scientific or historical research purposes or statistical purposes, based on Union or Member State law which has to meet an objective of public interest, as well as for studies conducted in the public interest in the area of public health. Therefore, this Regulation should provide for harmonised conditions for the processing of special categories of personal data concerning health, in respect of specific needs, in particular where the processing of such data is carried out for certain health-related purposes by persons subject to a legal obligation of professional secrecy. Union or Member State law should provide for specific and suitable measures so as to protect the fundamental rights and the personal data of natural persons. Member States should be allowed to maintain or introduce further conditions, including limitations, with regard to the processing of genetic data, biometric data or data concerning health. However, this should not hamper the free flow of personal data within the Union when those conditions apply to cross-border processing of such data.

[4] Reference: G Art. 9.4
Document: G
Answer unit: G Art. 9
4. Member States may maintain or introduce further conditions, including limitations, with regard to the processing of genetic data, biometric data or data concerning health.

[5] Reference: G Rec. 34
Document: G
Answer unit: G Rec. 34
Recital 34. Genetic data should be defined as personal data relating to the inherited or acquired genetic characteristics of a natural person which result from the analysis of a biological sample from the natural person in question, in particular chromosomal, deoxyribonucleic acid (DNA) or ribonucleic acid (RNA) analysis, or from the analysis of another element enabling equivalent information to be obtained.",,,,,,,,
audit_013,13,no_enrichment,mid,q4eu_029,What elements should be included in a Code of Conduct?,"[""G""]","[""G Rec. 81"", ""G Art. 40""]","[""G Art. 40"", ""G Art. 32"", ""G Art. 24"", ""G Rec. 99""]",0.5,0.6,0.1,False,False,False,,False,0.5,0.5,0.5,"[""G Rec. 99"", ""G Art. 40""]","[""G Rec. 99""]","[""G Rec. 81""]",[],"[""Rec. 99: associations and bodies should consult relevant stakeholders, including data subjects where feasible, and have regard to submissions received"", ""G Art. 40.11: approved codes of conduct, amendments and extensions are collated in a register and made publicly available by the Board""]","The answer correctly identifies two elements supported by the context: (1) the consultation process requirement from Recital 99, and (2) the registration and publication requirement from Article 40.11. However, the answer is incomplete regarding substantive content elements. The context passages reference codes of conduct multiple times (Arts. 40, 32, 24, and Rec. 99) but the supplied passages do not actually specify what substantive elements or clauses should be included in a code of conduct itself—only procedural requirements (consultation, registration, publication). The answer appropriately acknowledges this gap by noting that 'any other specific substantive elements or clauses...are not specified in the supplied passages.' This transparency prevents the answer from making unsupported claims, but the incompleteness of the response relative to the question asked warrants a score below 0.8. The answer is faithful to what the context does contain, but does not fully address the question due to context limitations.","[""The 11 elements / topics specified in Article 40(2)(a)-(k) which codes of conduct may address, including: (a) fair and transparent processing; (b) legitimate interests pursued by controllers; (c) collection of personal data; (d) pseudonymisation; (e) information provided to the public and data subjects; (f) exercise of data subject rights; (g) information to and protection of children, and parental consent; (h) technical and organizational measures (Articles 24, 25, 32); (i) breach notifications; (j) transfers of personal data to third countries; (k) out-of-court and dispute resolution procedures.""]","[""Cited Recital 99 ('Consultation process'), which is not present in the supplied gold texts."", ""Claimed that specific substantive elements or clauses that a code of conduct should contain are not specified in the supplied passages, whereas Article 40(2) explicitly lists these elements.""]","[""G Art. 40.2""]","The answer falsely claims that the provided context does not specify the substantive elements of a Code of Conduct. However, Article 40(2) in the supplied text lists eleven specific areas (a to k) that a Code of Conduct is intended to address or specify. Additionally, the answer references Recital 99, which is not part of the provided gold texts.","- Consultation process: when drawing up, amending or extending a code, associations and bodies representing categories of controllers or processors should consult relevant stakeholders, including data subjects where feasible, and have regard to submissions received and views expressed in response to such consultations (Rec. 99).

- Publication/registering: approved codes of conduct, and their amendments and extensions, are to be collated in a register and made publicly available by the Board (G Art. 40.11).

Missing from the provided context: any other specific substantive elements or clauses that a code of conduct should contain (e.g. detailed content, scope, safeguards or procedures) are not specified in the supplied passages.","[1] Reference: G Art. 40.4
Document: G
Answer unit: G Art. 40
4. A code of conduct referred to in paragraph 2 Article 41 Article 55

[2] Reference: G Art. 32.3
Document: G
Answer unit: G Art. 32
3. Adherence to an approved code of conduct as referred to in Article 40 Article 42 paragraph 1

[3] Reference: G Art. 24.3
Document: G
Answer unit: G Art. 24
3. Adherence to approved codes of conduct as referred to in Article 40 Article 42

[4] Reference: G Rec. 99
Document: G
Answer unit: G Rec. 99
Recital 99. When drawing up a code of conduct, or when amending or extending such a code, associations and other bodies representing categories of controllers or processors should consult relevant stakeholders, including data subjects where feasible, and have regard to submissions received and views expressed in response to such consultations.

[5] Reference: G Art. 40.11
Document: G
Answer unit: G Art. 40
11. The Board shall collate all approved codes of conduct, amendments and extensions in a register and shall make them publicly available by way of appropriate means.",,,,,,,,
audit_014,14,no_enrichment,high,q4eu_032,Who can exercise the right to lodge a complaint before the supervisory authority?,"[""G""]","[""G Rec. 141"", ""G Rec. 142"", ""G Art. 77""]","[""G Rec. 141"", ""G Rec. 130"", ""G Art. 57"", ""G Art. 79"", ""G Art. 77""]",0.6666666666666666,1.0,0.6,False,False,False,,False,1.0,0.6666666666666666,0.8,"[""G Art. 77"", ""G Rec. 141""]",[],"[""G Rec. 142""]",[],"[""G Art. 77.1: 'every data subject shall have the right to lodge a complaint with a supervisory authority'"", ""G Rec. 141: 'Every data subject should have the right to lodge a complaint with a single supervisory authority'"", ""G Art. 77.1: 'if the data subject considers that the processing of personal data relating to him or her infringes this Regulation'"", ""G Art. 77.1: 'in particular in the Member State of his or her habitual residence, place of work or place of the alleged infringement'""]","The answer directly and fully corresponds to the supplied context. It correctly identifies that every data subject has the right to lodge a complaint (supported by G Art. 77.1 and G Rec. 141), specifies the condition for exercising this right (when the data subject considers processing infringes the Regulation, per G Art. 77.1), and accurately lists the jurisdictional options for lodging complaints (habitual residence, place of work, or place of alleged infringement, per G Art. 77.1). All substantive claims are explicitly stated in the context with proper citations.","[""The right of a data subject to mandate a not-for-profit body, organisation, or association (meeting certain criteria) to lodge a complaint on their behalf (Recital 142)."", ""The possibility for Member States to provide that such a body, organisation, or association has the right to lodge a complaint independently of a data subject's mandate (Recital 142).""]",[],"[""G Art. 77.1"", ""G Rec. 141"", ""G Rec. 142""]","The answer correctly identifies that 'every data subject' has the right to lodge a complaint and provides correct details on where and when. However, it completely omits that a qualified not-for-profit body, organisation, or association can also exercise this right on behalf of the data subject (by mandate) or independently (if provided by Member State law), which is a key element of 'who' can exercise this right under Recital 142.","- Who: every data subject (G Art. 77.1; G Rec. 141).  
- When: if the data subject considers that the processing of personal data relating to him or her infringes this Regulation (G Art. 77.1).  
- Where: the complaint may be lodged in particular in the Member State of the data subject’s habitual residence, place of work or place of the alleged infringement (G Art. 77.1; G Rec. 141).","[1] Reference: G Rec. 141
Document: G
Answer unit: G Rec. 141
Recital 141. Every data subject should have the right to lodge a complaint with a single supervisory authority, in particular in the Member State of his or her habitual residence, and the right to an effective judicial remedy in accordance with Article 47

[2] Reference: G Rec. 130
Document: G
Answer unit: G Rec. 130
Recital 130. Where the supervisory authority with which the complaint has been lodged is not the lead supervisory authority, the lead supervisory authority should closely cooperate with the supervisory authority with which the complaint has been lodged in accordance with the provisions on cooperation and consistency laid down in this Regulation. In such cases, the lead supervisory authority should, when taking measures intended to produce legal effects, including the imposition of administrative fines, take utmost account of the view of the supervisory authority with which the complaint has been lodged and which should remain competent to carry out any investigation on the territory of its own Member State in liaison with the competent supervisory authority.

[3] Reference: G Art. 57.2
Document: G
Answer unit: G Art. 57
2. Each supervisory authority shall facilitate the submission of complaints referred to in point (f) of paragraph 1

[4] Reference: G Art. 79.1
Document: G
Answer unit: G Art. 79
1. Without prejudice to any available administrative or non-judicial remedy, including the right to lodge a complaint with a supervisory authority pursuant to Article 77

[5] Reference: G Art. 77.1
Document: G
Answer unit: G Art. 77
1. Without prejudice to any other administrative or judicial remedy, every data subject shall have the right to lodge a complaint with a supervisory authority, in particular in the Member State of his or her habitual residence, place of work or place of the alleged infringement if the data subject considers that the processing of personal data relating to him or her infringes this Regulation.",,,,,,,,
audit_015,15,no_enrichment,high,q4eu_044,What is the applicable law to determine the validity of consent?,"[""RI""]","[""RI Art. 3"", ""RI Art. 10"", ""RI Art. 11"", ""RI Art. 13""]","[""RI Art. 3"", ""RI Art. 10"", ""RII Rec. 12"", ""RII Art. 12""]",0.5,0.9,0.6,False,False,False,False,False,1.0,1.0,1.0,"[""RI Art. 10"", ""RI Art. 11"", ""RI Art. 13"", ""RI Art. 3""]",[],[],[],"[""RI Art. 3.5: 'The existence and validity of the consent of the parties as to the choice of the applicable law shall be determined in accordance with the provisions of Articles 10, 11 and 13.'"", ""RI Art. 10.1: 'The existence and validity of a contract, or of any term of a contract, shall be determined by the law which would govern it under this Regulation if the contract or term were valid.'"", ""RI Art. 10.2: 'A party, in order to establish that he did not consent, may rely upon the law of the country in which he has his habitual residence if it appears from the circumstances that it would not be reasonable to determine the effect of his conduct in accordance with the law specified in paragraph 1.'""]","The answer is almost entirely faithful to the provided context. It accurately cites RI Art. 3.5 as the governing provision for determining the validity of consent to choice of applicable law, correctly quotes the key provisions of RI Art. 10.1 and 10.2, and appropriately acknowledges that Articles 11 and 13 are not included in the provided context. The minor deduction (0.1) reflects only the slight paraphrase drift in how the provisions are restated rather than directly quoted, which is harmless and does not affect substantive accuracy.","[""The rules on formal validity from Article 11 and incapacity from Article 13, which are both relevant to the validity of consent under Article 3(5).""]","[""The contents of Articles 11 and 13 are not included in the provided context and therefore cannot be stated here.""]","[""RI Art. 3"", ""RI Art. 11"", ""RI Art. 13""]","The generated answer correctly identifies Article 3(5) and explains Article 10. However, it falsely claims that Articles 11 and 13 are not present in the provided context, whereas they are included in the gold legal-unit texts. This led to an unjustified partial omission of the rules therein.","- The existence and validity of the parties' consent as to the choice of the applicable law is to be determined in accordance with Articles 10, 11 and 13 (RI Art. 3.5).  
- From the provided text of Article 10:
  - The existence and validity of a contract, or of any term of a contract, is determined by the law which would govern it under the Regulation if the contract or term were valid (RI Art. 10.1).  
  - A party seeking to establish that he did not consent may rely on the law of the country of his habitual residence if the circumstances show it would be unreasonable to determine the effect of his conduct according to the law specified in paragraph 1 (RI Art. 10.2).  
- The contents of Articles 11 and 13 are not included in the provided context and therefore cannot be stated here (RI Art. 3.5).","[1] Reference: RI Art. 3.5
Document: RI
Answer unit: RI Art. 3
5. The existence and validity of the consent of the parties as to the choice of the applicable law shall be determined in accordance with the provisions of Articles 10, 11 and 13.

[2] Reference: RI Art. 10.1
Document: RI
Answer unit: RI Art. 10
1. The existence and validity of a contract, or of any term of a contract, shall be determined by the law which would govern it under this Regulation if the contract or term were valid.

[3] Reference: RII Rec. 12
Document: RII
Answer unit: RII Rec. 12
Recital 12. The law applicable should also govern the question of the capacity to incur liability in tort/delict.

[4] Reference: RI Art. 10.2
Document: RI
Answer unit: RI Art. 10
2. Nevertheless, a party, in order to establish that he did not consent, may rely upon the law of the country in which he has his habitual residence if it appears from the circumstances that it would not be reasonable to determine the effect of his conduct in accordance with the law specified in paragraph 1.

[5] Reference: RII Art. 12.1
Document: RII
Answer unit: RII Art. 12
1. The law applicable to a non-contractual obligation arising out of dealings prior to the conclusion of a contract, regardless of whether the contract was actually concluded or not, shall be the law that applies to the contract or that would have been applicable to it had it been entered into.",,,,,,,,
audit_016,16,parent_only,high,q4eu_004,From when qualified certificates lose their validity in the case of revocation?,"[""E""]","[""E Art. 24"", ""E Art. 28""]","[""E Art. 28"", ""E Art. 38"", ""E Art. 24"", ""E Rec. 53""]",1.0,1.0,0.8,False,False,False,,False,0.6666666666666666,1.0,0.8,"[""E Art. 28"", ""E Art. 38"", ""E Art. 24""]","[""E Art. 38""]",[],[],"[""E Art. 28.4: 'If a qualified certificate for electronic signatures has been revoked after initial activation, it shall lose its validity from the moment of its revocation'"", ""E Art. 38.4: 'If a qualified certificate for an electronic seal has been revoked after initial activation, it shall lose its validity from the moment of its revocation'"", ""E Art. 24.3: 'If a qualified trust service provider issuing qualified certificates decides to revoke a certificate, it shall register such revocation in its certificate database and publish the revocation status of the certificate in a timely manner, and in any event within 24 hours after the receipt of the request. The revocation shall become effective immediately upon its publication.'""]",The answer directly and accurately addresses the question about when qualified certificates lose their validity upon revocation. Both substantive claims are explicitly supported by the provided context passages. The first claim about loss of validity from the moment of revocation is supported by Articles 28.4 and 38.4. The second claim about the procedural requirements and immediate effectiveness is supported by Article 24.3. No unsupported claims or contradictions are present.,[],"[""The reference to qualified certificates for electronic seals (E Art. 38.4) is not supported by the provided gold texts.""]","[""E Art. 24.3"", ""E Art. 28.4""]","The generated answer correctly identifies both rules from the gold texts: that qualified certificates for electronic signatures lose validity 'from the moment of [their] revocation' (Art. 28.4), and that revocation in general becomes effective 'immediately upon its publication' (Art. 24.3). However, it also includes a claim and citation regarding electronic seals under Article 38.4, which is not part of the provided gold texts.","- Qualified certificates lose their validity from the moment of their revocation (qualified certificates for electronic signatures: E Art. 28.4; qualified certificates for electronic seals: E Art. 38.4).

- Where a qualified trust service provider revokes a certificate, it must register and publish the revocation (within 24 hours), and the revocation becomes effective immediately upon its publication (E Art. 24.3).","[1] Reference: E Art. 28.4
Document: E
Answer unit: E Art. 28
4. If a qualified certificate for electronic signatures has been revoked after initial activation, it shall lose its validity from the moment of its revocation, and its status shall not in any circumstances be reverted.

[2] Reference: E Art. 38.4
Document: E
Answer unit: E Art. 38
4. If a qualified certificate for an electronic seal has been revoked after initial activation, it shall lose its validity from the moment of its revocation, and its status shall not in any circumstances be reverted.

[3] Reference: E Art. 24.3
Document: E
Answer unit: E Art. 24
3. If a qualified trust service provider issuing qualified certificates decides to revoke a certificate, it shall register such revocation in its certificate database and publish the revocation status of the certificate in a timely manner, and in any event within 24 hours after the receipt of the request. The revocation shall become effective immediately upon its publication.

[4] Reference: E Rec. 53
Document: E
Answer unit: E Rec. 53
Recital 53. The suspension of qualified certificates is an established operational practice of trust service providers in a number of Member States, which is different from revocation and entails the temporary loss of validity of a certificate. Legal certainty calls for the suspension status of a certificate to always be clearly indicated. To that end, trust service providers should have the responsibility to clearly indicate the status of the certificate and, if suspended, the precise period of time during which the certificate has been suspended. This Regulation should not impose the use of suspension on trust service providers or Member States, but should provide for transparency rules when and where such a practice is available.

[5] Reference: E Art. 38.5
Document: E
Answer unit: E Art. 38
5. Subject to the following conditions, Member States may lay down national rules on temporary suspension of qualified certificates for electronic seals: (a) if a qualified certificate for electronic seal has been temporarily suspended, that certificate shall lose its validity for the period of suspension; (b) the period of suspension shall be clearly indicated in the certificate database and the suspension status shall be visible, during the period of suspension, from the service providing information on the status of the certificate.

[6] Reference: E Art. 28
Document: E
Answer unit: E Art. 28
Article 28. Qualified certificates for electronic signatures

1. Qualified certificates for electronic signatures shall meet the requirements laid down in Annex I.

2. Qualified certificates for electronic signatures shall not be subject to any mandatory requirement exceeding the requirements laid down in Annex I.

3. Qualified certificates for electronic signatures may include non-mandatory additional specific attributes. Those attributes shall not affect the interoperability and recognition of qualified electronic signatures.

4. If a qualified certificate for electronic signatures has been revoked after initial activation, it shall lose its validity from the moment of its revocation, and its status shall not in any circumstances be reverted.

5. Subject to the following conditions, Member States may lay down national rules on temporary suspension of a qualified certificate for electronic signature: (a) if a qualified certificate for electronic signature has been temporarily suspended that certificate shall lose its validity for the period of suspension; (b) the period of suspension shall be clearly indicated in the certificate database and the suspension status shall be visible, during the period of suspension, from the service providing information on the status of the certificate.

6. The Commission may, by means of implementing acts, establish reference numbers of standards for qualified certificates for electronic signature. Compliance with the requirements laid down in Annex I shall be presumed where a qualified certificate for electronic signature meets those standards. Those implementing acts shall be adopted in accordance with the examination procedure referred to in Article 48(2).

[7] Reference: E Art. 38
Document: E
Answer unit: E Art. 38
Article 38. Qualified certificates for electronic seals

1. Qualified certificates for electronic seals shall meet the requirements laid down in Annex III.

2. Qualified certificates for electronic seals shall not be subject to any mandatory requirements exceeding the requirements laid down in Annex III.

3. Qualified certificates for electronic seals may include non-mandatory additional specific attributes. Those attributes shall not affect the interoperability and recognition of qualified electronic seals.

4. If a qualified certificate for an electronic seal has been revoked after initial activation, it shall lose its validity from the moment of its revocation, and its status shall not in any circumstances be reverted.

5. Subject to the following conditions, Member States may lay down national rules on temporary suspension of qualified certificates for electronic seals: (a) if a qualified certificate for electronic seal has been temporarily suspended, that certificate shall lose its validity for the period of suspension; (b) the period of suspension shall be clearly indicated in the certificate database and the suspension status shall be visible, during the period of suspension, from the service providing information on the status of the certificate.

6. The Commission may, by means of implementing acts, establish reference numbers of standards for qualified certificates for electronic seals. Compliance with the requirements laid down in Annex III shall be presumed where a qualified certificate for electronic seal meets those standards. Those implementing acts shall be adopted in accordance with the examination procedure referred to in Article 48(2).

[8] Reference: E Art. 24
Document: E
Answer unit: E Art. 24
Article 24. Requirements for qualified trust service providers

1. When issuing a qualified certificate for a trust service, a qualified trust service provider shall verify, by appropriate means and in accordance with national law, the identity and, if applicable, any specific attributes of the natural or legal person to whom the qualified certificate is issued. The information referred to in the first subparagraph shall be verified by the qualified trust service provider either directly or by relying on a third party in accordance with national law: (a) by the physical presence of the natural person or of an authorised representative of the legal person; or (b) remotely, using electronic identification means, for which prior to the issuance of the qualified certificate, a physical presence of the natural person or of an authorised representative of the legal person was ensured and which meets the requirements set out in Article 8 with regard to the assurance levels ""substantial"" or ""high""; or (c) by means of a certificate of a qualified electronic signature or of a qualified electronic seal issued in compliance with point (a) or (b); or (d) by using other identification methods recognised at national level which provide equivalent assurance in terms of reliability to physical presence. The equivalent assurance shall be confirmed by a conformity assessment body.

2. A qualified trust service provider providing qualified trust services shall: (a) inform the supervisory body of any change in the provision of its qualified trust services and an intention to cease those activities; (b) employ staff and, if applicable, subcontractors who possess the necessary expertise, reliability, experience, and qualifications and who have received appropriate training regarding security and personal data protection rules and shall apply administrative and management procedures which correspond to European or international standards; (c) with regard to the risk of liability for damages in accordance with Article 13, maintain sufficient financial resources and/or obtain appropriate liability insurance, in accordance with national law; (d) before entering into a contractual relationship, inform, in a clear and comprehensive manner, any person seeking to use a qualified trust service of the precise terms and conditions regarding the use of that service, including any limitations on its use; (e) use trustworthy systems and products that are protected against modification and ensure the technical security and reliability of the processes supported by them; (f) use trustworthy systems to store data provided to it, in a verifiable form so that: (i) they are publicly available for retrieval only where the consent of the person to whom the data relates has been obtained, (ii) only authorised persons can make entries and changes to the stored data, (iii) the data can be checked for authenticity; (g) take appropriate measures against forgery and theft of data; (h) record and keep accessible for an appropriate period of time, including after the activities of the qualified trust service provider have ceased, all relevant information concerning data issued and received by the qualified trust service provider, in particular, for the purpose of providing evidence in legal proceedings and for the purpose of ensuring continuity of the service. Such recording may be done electronically; (i) have an up-to-date termination plan to ensure continuity of service in accordance with provisions verified by the supervisory body under point (i) of Article 17(4); (j) ensure lawful processing of personal data in accordance with Directive 95/46/EC; (k) in case of qualified trust service providers issuing qualified certificates, establish and keep updated a certificate database.

3. If a qualified trust service provider issuing qualified certificates decides to revoke a certificate, it shall register such revocation in its certificate database and publish the revocation status of the certificate in a timely manner, and in any event within 24 hours after the receipt of the request. The revocation shall become effective immediately upon its publication.

4. With regard to paragraph 3, qualified trust service providers issuing qualified certificates shall provide to any relying party information on the validity or revocation status of qualified certificates issued by them. This information shall be made available at least on a per certificate basis at any time and beyond the validity period of the certificate in an automated manner that is reliable, free of charge and efficient.

5. The Commission may, by means of implementing acts, establish reference numbers of standards for trustworthy systems and products, which comply with the requirements under points (e) and (f) of paragraph 2 of this Article. Compliance with the requirements laid down in this Article shall be presumed where trustworthy systems and products meet those standards. Those implementing acts shall be adopted in accordance with the examination procedure referred to in Article 48(2).",,,,,,,,
audit_017,17,parent_only,high,q4eu_026,To what data is the right to portability applicable?,"[""G""]","[""G Art. 20""]","[""G Art. 20"", ""G Rec. 68"", ""G Rec. 111"", ""G Rec. 112"", ""G Art. 14""]",1.0,0.9,0.7,False,False,False,,False,0.5,1.0,0.6666666666666666,"[""G Art. 20"", ""G Rec. 68""]","[""G Rec. 68""]",[],"[""The right is exercised in respect of data in a structured, commonly used, machine‑readable (and interoperable) format — the term 'interoperable' is not explicitly stated in Art. 20.1 as a requirement for the format itself, though Rec. 68 mentions 'interoperable format' in a different context about controller encouragement.""]","[""Art. 20.1: 'personal data concerning him or her, which he or she has provided to a controller'"", ""Art. 20.1: processing based on consent (Art. 6(a)) or necessary for contract performance, and carried out by automated means"", ""Rec. 68: 'That right should apply where the data subject provided the personal data on the basis of his or her consent or the processing is necessary for the performance of a contract. It should not apply where processing is based on a legal ground other than consent or contract.'"", ""Rec. 68: 'By its very nature, that right should not be exercised against controllers processing personal data in the exercise of their public duties'"", ""Art. 20.1: 'structured, commonly used and machine-readable format'"", ""Rec. 68: 'Where technically feasible, the data subject should have the right to have the personal data transmitted directly from one controller to another.'""]","The answer is substantially faithful to the context. All major claims about the scope of the right to portability are well-supported: the definition of applicable data, the legal grounds (consent or contract), the exclusion for public duties, and the format requirements. The only minor issue is the characterization of 'interoperable' as part of the format requirement in Art. 20.1—while Rec. 68 mentions 'interoperable format,' Art. 20.1 itself specifies only 'structured, commonly used and machine-readable format.' This is a minor imprecision that does not substantially undermine the answer's accuracy.",[],"[""The processing is necessary for the performance of a contract."", ""The right does not apply against controllers processing personal data in the performance of public duties."", ""The right is exercised in respect of data in an interoperable format."", ""Citations to Recital 68 (G Rec. 68).""]","[""G Art. 20.1""]","The answer correctly identifies that the right to data portability applies to personal data concerning the data subject which they provided to a controller, processed by automated means based on consent, and in a structured, commonly used, and machine-readable format. However, the answer includes several details (such as the contract legal basis, public duties exception, interoperability, and references to G Rec. 68) that are not supported by the provided gold text, which is a truncated version of Article 20.","- The right applies to ""personal data concerning"" the data subject that the data subject ""has provided to a controller."" (G Art. 20.1)

- It applies only where the processing is (a) based on the data subject's consent or is necessary for the performance of a contract, and (b) carried out by automated means. (G Art. 20.1; G Rec. 68)

- It does not apply where processing is based on a legal ground other than consent or contract, nor against controllers processing personal data in the performance of public duties (e.g. to comply with a legal obligation, for a task in the public interest or in the exercise of official authority). (G Rec. 68)

- The right is exercised in respect of data in a structured, commonly used, machine‑readable (and interoperable) format and may, where technically feasible, include direct transmission from one controller to another. (G Art. 20.1; G Rec. 68)","[1] Reference: G Art. 20.2
Document: G
Answer unit: G Art. 20
2. In exercising his or her right to data portability pursuant to paragraph 1

[2] Reference: G Rec. 68
Document: G
Answer unit: G Rec. 68
Recital 68. To further strengthen the control over his or her own data, where the processing of personal data is carried out by automated means, the data subject should also be allowed to receive personal data concerning him or her which he or she has provided to a controller in a structured, commonly used, machine-readable and interoperable format, and to transmit it to another controller. Data controllers should be encouraged to develop interoperable formats that enable data portability. That right should apply where the data subject provided the personal data on the basis of his or her consent or the processing is necessary for the performance of a contract. It should not apply where processing is based on a legal ground other than consent or contract. By its very nature, that right should not be exercised against controllers processing personal data in the exercise of their public duties. It should therefore not apply where the processing of the personal data is necessary for compliance with a legal obligation to which the controller is subject or for the performance of a task carried out in the public interest or in the exercise of an official authority vested in the controller. The data subject's right to transmit or receive personal data concerning him or her should not create an obligation for the controllers to adopt or maintain processing systems which are technically compatible. Where, in a certain set of personal data, more than one data subject is concerned, the right to receive the personal data should be without prejudice to the rights and freedoms of other data subjects in accordance with this Regulation. Furthermore, that right should not prejudice the right of the data subject to obtain the erasure of personal data and the limitations of that right as set out in this Regulation and should, in particular, not imply the erasure of personal data concerning the data subject which have been provided by him or her for the performance of a contract to the extent that and for as long as the personal data are necessary for the performance of that contract. Where technically feasible, the data subject should have the right to have the personal data transmitted directly from one controller to another.

[3] Reference: G Rec. 111
Document: G
Answer unit: G Rec. 111
Recital 111. Provisions should be made for the possibility for transfers in certain circumstances where the data subject has given his or her explicit consent, where the transfer is occasional and necessary in relation to a contract or a legal claim, regardless of whether in a judicial procedure or whether in an administrative or any out-of-court procedure, including procedures before regulatory bodies. Provision should also be made for the possibility for transfers where important grounds of public interest laid down by Union or Member State law so require or where the transfer is made from a register established by law and intended for consultation by the public or persons having a legitimate interest. In the latter case, such a transfer should not involve the entirety of the personal data or entire categories of the data contained in the register and, when the register is intended for consultation by persons having a legitimate interest, the transfer should be made only at the request of those persons or, if they are to be the recipients, taking into full account the interests and fundamental rights of the data subject.

[4] Reference: G Rec. 112
Document: G
Answer unit: G Rec. 112
Recital 112. Those derogations should in particular apply to data transfers required and necessary for important reasons of public interest, for example in cases of international data exchange between competition authorities, tax or customs administrations, between financial supervisory authorities, between services competent for social security matters, or for public health, for example in the case of contact tracing for contagious diseases or in order to reduce and/or eliminate doping in sport. A transfer of personal data should also be regarded as lawful where it is necessary to protect an interest which is essential for the data subject's or another person's vital interests, including physical integrity or life, if the data subject is incapable of giving consent. In the absence of an adequacy decision, Union or Member State law may, for important reasons of public interest, expressly set limits to the transfer of specific categories of data to a third country or an international organisation. Member States should notify such provisions to the Commission. Any transfer to an international humanitarian organisation of personal data of a data subject who is physically or legally incapable of giving consent, with a view to accomplishing a task incumbent under the Geneva Conventions or to complying with international humanitarian law applicable in armed conflicts, could be considered to be necessary for an important reason of public interest or because it is in the vital interest of the data subject.

[5] Reference: G Art. 14.2
Document: G
Answer unit: G Art. 14
2. In addition to the information referred to in paragraph 1 (a) the period for which the personal data will be stored, or if that is not possible, the criteria used to determine that period; (b) where the processing is based on point (f) of Article 6 (c) the existence of the right to request from the controller access to and rectification or erasure of personal data or restriction of processing concerning the data subject and to object to processing as well as the right to data portability; (d) where processing is based on point (a) of Article 6 Article 9 (e) the right to lodge a complaint with a supervisory authority; (f) from which source the personal data originate, and if applicable, whether it came from publicly accessible sources; (g) the existence of automated decision-making, including profiling, referred to in Article 22

[6] Reference: G Art. 20
Document: G
Answer unit: G Art. 20
Article 20. Right to data portability

1. The data subject shall have the right to receive the personal data concerning him or her, which he or she has provided to a controller, in a structured, commonly used and machine-readable format and have the right to transmit those data to another controller without hindrance from the controller to which the personal data have been provided, where: (a) the processing is based on consent pursuant to point (a) of Article 6 Article 9 Article 6 (b) the processing is carried out by automated means.

2. In exercising his or her right to data portability pursuant to paragraph 1

3. The exercise of the right referred to in paragraph 1 Article 17

4. The right referred to in paragraph 1

[7] Reference: G Art. 14
Document: G
Answer unit: G Art. 14
Article 14. Information to be provided where personal data have not been obtained from the data subject

1. Where personal data have not been obtained from the data subject, the controller shall provide the data subject with the following information: (a) the identity and the contact details of the controller and, where applicable, of the controller's representative; (b) the contact details of the data protection officer, where applicable; (c) the purposes of the processing for which the personal data are intended as well as the legal basis for the processing; (d) the categories of personal data concerned; (e) the recipients or categories of recipients of the personal data, if any; (f) where applicable, that the controller intends to transfer personal data to a recipient in a third country or international organisation and the existence or absence of an adequacy decision by the Commission, or in the case of transfers referred to in Article 46 Article 49 (1), reference to the appropriate or suitable safeguards and the means to obtain a copy of them or where they have been made available.

2. In addition to the information referred to in paragraph 1 (a) the period for which the personal data will be stored, or if that is not possible, the criteria used to determine that period; (b) where the processing is based on point (f) of Article 6 (c) the existence of the right to request from the controller access to and rectification or erasure of personal data or restriction of processing concerning the data subject and to object to processing as well as the right to data portability; (d) where processing is based on point (a) of Article 6 Article 9 (e) the right to lodge a complaint with a supervisory authority; (f) from which source the personal data originate, and if applicable, whether it came from publicly accessible sources; (g) the existence of automated decision-making, including profiling, referred to in Article 22

3. The controller shall provide the information referred to in paragraphs 1 (a) within a reasonable period after obtaining the personal data, but at the latest within one month, having regard to the specific circumstances in which the personal data are processed; (b) if the personal data are to be used for communication with the data subject, at the latest at the time of the first communication to that data subject; or (c) if a disclosure to another recipient is envisaged, at the latest when the personal data are first disclosed.

4. Where the controller intends to further process the personal data for a purpose other than that for which the personal data were obtained, the controller shall provide the data subject prior to that further processing with information on that other purpose and with any relevant further information as referred to in paragraph 2

5. Paragraphs 1 to 4 shall not apply where and insofar as: (a) the data subject already has the information; (b) the provision of such information proves impossible or would involve a disproportionate effort, in particular for processing for archiving purposes in the public interest, scientific or historical research purposes or statistical purposes, subject to the conditions and safeguards referred to in Article 89 paragraph 1 (c) obtaining or disclosure is expressly laid down by Union or Member State law to which the controller is subject and which provides appropriate measures to protect the data subject's legitimate interests; or (d) where the personal data must remain confidential subject to an obligation of professional secrecy regulated by Union or Member State law, including a statutory obligation of secrecy.",,,,,,,,
audit_018,18,parent_only,high,q4eu_029,What elements should be included in a Code of Conduct?,"[""G""]","[""G Rec. 81"", ""G Art. 40""]","[""G Art. 40"", ""G Art. 32"", ""G Art. 24"", ""G Rec. 99""]",0.5,1.0,0.9,False,False,False,,False,0.14285714285714285,0.5,0.22222222222222224,"[""G Art. 40"", ""G Art. 24"", ""G Art. 25"", ""G Art. 32"", ""G Art. 77"", ""G Art. 79"", ""G Rec. 99""]","[""G Art. 24"", ""G Art. 25"", ""G Art. 32"", ""G Art. 77"", ""G Art. 79"", ""G Rec. 99""]","[""G Rec. 81""]",[],"[""Article 40(2) lists 11 categories (a-k) that codes of conduct may specify"", ""Article 40(1) requires consideration of specific features of processing sectors and needs of micro, small and medium-sized enterprises"", ""Recital 99 requires consultation with relevant stakeholders, including data subjects where feasible""]","The answer directly and comprehensively cites Article 40(2) of the GDPR (Document G), which explicitly enumerates the elements that should be included in a code of conduct. All 11 substantive elements listed in the answer (a-k) are verbatim from the context. The answer also correctly incorporates the requirement from Article 40(1) regarding consideration of sector-specific features and SME needs, and accurately reflects Recital 99's consultation requirements. The citations are precise and the answer is fully supported by the supplied context passages.",[],"[""consult relevant stakeholders, including data subjects where feasible, and have regard to submissions and views received (G Rec. 99)""]","[""G Art. 40.1"", ""G Art. 40.2""]","The answer perfectly lists all elements of a Code of Conduct as outlined in Article 40(2) of the gold text, as well as the consideration of specific sectors and SME needs from Article 40(1). However, it includes an additional point with a citation to Recital 99 which is not part of the provided gold texts.","A code of conduct should specify the matters listed in Article 40(2), namely (inter alia):
- fair and transparent processing (G Art. 40.2(a))  
- the legitimate interests pursued by controllers in specific contexts (G Art. 40.2(b))  
- the collection of personal data (G Art. 40.2(c))  
- the pseudonymisation of personal data (G Art. 40.2(d))  
- the information provided to the public and to data subjects (G Art. 40.2(e))  
- the exercise of the rights of data subjects (G Art. 40.2(f))  
- the information provided to, and the protection of, children, and how parental consent is to be obtained (G Art. 40.2(g))  
- the measures and procedures referred to in Articles 24 and 25 and the measures to ensure security of processing referred to in Article 32 (G Art. 40.2(h))  
- the notification of personal data breaches to supervisory authorities and the communication of such breaches to data subjects (G Art. 40.2(i))  
- the transfer of personal data to third countries or international organisations (G Art. 40.2(j))  
- out‑of‑court proceedings and other dispute‑resolution procedures between controllers and data subjects (without prejudice to rights under Articles 77 and 79) (G Art. 40.2(k))

Additional requirements when drawing up or amending a code:
- take account of the specific features of processing sectors and the needs of micro, small and medium‑sized enterprises (G Art. 40.1)  
- consult relevant stakeholders, including data subjects where feasible, and have regard to submissions and views received (G Rec. 99).","[1] Reference: G Art. 40.4
Document: G
Answer unit: G Art. 40
4. A code of conduct referred to in paragraph 2 Article 41 Article 55

[2] Reference: G Art. 32.3
Document: G
Answer unit: G Art. 32
3. Adherence to an approved code of conduct as referred to in Article 40 Article 42 paragraph 1

[3] Reference: G Art. 24.3
Document: G
Answer unit: G Art. 24
3. Adherence to approved codes of conduct as referred to in Article 40 Article 42

[4] Reference: G Rec. 99
Document: G
Answer unit: G Rec. 99
Recital 99. When drawing up a code of conduct, or when amending or extending such a code, associations and other bodies representing categories of controllers or processors should consult relevant stakeholders, including data subjects where feasible, and have regard to submissions received and views expressed in response to such consultations.

[5] Reference: G Art. 40.11
Document: G
Answer unit: G Art. 40
11. The Board shall collate all approved codes of conduct, amendments and extensions in a register and shall make them publicly available by way of appropriate means.

[6] Reference: G Art. 40
Document: G
Answer unit: G Art. 40
Article 40. Codes of conduct

1. The Member States, the supervisory authorities, the Board and the Commission shall encourage the drawing up of codes of conduct intended to contribute to the proper application of this Regulation, taking account of the specific features of the various processing sectors and the specific needs of micro, small and medium-sized enterprises.

2. Associations and other bodies representing categories of controllers or processors may prepare codes of conduct, or amend or extend such codes, for the purpose of specifying the application of this Regulation, such as with regard to: (a) fair and transparent processing; (b) the legitimate interests pursued by controllers in specific contexts; (c) the collection of personal data; (d) the pseudonymisation of personal data; (e) the information provided to the public and to data subjects; (f) the exercise of the rights of data subjects; (g) the information provided to, and the protection of, children, and the manner in which the consent of the holders of parental responsibility over children is to be obtained; (h) the measures and procedures referred to in Articles 24 and 25 and the measures to ensure security of processing referred to in Article 32 (i) the notification of personal data breaches to supervisory authorities and the communication of such personal data breaches to data subjects; (j) the transfer of personal data to third countries or international organisations; or (k) out-of-court proceedings and other dispute resolution procedures for resolving disputes between controllers and data subjects with regard to processing, without prejudice to the rights of data subjects pursuant to Articles 77 and 79.

3. In addition to adherence by controllers or processors subject to this Regulation, codes of conduct approved pursuant to paragraph 5 paragraph 9 Article 3 Article 46

4. A code of conduct referred to in paragraph 2 Article 41 Article 55

5. Associations and other bodies referred to in paragraph 2 Article 55

6. Where the draft code, or amendment or extension is approved in accordance with paragraph 5

7. Where a draft code of conduct relates to processing activities in several Member States, the supervisory authority which is competent pursuant to Article 55 Article 63 paragraph 3

8. Where the opinion referred to in paragraph 7 paragraph 3

9. The Commission may, by way of implementing acts, decide that the approved code of conduct, amendment or extension submitted to it pursuant to paragraph 8 Article 93

10. The Commission shall ensure appropriate publicity for the approved codes which have been decided as having general validity in accordance with paragraph 9

11. The Board shall collate all approved codes of conduct, amendments and extensions in a register and shall make them publicly available by way of appropriate means.

[7] Reference: G Art. 32
Document: G
Answer unit: G Art. 32
Article 32. Security of processing

1. Taking into account the state of the art, the costs of implementation and the nature, scope, context and purposes of processing as well as the risk of varying likelihood and severity for the rights and freedoms of natural persons, the controller and the processor shall implement appropriate technical and organisational measures to ensure a level of security appropriate to the risk, including inter alia as appropriate: (a) the pseudonymisation and encryption of personal data; (b) the ability to ensure the ongoing confidentiality, integrity, availability and resilience of processing systems and services; (c) the ability to restore the availability and access to personal data in a timely manner in the event of a physical or technical incident; (d) a process for regularly testing, assessing and evaluating the effectiveness of technical and organisational measures for ensuring the security of the processing.

2. In assessing the appropriate level of security account shall be taken in particular of the risks that are presented by processing, in particular from accidental or unlawful destruction, loss, alteration, unauthorised disclosure of, or access to personal data transmitted, stored or otherwise processed.

3. Adherence to an approved code of conduct as referred to in Article 40 Article 42 paragraph 1

4. The controller and processor shall take steps to ensure that any natural person acting under the authority of the controller or the processor who has access to personal data does not process them except on instructions from the controller, unless he or she is required to do so by Union or Member State law.

[8] Reference: G Art. 24
Document: G
Answer unit: G Art. 24
Article 24. Responsibility of the controller

1. Taking into account the nature, scope, context and purposes of processing as well as the risks of varying likelihood and severity for the rights and freedoms of natural persons, the controller shall implement appropriate technical and organisational measures to ensure and to be able to demonstrate that processing is performed in accordance with this Regulation. Those measures shall be reviewed and updated where necessary.

2. Where proportionate in relation to processing activities, the measures referred to in paragraph 1

3. Adherence to approved codes of conduct as referred to in Article 40 Article 42",,,,,,,,
audit_019,19,parent_only,mid,q4eu_034,Who determines disputes under a contract?,"[""B""]","[""B Art. 7"", ""B Art. 8"", ""B Art. 17""]","[""RI Rec. 12"", ""RI Rec. 19"", ""RI Art. 3"", ""RII Art. 14"", ""B Art. 25""]",0.0,0.6,0.0,False,False,False,,False,0.0,0.0,0.0,"[""RI Rec. 12"", ""B Art. 25""]","[""B Art. 25"", ""RI Rec. 12""]","[""B Art. 17"", ""B Art. 7"", ""B Art. 8""]","[""The answer implies that courts or tribunals of a Member State are the primary or only entities that determine disputes under contracts, when the context does not establish this as a general rule.""]","[""RI Rec. 12 states that 'An agreement between the parties to confer on one or more courts or tribunals of a Member State exclusive jurisdiction to determine disputes under the contract' is a factor to consider."", ""B Art. 25.1 provides that 'If the parties...have agreed that a court or the courts of a Member State are to have jurisdiction to settle any disputes which have arisen or which may arise in connection with a particular legal relationship, that court or those courts shall have jurisdiction.'""]","The answer is partially supported but materially incomplete and potentially misleading. The context passages (RI Rec. 12 and B Art. 25) specifically address situations where parties have agreed to confer jurisdiction on courts or tribunals of a Member State. However, the answer presents this as the general answer to 'who determines disputes under a contract' without acknowledging that the context only addresses the scenario of party agreement. The context does not establish that Member State courts are the default or only determiners of contractual disputes—it only addresses what happens when parties explicitly agree to confer jurisdiction. The answer conflates a conditional scenario (when parties agree) with a general rule, which is an unsupported legal interpretation beyond what the context supports.","[""Courts for the place of performance of the obligation in question (B Art. 7(1))"", ""Courts for the place of delivery of goods or where services were/should have been provided (B Art. 7(1)(b))"", ""Courts determined under consumer contract special jurisdiction (B Art. 17)""]","[""where the parties have agreed to confer jurisdiction on them (RI Rec. 12; B Art. 25)""]",[],"The generated answer relies entirely on external sources (RI Rec. 12 and B Art. 25) and legal concepts (agreement conferring jurisdiction) that are not present in the provided gold texts. It fails to mention the actual rules provided in the gold texts, such as jurisdiction being determined by the courts for the place of performance of the obligation.",Courts or tribunals of a Member State (i.e. a court or the courts of a Member State) determine disputes under the contract where the parties have agreed to confer jurisdiction on them (RI Rec. 12; B Art. 25).,"[1] Reference: RI Rec. 12
Document: RI
Answer unit: RI Rec. 12
Recital 12. An agreement between the parties to confer on one or more courts or tribunals of a Member State exclusive jurisdiction to determine disputes under the contract should be one of the factors to be taken into account in determining whether a choice of law has been clearly demonstrated.

[2] Reference: RI Rec. 19
Document: RI
Answer unit: RI Rec. 19
Recital 19. Where there has been no choice of law, the applicable law should be determined in accordance with the rule specified for the particular type of contract. Where the contract cannot be categorised as being one of the specified types or where its elements fall within more than one of the specified types, it should be governed by the law of the country where the party required to effect the characteristic performance of the contract has his habitual residence. In the case of a contract consisting of a bundle of rights and obligations capable of being categorised as falling within more than one of the specified types of contract, the characteristic performance of the contract should be determined having regard to its centre of gravity.

[3] Reference: RI Art. 3.1
Document: RI
Answer unit: RI Art. 3
1. A contract shall be governed by the law chosen by the parties. The choice shall be made expressly or clearly demonstrated by the terms of the contract or the circumstances of the case. By their choice the parties can select the law applicable to the whole or to part only of the contract.

[4] Reference: RII Art. 14.1
Document: RII
Answer unit: RII Art. 14
1. The parties may agree to submit non-contractual obligations to the law of their choice: (a) by an agreement entered into after the event giving rise to the damage occurred; or (b) where all the parties are pursuing a commercial activity, also by an agreement freely negotiated before the event giving rise to the damage occurred. The choice shall be expressed or demonstrated with reasonable certainty by the circumstances of the case and shall not prejudice the rights of third parties.

[5] Reference: B Art. 25.1
Document: B
Answer unit: B Art. 25
1. If the parties, regardless of their domicile, have agreed that a court or the courts of a Member State are to have jurisdiction to settle any disputes which have arisen or which may arise in connection with a particular legal relationship, that court or those courts shall have jurisdiction, unless the agreement is null and void as to its substantive validity under the law of that Member State. Such jurisdiction shall be exclusive unless the parties have agreed otherwise. The agreement conferring jurisdiction shall be either: (a) in writing or evidenced in writing; (b) in a form which accords with practices which the parties have established between themselves; or (c) in international trade or commerce, in a form which accords with a usage of which the parties are or ought to have been aware and which in such trade or commerce is widely known to, and regularly observed by, parties to contracts of the type involved in the particular trade or commerce concerned.

[6] Reference: RI Art. 3
Document: RI
Answer unit: RI Art. 3
Article 3. Freedom of choice

1. A contract shall be governed by the law chosen by the parties. The choice shall be made expressly or clearly demonstrated by the terms of the contract or the circumstances of the case. By their choice the parties can select the law applicable to the whole or to part only of the contract.

2. The parties may at any time agree to subject the contract to a law other than that which previously governed it, whether as a result of an earlier choice made under this Article or of other provisions of this Regulation. Any change in the law to be applied that is made after the conclusion of the contract shall not prejudice its formal validity under Article 11 or adversely affect the rights of third parties.

3. Where all other elements relevant to the situation at the time of the choice are located in a country other than the country whose law has been chosen, the choice of the parties shall not prejudice the application of provisions of the law of that other country which cannot be derogated from by agreement.

4. Where all other elements relevant to the situation at the time of the choice are located in one or more Member States, the parties' choice of applicable law other than that of a Member State shall not prejudice the application of provisions of Community law, where appropriate as implemented in the Member State of the forum, which cannot be derogated from by agreement.

5. The existence and validity of the consent of the parties as to the choice of the applicable law shall be determined in accordance with the provisions of Articles 10, 11 and 13.

[7] Reference: RII Art. 14
Document: RII
Answer unit: RII Art. 14
Article 14. Freedom of choice

1. The parties may agree to submit non-contractual obligations to the law of their choice: (a) by an agreement entered into after the event giving rise to the damage occurred; or (b) where all the parties are pursuing a commercial activity, also by an agreement freely negotiated before the event giving rise to the damage occurred. The choice shall be expressed or demonstrated with reasonable certainty by the circumstances of the case and shall not prejudice the rights of third parties.

2. Where all the elements relevant to the situation at the time when the event giving rise to the damage occurs are located in a country other than the country whose law has been chosen, the choice of the parties shall not prejudice the application of provisions of the law of that other country which cannot be derogated from by agreement.

3. Where all the elements relevant to the situation at the time when the event giving rise to the damage occurs are located in one or more of the Member States, the parties' choice of the law applicable other than that of a Member State shall not prejudice the application of provisions of Community law, where appropriate as implemented in the Member State of the forum, which cannot be derogated from by agreement.

[8] Reference: B Art. 25
Document: B
Answer unit: B Art. 25
Article 25.

1. If the parties, regardless of their domicile, have agreed that a court or the courts of a Member State are to have jurisdiction to settle any disputes which have arisen or which may arise in connection with a particular legal relationship, that court or those courts shall have jurisdiction, unless the agreement is null and void as to its substantive validity under the law of that Member State. Such jurisdiction shall be exclusive unless the parties have agreed otherwise. The agreement conferring jurisdiction shall be either: (a) in writing or evidenced in writing; (b) in a form which accords with practices which the parties have established between themselves; or (c) in international trade or commerce, in a form which accords with a usage of which the parties are or ought to have been aware and which in such trade or commerce is widely known to, and regularly observed by, parties to contracts of the type involved in the particular trade or commerce concerned.

2. Any communication by electronic means which provides a durable record of the agreement shall be equivalent to ‘writing’.

3. The court or courts of a Member State on which a trust instrument has conferred jurisdiction shall have exclusive jurisdiction in any proceedings brought against a settlor, trustee or beneficiary, if relations between those persons or their rights or obligations under the trust are involved.

4. Agreements or provisions of a trust instrument conferring jurisdiction shall have no legal force if they are contrary to Articles 15, 19 or 23, or if the courts whose jurisdiction they purport to exclude have exclusive jurisdiction by virtue of Article 2 4 .

5. An agreement conferring jurisdiction which forms part of a contract shall be treated as an agreement independent of the other terms of the contract.The validity of the agreement conferring jurisdiction cannot be contested solely on the ground that the contract is not valid.",,,,,,,,
audit_020,20,parent_only,high,q4eu_055,Which authority should be informed in case of repeated delays by a Member State in executing European arrest warrants?,"[""W""]","[""W Art. 17""]","[""W Art. 16"", ""W Art. 17"", ""W Art. 6"", ""W Art. 10"", ""W Art. 7""]",1.0,1.0,1.0,False,False,False,,False,1.0,1.0,1.0,"[""W Art. 17""]",[],[],[],"[""W Art. 17.7: 'a Member State which has experienced repeated delays on the part of another Member State in the execution of European arrest warrants shall inform the Council with a view to evaluating the implementation of this Framework Decision at Member State level'""]",The answer is fully supported by the context. Article 17.7 explicitly states that a Member State experiencing repeated delays by another Member State in executing European arrest warrants shall inform the Council. The answer accurately identifies the Council as the authority to be informed and correctly cites the relevant provision.,[],[],"[""a Member State which has experienced repeated delays on the part of another Member State in the execution of European arrest warrants shall inform the Council""]",The answer perfectly and concisely provides the correct authority (the Council) that must be informed under Article 17(7) in case of repeated delays by another Member State.,A Member State that has experienced repeated delays by another Member State shall inform the Council (W Art. 17.7).,"[1] Reference: W Art. 16.1
Document: W
Answer unit: W Art. 16
1. If two or more Member States have issued European arrest warrants for the same person, the decision on which of the European arrest warrants shall be executed shall be taken by the executing judicial authority with due consideration of all the circumstances and especially the relative seriousness and place of the offences, the respective dates of the European arrest warrants and whether the warrant has been issued for the purposes of prosecution or for execution of a custodial sentence or detention order.

[2] Reference: W Art. 17.7
Document: W
Answer unit: W Art. 17
7. Where in exceptional circumstances a Member State cannot observe the time limits provided for in this Article, it shall inform Eurojust, giving the reasons for the delay. In addition, a Member State which has experienced repeated delays on the part of another Member State in the execution of European arrest warrants shall inform the Council with a view to evaluating the implementation of this Framework Decision at Member State level.

[3] Reference: W Art. 6.2
Document: W
Answer unit: W Art. 6
2. The executing judicial authority shall be the judicial authority of the executing Member State which is competent to execute the European arrest warrant by virtue of the law of that State.

[4] Reference: W Art. 10.6
Document: W
Answer unit: W Art. 10
6. If the authority which receives a European arrest warrant is not competent to act upon it, it shall automatically forward the European arrest warrant to the competent authority in its Member State and shall inform the issuing judicial authority accordingly.

[5] Reference: W Art. 7.2
Document: W
Answer unit: W Art. 7
2. A Member State may, if it is necessary as a result of the organisation of its internal judicial system, make its central authority(ies) responsible for the administrative transmission and reception of European arrest warrants as well as for all other official correspondence relating thereto.

[6] Reference: W Art. 16
Document: W
Answer unit: W Art. 16
Article 16. 1. If two or more Member States have issued European arrest warrants for the same person, the decision on which of the European arrest warrants shall be executed shall be taken by the executing judicial authority with due consideration of all the circumstances and especially the relative seriousness and place of the offences, the respective dates of the European arrest warrants and whether the warrant has been issued for the purposes of prosecution or for execution of a custodial sentence or detention order. 2. The executing judicial authority may seek the advice of Eurojust ( 9 ) when making the choice referred to in paragraph 1. 3. In the event of a conflict between a European arrest warrant and a request for extradition presented by a third country, the decision on whether the European arrest warrant or the extradition request takes precedence shall be taken by the competent authority of the executing Member State with due consideration of all the circumstances, in particular those referred to in paragraph 1 and those mentioned in the applicable convention. 4. This Article shall be without prejudice to Member States' obligations under the Statute of the International Criminal Court.

[7] Reference: W Art. 17
Document: W
Answer unit: W Art. 17
Article 17. 1. A European arrest warrant shall be dealt with and executed as a matter of urgency. 2. In cases where the requested person consents to his surrender, the final decision on the execution of the European arrest warrant should be taken within a period of 10 days after consent has been given. 3. In other cases, the final decision on the execution of the European arrest warrant should be taken within a period of 60 days after the arrest of the requested person. 4. Where in specific cases the European arrest warrant cannot be executed within the time limits laid down in paragraphs 2 or 3, the executing judicial authority shall immediately inform the issuing judicial authority thereof, giving the reasons for the delay. In such case, the time limits may be extended by a further 30 days. 5. As long as the executing judicial authority has not taken a final decision on the European arrest warrant, it shall ensure that the material conditions necessary for effective surrender of the person remain fulfilled. 6. Reasons must be given for any refusal to execute a European arrest warrant. 7. Where in exceptional circumstances a Member State cannot observe the time limits provided for in this Article, it shall inform Eurojust, giving the reasons for the delay. In addition, a Member State which has experienced repeated delays on the part of another Member State in the execution of European arrest warrants shall inform the Council with a view to evaluating the implementation of this Framework Decision at Member State level.

[8] Reference: W Art. 6
Document: W
Answer unit: W Art. 6
Article 6. 1. The issuing judicial authority shall be the judicial authority of the issuing Member State which is competent to issue a European arrest warrant by virtue of the law of that State. 2. The executing judicial authority shall be the judicial authority of the executing Member State which is competent to execute the European arrest warrant by virtue of the law of that State. 3. Each Member State shall inform the General Secretariat of the Council of the competent judicial authority under its law.

[9] Reference: W Art. 10
Document: W
Answer unit: W Art. 10
Article 10. 1. If the issuing judicial authority does not know the competent executing judicial authority, it shall make the requisite enquiries, including through the contact points of the European Judicial Network ( 8 ), in order to obtain that information from the executing Member State. 2. If the issuing judicial authority so wishes, transmission may be effected via the secure telecommunications system of the European Judicial Network. 3. If it is not possible to call on the services of the SIS, the issuing judicial authority may call on Interpol to transmit a European arrest warrant. 4. The issuing judicial authority may forward the European arrest warrant by any secure means capable of producing written records under conditions allowing the executing Member State to establish its authenticity. 5. All difficulties concerning the transmission or the authenticity of any document needed for the execution of the European arrest warrant shall be dealt with by direct contacts between the judicial authorities involved, or, where appropriate, with the involvement of the central authorities of the Member States. 6. If the authority which receives a European arrest warrant is not competent to act upon it, it shall automatically forward the European arrest warrant to the competent authority in its Member State and shall inform the issuing judicial authority accordingly.

[10] Reference: W Art. 7
Document: W
Answer unit: W Art. 7
Article 7. 1. Each Member State may designate a central authority or, when its legal system so provides, more than one central authority to assist the competent judicial authorities. 2. A Member State may, if it is necessary as a result of the organisation of its internal judicial system, make its central authority(ies) responsible for the administrative transmission and reception of European arrest warrants as well as for all other official correspondence relating thereto. Member State wishing to make use of the possibilities referred to in this Article shall communicate to the General Secretariat of the Council information relating to the designated central authority or central authorities. These indications shall be binding upon all the authorities of the issuing Member State.",,,,,,,,
audit_021,21,parent_only,high,q4eu_059,What right is applied by the judicial authority to decide whether the requested person should remain in detention or be provisionally released?,"[""W""]","[""W Art. 12"", ""W Rec. 8"", ""W Rec. 10""]","[""W Art. 12"", ""W Art. 4a"", ""W Art. 35"", ""W Art. 15"", ""W Art. 26""]",0.3333333333333333,1.0,1.0,False,False,False,,False,1.0,0.3333333333333333,0.5,"[""W Art. 12""]",[],"[""W Rec. 10"", ""W Rec. 8""]",[],"[""W Art. 12.1: 'the executing judicial authority shall take a decision on whether the requested person should remain in detention, in accordance with the law of the executing Member State'"", ""W Art. 12.1: 'The person may be released provisionally at any time in conformity with the domestic law of the executing Member State, provided that the competent authority of the said Member State takes all the measures it deems necessary to prevent the person absconding'""]","The answer directly and accurately reflects the content of Article 12 of the Framework Decision. It correctly identifies that the executing judicial authority applies the domestic law of the executing Member State when deciding on detention or provisional release, and accurately notes the condition that measures must be taken to prevent absconding. All substantive claims are fully supported by the context passages.",[],[],"[""W Art. 12""]","The answer perfectly addresses the question by identifying the applicable law (the domestic law of the executing Member State) for both detention decisions and provisional release, fully aligned with Article 12.","The executing judicial authority applies the law (domestic law) of the executing Member State. Provisional release is allowed at any time only in conformity with that domestic law, subject to measures to prevent absconding (W Art. 12).","[1] Reference: W Art. 12.1
Document: W
Answer unit: W Art. 12
When a person is arrested on the basis of a European arrest warrant, the executing judicial authority shall take a decision on whether the requested person should remain in detention, in accordance with the law of the executing Member State. The person may be released provisionally at any time in conformity with the domestic law of the executing Member State, provided that the competent authority of the said Member State takes all the measures it deems necessary to prevent the person absconding.

[2] Reference: W Art. 4a.3
Document: W
Answer unit: W Art. 4a
3. In case a person is surrendered under the conditions of paragraph (1)(d) and he or she has requested a retrial or appeal, the detention of that person awaiting such retrial or appeal shall, until these proceedings are finalised, be reviewed in accordance with the law of the issuing Member State, either on a regular basis or upon request of the person concerned. Such a review shall in particular include the possibility of suspension or interruption of the detention. The retrial or appeal shall begin within due time after the surrender.

[3] Reference: W Art. 35.2
Document: W
Answer unit: W Art. 35
This warrant has been issued by a competent judicial authority. I request that the person mentioned below be arrested and surrendered for the purposes of conducting a criminal prosecution or executing a custodial sentence or detention order.

[4] Reference: W Art. 15.1
Document: W
Answer unit: W Art. 15
1. The executing judicial authority shall decide, within the time-limits and under the conditions defined in this Framework Decision, whether the person is to be surrendered.

[5] Reference: W Art. 26.2
Document: W
Answer unit: W Art. 26
2. To that end, all information concerning the duration of the detention of the requested person on the basis of the European arrest warrant shall be transmitted by the executing judicial authority or the central authority designated under Article 7 to the issuing judicial authority at the time of the surrender.

[6] Reference: W Art. 12
Document: W
Answer unit: W Art. 12
Article 12. When a person is arrested on the basis of a European arrest warrant, the executing judicial authority shall take a decision on whether the requested person should remain in detention, in accordance with the law of the executing Member State. The person may be released provisionally at any time in conformity with the domestic law of the executing Member State, provided that the competent authority of the said Member State takes all the measures it deems necessary to prevent the person absconding.

[7] Reference: W Art. 4a
Document: W
Answer unit: W Art. 4a
Article 4a. 1. The executing judicial authority may also refuse to execute the European arrest warrant issued for the purpose of executing a custodial sentence or a detention order if the person did not appear in person at the trial resulting in the decision, unless the European arrest warrant states that the person, in accordance with further procedural requirements defined in the national law of the issuing Member State: (a) in due time: (i) either was summoned in person and thereby informed of the scheduled date and place of the trial which resulted in the decision, or by other means actually received official information of the scheduled date and place of that trial in such a manner that it was unequivocally established that he or she was aware of the scheduled trial; (ii) was informed that a decision may be handed down if he or she does not appear for the trial; (b) being aware of the scheduled trial, had given a mandate to a legal counsellor, who was either appointed by the person concerned or by the State, to defend him or her at the trial, and was indeed defended by that counsellor at the trial; (c) after being served with the decision and being expressly informed about the right to a retrial, or an appeal, in which the person has the right to participate and which allows the merits of the case, including fresh evidence, to be re-examined, and which may lead to the original decision being reversed: (i) expressly stated that he or she does not contest the decision; (ii) did not request a retrial or appeal within the applicable time frame; (d) was not personally served with the decision but: (i) will be personally served with it without delay after the surrender and will be expressly informed of his or her right to a retrial, or an appeal, in which the person has the right to participate and which allows the merits of the case, including fresh evidence, to be re-examined, and which may lead to the original decision being reversed; (ii) will be informed of the time frame within which he or she has to request such a retrial or appeal, as mentioned in the relevant European arrest warrant. 2. In case the European arrest warrant is issued for the purpose of executing a custodial sentence or detention order under the conditions of paragraph 1(d) and the person concerned has not previously received any official information about the existence of the criminal proceedings against him or her, he or she may, when being informed about the content of the European arrest warrant, request to receive a copy of the judgment before being surrendered. Immediately after having been informed about the request, the issuing authority shall provide the copy of the judgment via the executing authority to the person sought. The request of the person sought shall neither delay the surrender procedure nor delay the decision to execute the European arrest warrant. The provision of the judgment to the person concerned is for information purposes only; it shall neither be regarded as a formal service of the judgment nor actuate any time limits applicable for requesting a retrial or appeal. 3. In case a person is surrendered under the conditions of paragraph (1)(d) and he or she has requested a retrial or appeal, the detention of that person awaiting such retrial or appeal shall, until these proceedings are finalised, be reviewed in accordance with the law of the issuing Member State, either on a regular basis or upon request of the person concerned. Such a review shall in particular include the possibility of suspension or interruption of the detention. The retrial or appeal shall begin within due time after the surrender.

[8] Reference: W Art. 35
Document: W
Answer unit: W Art. 35
Article 35. This Framework Decision shall enter into force on the twentieth day following that of its publication in the Official Journal of the European Communities . This warrant has been issued by a competent judicial authority. I request that the person mentioned below be arrested and surrendered for the purposes of conducting a criminal prosecution or executing a custodial sentence or detention order. ►( 1 ) M1

[9] Reference: W Art. 15
Document: W
Answer unit: W Art. 15
Article 15. 1. The executing judicial authority shall decide, within the time-limits and under the conditions defined in this Framework Decision, whether the person is to be surrendered. 2. If the executing judicial authority finds the information communicated by the issuing Member State to be insufficient to allow it to decide on surrender, it shall request that the necessary supplementary information, in particular with respect to Articles 3 to 5 and Article 8, be furnished as a matter of urgency and may fix a time limit for the receipt thereof, taking into account the need to observe the time limits set in Article 17. 3. The issuing judicial authority may at any time forward any additional useful information to the executing judicial authority.

[10] Reference: W Art. 26
Document: W
Answer unit: W Art. 26
Article 26. 1. The issuing Member State shall deduct all periods of detention arising from the execution of a European arrest warrant from the total period of detention to be served in the issuing Member State as a result of a custodial sentence or detention order being passed. 2. To that end, all information concerning the duration of the detention of the requested person on the basis of the European arrest warrant shall be transmitted by the executing judicial authority or the central authority designated under Article 7 to the issuing judicial authority at the time of the surrender.",,,,,,,,
audit_022,22,parent_only,high,q4eu_066,How are the expenses of executing the European arrest warrant allocated?,"[""W""]","[""W Art. 30""]","[""W Art. 30"", ""W Art. 16"", ""W Art. 1"", ""W Art. 12"", ""W Art. 26""]",1.0,1.0,1.0,False,False,False,,False,1.0,1.0,1.0,"[""W Art. 30""]",[],[],[],"[""W Art. 30.1: 'Expenses incurred in the territory of the executing Member State for the execution of a European arrest warrant shall be borne by that Member State.'"", ""W Art. 30.2: 'All other expenses shall be borne by the issuing Member State.'""]","The answer directly and accurately reflects the two-part allocation rule stated in Article 30 of the Framework Decision. Both claims are explicitly supported by the context passages, with proper citations. The answer is complete, precise, and contains no unsupported interpretations or contradictions.",[],[],"[""Expenses incurred in the territory of the executing Member State for the execution of a European arrest warrant shall be borne by that Member State."", ""All other expenses shall be borne by the issuing Member State.""]",The generated answer is fully correct and perfectly aligns with the gold text. It accurately describes how the expenses of executing the European arrest warrant are allocated between the executing Member State and the issuing Member State.,"- Expenses incurred in the territory of the executing Member State for the execution of a European arrest warrant are borne by the executing Member State (W Art. 30.1).  
- All other expenses are borne by the issuing Member State (W Art. 30.2).","[1] Reference: W Art. 30.1
Document: W
Answer unit: W Art. 30
1. Expenses incurred in the territory of the executing Member State for the execution of a European arrest warrant shall be borne by that Member State.

[2] Reference: W Art. 16.1
Document: W
Answer unit: W Art. 16
1. If two or more Member States have issued European arrest warrants for the same person, the decision on which of the European arrest warrants shall be executed shall be taken by the executing judicial authority with due consideration of all the circumstances and especially the relative seriousness and place of the offences, the respective dates of the European arrest warrants and whether the warrant has been issued for the purposes of prosecution or for execution of a custodial sentence or detention order.

[3] Reference: W Art. 1.1
Document: W
Answer unit: W Art. 1
1. The European arrest warrant is a judicial decision issued by a Member State with a view to the arrest and surrender by another Member State of a requested person, for the purposes of conducting a criminal prosecution or executing a custodial sentence or detention order.

[4] Reference: W Art. 12.1
Document: W
Answer unit: W Art. 12
When a person is arrested on the basis of a European arrest warrant, the executing judicial authority shall take a decision on whether the requested person should remain in detention, in accordance with the law of the executing Member State. The person may be released provisionally at any time in conformity with the domestic law of the executing Member State, provided that the competent authority of the said Member State takes all the measures it deems necessary to prevent the person absconding.

[5] Reference: W Art. 26.1
Document: W
Answer unit: W Art. 26
1. The issuing Member State shall deduct all periods of detention arising from the execution of a European arrest warrant from the total period of detention to be served in the issuing Member State as a result of a custodial sentence or detention order being passed.

[6] Reference: W Art. 30
Document: W
Answer unit: W Art. 30
Article 30. 1. Expenses incurred in the territory of the executing Member State for the execution of a European arrest warrant shall be borne by that Member State. 2. All other expenses shall be borne by the issuing Member State.

[7] Reference: W Art. 16
Document: W
Answer unit: W Art. 16
Article 16. 1. If two or more Member States have issued European arrest warrants for the same person, the decision on which of the European arrest warrants shall be executed shall be taken by the executing judicial authority with due consideration of all the circumstances and especially the relative seriousness and place of the offences, the respective dates of the European arrest warrants and whether the warrant has been issued for the purposes of prosecution or for execution of a custodial sentence or detention order. 2. The executing judicial authority may seek the advice of Eurojust ( 9 ) when making the choice referred to in paragraph 1. 3. In the event of a conflict between a European arrest warrant and a request for extradition presented by a third country, the decision on whether the European arrest warrant or the extradition request takes precedence shall be taken by the competent authority of the executing Member State with due consideration of all the circumstances, in particular those referred to in paragraph 1 and those mentioned in the applicable convention. 4. This Article shall be without prejudice to Member States' obligations under the Statute of the International Criminal Court.

[8] Reference: W Art. 1
Document: W
Answer unit: W Art. 1
Article 1. 1. The European arrest warrant is a judicial decision issued by a Member State with a view to the arrest and surrender by another Member State of a requested person, for the purposes of conducting a criminal prosecution or executing a custodial sentence or detention order. 2. Member States shall execute any European arrest warrant on the basis of the principle of mutual recognition and in accordance with the provisions of this Framework Decision. 3. This Framework Decision shall not have the effect of modifying the obligation to respect fundamental rights and fundamental legal principles as enshrined in Article 6 of the Treaty on European Union.

[9] Reference: W Art. 12
Document: W
Answer unit: W Art. 12
Article 12. When a person is arrested on the basis of a European arrest warrant, the executing judicial authority shall take a decision on whether the requested person should remain in detention, in accordance with the law of the executing Member State. The person may be released provisionally at any time in conformity with the domestic law of the executing Member State, provided that the competent authority of the said Member State takes all the measures it deems necessary to prevent the person absconding.

[10] Reference: W Art. 26
Document: W
Answer unit: W Art. 26
Article 26. 1. The issuing Member State shall deduct all periods of detention arising from the execution of a European arrest warrant from the total period of detention to be served in the issuing Member State as a result of a custodial sentence or detention order being passed. 2. To that end, all information concerning the duration of the detention of the requested person on the basis of the European arrest warrant shall be transmitted by the executing judicial authority or the central authority designated under Article 7 to the issuing judicial authority at the time of the surrender.",,,,,,,,
audit_023,23,volume_matched,high,q4eu_001,How is a qualified electronic signature validated?,"[""E""]","[""E Art. 32"", ""E Art. 33"", ""E Rec. 57""]","[""E Art. 32"", ""E Art. 33"", ""E Rec. 57"", ""E Art. 25"", ""E Art. 28"", ""E Rec. 58"", ""E Art. 26"", ""E Art. 35"", ""E Art. 34"", ""E Art. 42"", ""E Art. 30""]",1.0,0.9,1.0,False,False,False,,False,0.4,0.6666666666666666,0.5,"[""E Art. 32"", ""E Art. 28"", ""E Art. 30"", ""E Art. 26"", ""E Art. 33""]","[""E Art. 26"", ""E Art. 28"", ""E Art. 30""]","[""E Rec. 57""]","[""Article 26(26) requires that an advanced electronic signature be uniquely linked to and capable of identifying the signatory, be created using signature-creation data the signatory can use under his sole control, and be linked to the signed data so any subsequent change is detectable - this is a paraphrase of Article 26 requirements, but the answer presents it as if Article 26(26) is a specific subsection when the context shows Article 26.26 is the full reference to Article 26""]","[""E Art. 32.1 specifies eight conditions for validation of a qualified electronic signature"", ""E Art. 32.2 requires validation system to provide correct result and allow detection of security issues"", ""E Art. 32.3 allows Commission to establish reference standards for validation"", ""E Art. 33.1 specifies requirements for qualified validation service providers"", ""E Art. 26.26 specifies requirements for advanced electronic signatures""]","The answer is substantially faithful to the context. All eight validation conditions from Article 32.1 are accurately cited and correctly attributed. The operational requirements for validation systems and qualified validation services are properly supported by Articles 32.2, 32.3, and 33.1. The reference to Article 26 requirements is supported by the context. The only minor issue is a slight notational awkwardness in citing 'Article 26(26)' when the context reference is 'E Art. 26.26' - this is a harmless paraphrase drift rather than a substantive error. The answer comprehensively addresses the question with full support from the provided passages.",[],[],"[""E Art. 32"", ""E Art. 33""]","The answer is exceptionally accurate and completely covers all requirements for validating a qualified electronic signature under Article 32 and Article 33. It includes the validation criteria, operational requirements of the system, presumption of compliance via standards, and the requirements for a qualified validation service.","A qualified electronic signature is validated by a process that confirms the signature is valid only if all of the following are met (E Art. 32.1):
- the certificate supporting the signature was, at the time of signing, a qualified certificate complying with Annex I (E Art. 32.1(a); E Art. 28.1);  
- the qualified certificate was issued by a qualified trust service provider and was valid at the time of signing (E Art. 32.1(b));  
- the signature validation data corresponds to the data provided to the relying party (E Art. 32.1(c));  
- the unique set of data representing the signatory in the certificate is correctly provided to the relying party (E Art. 32.1(d));  
- the use of any pseudonym is clearly indicated to the relying party if a pseudonym was used at the time of signing (E Art. 32.1(e));  
- the electronic signature was created by a qualified electronic signature creation device (E Art. 32.1(f); E Art. 30.1);  
- the integrity of the signed data has not been compromised (E Art. 32.1(g)); and  
- the requirements of Article 26 were met at the time of signing (E Art. 32.1(h)). Article 26(26) requires that an advanced electronic signature be uniquely linked to and capable of identifying the signatory, be created using signature-creation data the signatory can use under his sole control, and be linked to the signed data so any subsequent change is detectable (E Art. 26.26).

Operational and service requirements for validation:
- the validation system must provide the relying party the correct result and allow detection of any security‑relevant issues (E Art. 32.2).  
- the Commission may specify reference standards for validation by implementing acts; compliance with Article 32(1) is presumed where validation meets those standards (E Art. 32.3).  
- a qualified validation service may be offered only by a qualified trust service provider that performs validation in compliance with Article 32(1) and allows relying parties to receive the validation result in an automated, reliable and efficient manner bearing the provider’s advanced electronic signature or seal (E Art. 33.1).","[1] Reference: E Art. 32.1
Document: E
Answer unit: E Art. 32
1. The process for the validation of a qualified electronic signature shall confirm the validity of a qualified electronic signature provided that: (a) the certificate that supports the signature was, at the time of signing, a qualified certificate for electronic signature complying with Annex I; (b) the qualified certificate was issued by a qualified trust service provider and was valid at the time of signing; (c) the signature validation data corresponds to the data provided to the relying party; (d) the unique set of data representing the signatory in the certificate is correctly provided to the relying party; (e) the use of any pseudonym is clearly indicated to the relying party if a pseudonym was used at the time of signing; (f) the electronic signature was created by a qualified electronic signature creation device; (g) the integrity of the signed data has not been compromised; (h) the requirements provided for in Article 26 were met at the time of signing.

[2] Reference: E Art. 32.2
Document: E
Answer unit: E Art. 32
2. The system used for validating the qualified electronic signature shall provide to the relying party the correct result of the validation process and shall allow the relying party to detect any security relevant issues.

[3] Reference: E Art. 33.1
Document: E
Answer unit: E Art. 33
1. A qualified validation service for qualified electronic signatures may only be provided by a qualified trust service provider who: (a) provides validation in compliance with Article 32(1); and (b) allows relying parties to receive the result of the validation process in an automated manner, which is reliable, efficient and bears the advanced electronic signature or advanced electronic seal of the provider of the qualified validation service.

[4] Reference: E Rec. 57
Document: E
Answer unit: E Rec. 57
Recital 57. To ensure legal certainty as regards the validity of the signature, it is essential to specify the components of a qualified electronic signature, which should be assessed by the relying party carrying out the validation. Moreover, specifying the requirements for qualified trust service providers that can provide a qualified validation service to relying parties unwilling or unable to carry out the validation of qualified electronic signatures themselves, should stimulate the private and public sector to invest in such services. Both elements should make qualified electronic signature validation easy and convenient for all parties at Union level.

[5] Reference: E Art. 25.3
Document: E
Answer unit: E Art. 25
3. A qualified electronic signature based on a qualified certificate issued in one Member State shall be recognised as a qualified electronic signature in all other Member States.

[6] Reference: E Art. 25.2
Document: E
Answer unit: E Art. 25
2. A qualified electronic signature shall have the equivalent legal effect of a handwritten signature.

[7] Reference: E Art. 28.3
Document: E
Answer unit: E Art. 28
3. Qualified certificates for electronic signatures may include non-mandatory additional specific attributes. Those attributes shall not affect the interoperability and recognition of qualified electronic signatures.

[8] Reference: E Rec. 58
Document: E
Answer unit: E Rec. 58
Recital 58. When a transaction requires a qualified electronic seal from a legal person, a qualified electronic signature from the authorised representative of the legal person should be equally acceptable.

[9] Reference: E Art. 26.26
Document: E
Answer unit: E Art. 26
26. An advanced electronic signature shall meet the following requirements: (a) it is uniquely linked to the signatory; (b) it is capable of identifying the signatory; (c) it is created using electronic signature creation data that the signatory can, with a high level of confidence, use under his sole control; and (d) it is linked to the data signed therewith in such a way that any subsequent change in the data is detectable.

[10] Reference: E Art. 35.2
Document: E
Answer unit: E Art. 35
2. A qualified electronic seal shall enjoy the presumption of integrity of the data and of correctness of the origin of that data to which the qualified electronic seal is linked.

[11] Reference: E Art. 34.1
Document: E
Answer unit: E Art. 34
1. A qualified preservation service for qualified electronic signatures may only be provided by a qualified trust service provider that uses procedures and technologies capable of extending the trustworthiness of the qualified electronic signature beyond the technological validity period.

[12] Reference: E Art. 32.3
Document: E
Answer unit: E Art. 32
3. The Commission may, by means of implementing acts, establish reference numbers of standards for the validation of qualified electronic signatures. Compliance with the requirements laid down in paragraph 1 shall be presumed where the validation of qualified electronic signatures meets those standards. Those implementing acts shall be adopted in accordance with the examination procedure referred to in Article 48(2).

[13] Reference: E Art. 42.1
Document: E
Answer unit: E Art. 42
1. A qualified electronic time stamp shall meet the following requirements: (a) it binds the date and time to data in such a manner as to reasonably preclude the possibility of the data being changed undetectably; (b) it is based on an accurate time source linked to Coordinated Universal Time; and (c) it is signed using an advanced electronic signature or sealed with an advanced electronic seal of the qualified trust service provider, or by some equivalent method.

[14] Reference: E Art. 28.1
Document: E
Answer unit: E Art. 28
1. Qualified certificates for electronic signatures shall meet the requirements laid down in Annex I.

[15] Reference: E Art. 35.3
Document: E
Answer unit: E Art. 35
3. A qualified electronic seal based on a qualified certificate issued in one Member State shall be recognised as a qualified electronic seal in all other Member States.

[16] Reference: E Art. 30.1
Document: E
Answer unit: E Art. 30
1. Conformity of qualified electronic signature creation devices with the requirements laid down in Annex II shall be certified by appropriate public or private bodies designated by Member States.",,,,,,,,
audit_024,24,volume_matched,mid,q4eu_002,Can an electronic signature be expressed in the form of a pseudonym?,"[""E""]","[""E Art. 3"", ""E Art. 32""]","[""E Art. 5"", ""E Art. 25"", ""E Rec. 58"", ""E Art. 26"", ""E Rec. 33"", ""E Art. 32"", ""E Rec. 49""]",0.5,0.6,0.6,False,False,False,,False,0.3333333333333333,0.5,0.4,"[""E Art. 5"", ""E Rec. 33"", ""E Art. 32""]","[""E Art. 5"", ""E Rec. 33""]","[""E Art. 3""]","[""The answer implies that an electronic signature can be expressed in the form of a pseudonym, but the context does not establish this. Article 5.2 permits the use of pseudonyms in electronic transactions generally, and Article 32.1(e) addresses disclosure of pseudonym use in qualified signature validation, but neither passage establishes that a signature itself can be expressed as or take the form of a pseudonym.""]","[""E Art. 5.2: 'the use of pseudonyms in electronic transactions shall not be prohibited'"", ""E Rec. 33: 'Provisions on the use of pseudonyms in certificates should not prevent Member States from requiring identification'"", ""E Art. 32.1(e): 'the use of any pseudonym is clearly indicated to the relying party if a pseudonym was used at the time of signing'""]","The answer cites relevant provisions about pseudonyms in electronic transactions and signature validation, but conflates two distinct concepts. The context permits pseudonyms in electronic transactions and requires disclosure of pseudonym use during signature validation, but does not directly address whether an electronic signature can be expressed in the form of a pseudonym itself. The answer's opening statement ('Yes. The use of pseudonyms in electronic transactions shall not be prohibited') answers a narrower question than asked and does not substantively establish that a signature can take pseudonym form. The subsequent points about identification requirements and disclosure are well-supported but do not resolve the core question. The answer thus provides partially relevant but ultimately incomplete and somewhat misdirected support for the specific question posed.","[""Article 3(14) of definition of 'certificate for electronic signature' which explicitly confirms at least the name or the pseudonym of that person.""]","[""Yes. The use of pseudonyms in electronic transactions shall not be prohibited (E Art. 5.2)."", ""Member States may nonetheless require identification pursuant to Union or national law (E Rec. 33).""]","[""E Art. 3(14)"", ""E Art. 32(1)(e)""]","The generated answer correctly concludes 'yes' and mentions E Art. 32.1(e) regarding validation, which is supported by the gold texts. However, it relies heavily on citations and rules (E Art. 5.2 and E Rec. 33) that are completely absent from the provided gold texts. Furthermore, it omits the key definition in Article 3(14) which directly states that a certificate for electronic signature confirms ""at least the name or the pseudonym"" of the person.","- Yes. The use of pseudonyms in electronic transactions shall not be prohibited (E Art. 5.2).  
- Member States may nonetheless require identification pursuant to Union or national law (E Rec. 33).  
- Where a qualified electronic signature is validated, any use of a pseudonym must be clearly indicated to the relying party (E Art. 32.1(e)).","[1] Reference: E Art. 5.2
Document: E
Answer unit: E Art. 5
2. Without prejudice to the legal effect given to pseudonyms under national law, the use of pseudonyms in electronic transactions shall not be prohibited.

[2] Reference: E Art. 25.2
Document: E
Answer unit: E Art. 25
2. A qualified electronic signature shall have the equivalent legal effect of a handwritten signature.

[3] Reference: E Rec. 58
Document: E
Answer unit: E Rec. 58
Recital 58. When a transaction requires a qualified electronic seal from a legal person, a qualified electronic signature from the authorised representative of the legal person should be equally acceptable.

[4] Reference: E Art. 25.1
Document: E
Answer unit: E Art. 25
1. An electronic signature shall not be denied legal effect and admissibility as evidence in legal proceedings solely on the grounds that it is in an electronic form or that it does not meet the requirements for qualified electronic signatures.

[5] Reference: E Art. 26.26
Document: E
Answer unit: E Art. 26
26. An advanced electronic signature shall meet the following requirements: (a) it is uniquely linked to the signatory; (b) it is capable of identifying the signatory; (c) it is created using electronic signature creation data that the signatory can, with a high level of confidence, use under his sole control; and (d) it is linked to the data signed therewith in such a way that any subsequent change in the data is detectable.

[6] Reference: E Rec. 33
Document: E
Answer unit: E Rec. 33
Recital 33. Provisions on the use of pseudonyms in certificates should not prevent Member States from requiring identification of persons pursuant to Union or national law.

[7] Reference: E Art. 32.1
Document: E
Answer unit: E Art. 32
1. The process for the validation of a qualified electronic signature shall confirm the validity of a qualified electronic signature provided that: (a) the certificate that supports the signature was, at the time of signing, a qualified certificate for electronic signature complying with Annex I; (b) the qualified certificate was issued by a qualified trust service provider and was valid at the time of signing; (c) the signature validation data corresponds to the data provided to the relying party; (d) the unique set of data representing the signatory in the certificate is correctly provided to the relying party; (e) the use of any pseudonym is clearly indicated to the relying party if a pseudonym was used at the time of signing; (f) the electronic signature was created by a qualified electronic signature creation device; (g) the integrity of the signed data has not been compromised; (h) the requirements provided for in Article 26 were met at the time of signing.

[8] Reference: E Rec. 49
Document: E
Answer unit: E Rec. 49
Recital 49. This Regulation should establish the principle that an electronic signature should not be denied legal effect on the grounds that it is in an electronic form or that it does not meet the requirements of the qualified electronic signature. However, it is for national law to define the legal effect of electronic signatures, except for the requirements provided for in this Regulation according to which a qualified electronic signature should have the equivalent legal effect of a handwritten signature.",,,,,,,,
audit_025,25,volume_matched,high,q4eu_022,When is the consent of the data subject explicit?,"[""G""]","[""G Rec. 51"", ""G Rec. 71"", ""G Rec. 111"", ""G Art. 7"", ""G Art. 9""]","[""G Rec. 32"", ""G Rec. 42"", ""G Art. 7"", ""G Rec. 43"", ""G Rec. 33""]",0.2,1.0,0.2,False,False,False,,False,0.3333333333333333,0.2,0.25,"[""G Rec. 32"", ""G Art. 7"", ""G Rec. 42""]","[""G Rec. 32"", ""G Rec. 42""]","[""G Art. 9"", ""G Rec. 111"", ""G Rec. 51"", ""G Rec. 71""]",[],"[""G Rec. 32: 'Consent should be given by a clear affirmative act establishing a freely given, specific, informed and unambiguous indication of the data subject's agreement'"", ""G Rec. 32: Examples include 'written statement, including by electronic means, or an oral statement', 'ticking a box when visiting an internet website', 'choosing technical settings'"", ""G Rec. 32: 'Silence, pre-ticked boxes or inactivity should not therefore constitute consent'"", ""G Art. 7.1: 'Where processing is based on consent, the controller shall be able to demonstrate that the data subject has consented'"", ""G Art. 7.2: Request for consent must be 'clearly distinguishable from the other matters, in an intelligible and easily accessible form, using clear and plain language'""]","The answer directly and accurately reflects the context passages. It correctly identifies the key elements of explicit consent (clear affirmative act, freely given, specific, informed, unambiguous), provides accurate examples from G Rec. 32, correctly states what does not constitute consent, and accurately cites the requirements for demonstrating consent and presenting consent requests. All substantive claims are fully supported by the supplied context with no contradictions or unsupported interpretations.","[""The gold texts do not define the specific legal threshold or definition of when consent becomes 'explicit' (this is typically defined in Recital 32, which is not in the provided gold texts). Instead, the gold texts only specify the situations/exceptions where explicit consent is required, such as for processing special categories of data (G Art. 9, G Rec. 51), automated decision-making and profiling (G Rec. 71), and data transfers (G Rec. 111).""]","[""The entire first bullet point explaining when consent is explicit is based on 'G Rec. 32', which is not part of the provided gold texts."", ""The second bullet point cites 'G Rec. 42', which is not in the provided gold texts.""]","[""G Art. 7"", ""G Art. 9"", ""G Rec. 51"", ""G Rec. 71"", ""G Rec. 111""]","The generated answer relies heavily on external legal sources (Recital 32 and Recital 42 of the GDPR) that are not provided in the gold texts to answer when consent is 'explicit'. Under the provided gold texts, there is no definition of what makes consent 'explicit' versus ordinary consent; the texts only specify the circumstances in which explicit consent is required (e.g., Articles 9, Recitals 51, 71, 111) and the general conditions for consent (Article 7). Because the model used external knowledge and cited non-existent context, it is penalized.","- Consent is explicit when it is given by a clear affirmative act that establishes a freely given, specific, informed and unambiguous indication of the data subject's agreement to the processing of their personal data (e.g. a written statement — including by electronic means — or an oral statement). Examples include ticking a box on a website, choosing technical settings for information society services, or other statement or conduct which clearly indicates acceptance. Silence, pre‑ticked boxes or inactivity do not constitute consent (G Rec. 32).

- The controller must be able to demonstrate that the data subject has given such consent (G Art. 7.1; G Rec. 42).

- If consent is given in a written declaration that also concerns other matters, the request for consent must be clearly distinguishable, intelligible and easily accessible, using clear and plain language (G Art. 7.2).","[1] Reference: G Rec. 32
Document: G
Answer unit: G Rec. 32
Recital 32. Consent should be given by a clear affirmative act establishing a freely given, specific, informed and unambiguous indication of the data subject's agreement to the processing of personal data relating to him or her, such as by a written statement, including by electronic means, or an oral statement. This could include ticking a box when visiting an internet website, choosing technical settings for information society services or another statement or conduct which clearly indicates in this context the data subject's acceptance of the proposed processing of his or her personal data. Silence, pre-ticked boxes or inactivity should not therefore constitute consent. Consent should cover all processing activities carried out for the same purpose or purposes. When the processing has multiple purposes, consent should be given for all of them. If the data subject's consent is to be given following a request by electronic means, the request must be clear, concise and not unnecessarily disruptive to the use of the service for which it is provided.

[2] Reference: G Rec. 42
Document: G
Answer unit: G Rec. 42
Recital 42. Where processing is based on the data subject's consent, the controller should be able to demonstrate that the data subject has given consent to the processing operation. In particular in the context of a written declaration on another matter, safeguards should ensure that the data subject is aware of the fact that and the extent to which consent is given. In accordance with Council Directive 93/13/EEC (10) a declaration of consent pre-formulated by the controller should be provided in an intelligible and easily accessible form, using clear and plain language and it should not contain unfair terms. For consent to be informed, the data subject should be aware at least of the identity of the controller and the purposes of the processing for which the personal data are intended. Consent should not be regarded as freely given if the data subject has no genuine or free choice or is unable to refuse or withdraw consent without detriment.

[3] Reference: G Art. 7.2
Document: G
Answer unit: G Art. 7
2. If the data subject's consent is given in the context of a written declaration which also concerns other matters, the request for consent shall be presented in a manner which is clearly distinguishable from the other matters, in an intelligible and easily accessible form, using clear and plain language. Any part of such a declaration which constitutes an infringement of this Regulation shall not be binding.

[4] Reference: G Rec. 43
Document: G
Answer unit: G Rec. 43
Recital 43. In order to ensure that consent is freely given, consent should not provide a valid legal ground for the processing of personal data in a specific case where there is a clear imbalance between the data subject and the controller, in particular where the controller is a public authority and it is therefore unlikely that consent was freely given in all the circumstances of that specific situation. Consent is presumed not to be freely given if it does not allow separate consent to be given to different personal data processing operations despite it being appropriate in the individual case, or if the performance of a contract, including the provision of a service, is dependent on the consent despite such consent not being necessary for such performance.

[5] Reference: G Art. 7.1
Document: G
Answer unit: G Art. 7
1. Where processing is based on consent, the controller shall be able to demonstrate that the data subject has consented to processing of his or her personal data.

[6] Reference: G Art. 7.3
Document: G
Answer unit: G Art. 7
3. The data subject shall have the right to withdraw his or her consent at any time. The withdrawal of consent shall not affect the lawfulness of processing based on consent before its withdrawal. Prior to giving consent, the data subject shall be informed thereof. It shall be as easy to withdraw as to give consent.

[7] Reference: G Rec. 33
Document: G
Answer unit: G Rec. 33
Recital 33. It is often not possible to fully identify the purpose of personal data processing for scientific research purposes at the time of data collection. Therefore, data subjects should be allowed to give their consent to certain areas of scientific research when in keeping with recognised ethical standards for scientific research. Data subjects should have the opportunity to give their consent only to certain areas of research or parts of research projects to the extent allowed by the intended purpose.",,,,,,,,
audit_026,26,volume_matched,high,q4eu_023,What elements shall the European Commission keep into account to authorise the transfer of personal data to a third country through an Adequacy Decision?,"[""G""]","[""G Art. 45"", ""G Rec. 104""]","[""G Art. 49"", ""G Rec. 104"", ""G Rec. 108"", ""G Art. 45"", ""G Rec. 103"", ""G Rec. 107"", ""G Rec. 112""]",1.0,1.0,1.0,False,False,False,,False,1.0,0.5,0.6666666666666666,"[""G Art. 45""]",[],"[""G Rec. 104""]",[],"[""G Art. 45.2(a): rule of law, respect for human rights and fundamental freedoms, relevant legislation, data protection rules, professional rules and security measures, case-law, effective and enforceable data subject rights and effective administrative and judicial redress"", ""G Art. 45.2(b): existence and effective functioning of one or more independent supervisory authorities with responsibility for ensuring and enforcing compliance with data protection rules, including adequate enforcement powers, assisting data subjects, and cooperating with Member States' supervisory authorities"", ""G Art. 45.2(c): international commitments the third country or international organisation has entered into, or other obligations arising from legally binding conventions or instruments and participation in multilateral or regional systems, in particular regarding data protection""]","The answer directly and comprehensively cites G Art. 45.2, which explicitly specifies the elements the Commission shall take into account when assessing adequacy. All three subsections (a), (b), and (c) are accurately quoted and properly attributed. The answer faithfully reproduces the substantive requirements without addition, omission, or misrepresentation. The citations are correct and the legal content is fully supported by the context.",[],[],"[""G Art. 45.2""]","The generated answer is highly accurate and fully comprehensive. It perfectly captures all the elements listed in Article 45(2) of the GDPR, which the European Commission must take into account when assessing the adequacy of the level of protection in a third country.","Under an adequacy assessment, the Commission shall in particular take account of the following elements (G Art. 45.2):

- (a) The rule of law, respect for human rights and fundamental freedoms; relevant legislation (both general and sectoral), including on public security, defence, national security and criminal law, and the access of public authorities to personal data; the implementation of such legislation; data protection rules, professional rules and security measures (including rules for onward transfers); case‑law; and effective and enforceable data‑subject rights and effective administrative and judicial redress (G Art. 45.2(a)).  
- (b) The existence and effective functioning of one or more independent supervisory authorities with responsibility for ensuring and enforcing compliance with data‑protection rules, including adequate enforcement powers, assisting and advising data subjects in exercising their rights, and cooperating with Member States' supervisory authorities (G Art. 45.2(b)).  
- (c) The international commitments of the third country or international organisation, or other obligations arising from legally binding conventions or instruments and from participation in multilateral or regional systems, in particular regarding the protection of personal data (G Art. 45.2(c)).","[1] Reference: G Art. 49.5
Document: G
Answer unit: G Art. 49
5. In the absence of an adequacy decision, Union or Member State law may, for important reasons of public interest, expressly set limits to the transfer of specific categories of personal data to a third country or an international organisation. Member States shall notify such provisions to the Commission.

[2] Reference: G Rec. 104
Document: G
Answer unit: G Rec. 104
Recital 104. In line with the fundamental values on which the Union is founded, in particular the protection of human rights, the Commission should, in its assessment of the third country, or of a territory or specified sector within a third country, take into account how a particular third country respects the rule of law, access to justice as well as international human rights norms and standards and its general and sectoral law, including legislation concerning public security, defence and national security as well as public order and criminal law. The adoption of an adequacy decision with regard to a territory or a specified sector in a third country should take into account clear and objective criteria, such as specific processing activities and the scope of applicable legal standards and legislation in force in the third country. The third country should offer guarantees ensuring an adequate level of protection essentially equivalent to that ensured within the Union, in particular where personal data are processed in one or several specific sectors. In particular, the third country should ensure effective independent data protection supervision and should provide for cooperation mechanisms with the Member States' data protection authorities, and the data subjects should be provided with effective and enforceable rights and effective administrative and judicial redress.

[3] Reference: G Rec. 108
Document: G
Answer unit: G Rec. 108
Recital 108. In the absence of an adequacy decision, the controller or processor should take measures to compensate for the lack of data protection in a third country by way of appropriate safeguards for the data subject. Such appropriate safeguards may consist of making use of binding corporate rules, standard data protection clauses adopted by the Commission, standard data protection clauses adopted by a supervisory authority or contractual clauses authorised by a supervisory authority. Those safeguards should ensure compliance with data protection requirements and the rights of the data subjects appropriate to processing within the Union, including the availability of enforceable data subject rights and of effective legal remedies, including to obtain effective administrative or judicial redress and to claim compensation, in the Union or in a third country. They should relate in particular to compliance with the general principles relating to personal data processing, the principles of data protection by design and by default. Transfers may also be carried out by public authorities or bodies with public authorities or bodies in third countries or with international organisations with corresponding duties or functions, including on the basis of provisions to be inserted into administrative arrangements, such as a memorandum of understanding, providing for enforceable and effective rights for data subjects. Authorisation by the competent supervisory authority should be obtained when the safeguards are provided for in administrative arrangements that are not legally binding.

[4] Reference: G Art. 45.1
Document: G
Answer unit: G Art. 45
1. A transfer of personal data to a third country or an international organisation may take place where the Commission has decided that the third country, a territory or one or more specified sectors within that third country, or the international organisation in question ensures an adequate level of protection. Such a transfer shall not require any specific authorisation.

[5] Reference: G Rec. 103
Document: G
Answer unit: G Rec. 103
Recital 103. The Commission may decide with effect for the entire Union that a third country, a territory or specified sector within a third country, or an international organisation, offers an adequate level of data protection, thus providing legal certainty and uniformity throughout the Union as regards the third country or international organisation which is considered to provide such level of protection. In such cases, transfers of personal data to that third country or international organisation may take place without the need to obtain any further authorisation. The Commission may also decide, having given notice and a full statement setting out the reasons to the third country or international organisation, to revoke such a decision.

[6] Reference: G Art. 45.2
Document: G
Answer unit: G Art. 45
2. When assessing the adequacy of the level of protection, the Commission shall, in particular, take account of the following elements: (a) the rule of law, respect for human rights and fundamental freedoms, relevant legislation, both general and sectoral, including concerning public security, defence, national security and criminal law and the access of public authorities to personal data, as well as the implementation of such legislation, data protection rules, professional rules and security measures, including rules for the onward transfer of personal data to another third country or international organisation which are complied with in that country or international organisation, case-law, as well as effective and enforceable data subject rights and effective administrative and judicial redress for the data subjects whose personal data are being transferred; (b) the existence and effective functioning of one or more independent supervisory authorities in the third country or to which an international organisation is subject, with responsibility for ensuring and enforcing compliance with the data protection rules, including adequate enforcement powers, for assisting and advising the data subjects in exercising their rights and for cooperation with the supervisory authorities of the Member States; and (c) the international commitments the third country or international organisation concerned has entered into, or other obligations arising from legally binding conventions or instruments as well as from its participation in multilateral or regional systems, in particular in relation to the protection of personal data.

[7] Reference: G Rec. 107
Document: G
Answer unit: G Rec. 107
Recital 107. The Commission may recognise that a third country, a territory or a specified sector within a third country, or an international organisation no longer ensures an adequate level of data protection. Consequently the transfer of personal data to that third country or international organisation should be prohibited, unless the requirements in this Regulation relating to transfers subject to appropriate safeguards, including binding corporate rules, and derogations for specific situations are fulfilled. In that case, provision should be made for consultations between the Commission and such third countries or international organisations. The Commission should, in a timely manner, inform the third country or international organisation of the reasons and enter into consultations with it in order to remedy the situation.

[8] Reference: G Rec. 112
Document: G
Answer unit: G Rec. 112
Recital 112. Those derogations should in particular apply to data transfers required and necessary for important reasons of public interest, for example in cases of international data exchange between competition authorities, tax or customs administrations, between financial supervisory authorities, between services competent for social security matters, or for public health, for example in the case of contact tracing for contagious diseases or in order to reduce and/or eliminate doping in sport. A transfer of personal data should also be regarded as lawful where it is necessary to protect an interest which is essential for the data subject's or another person's vital interests, including physical integrity or life, if the data subject is incapable of giving consent. In the absence of an adequacy decision, Union or Member State law may, for important reasons of public interest, expressly set limits to the transfer of specific categories of data to a third country or an international organisation. Member States should notify such provisions to the Commission. Any transfer to an international humanitarian organisation of personal data of a data subject who is physically or legally incapable of giving consent, with a view to accomplishing a task incumbent under the Geneva Conventions or to complying with international humanitarian law applicable in armed conflicts, could be considered to be necessary for an important reason of public interest or because it is in the vital interest of the data subject.

[9] Reference: G Art. 49.1
Document: G
Answer unit: G Art. 49
1. In the absence of an adequacy decision pursuant to Article 45 Article 46 (a) the data subject has explicitly consented to the proposed transfer, after having been informed of the possible risks of such transfers for the data subject due to the absence of an adequacy decision and appropriate safeguards; (b) the transfer is necessary for the performance of a contract between the data subject and the controller or the implementation of pre-contractual measures taken at the data subject's request; (c) the transfer is necessary for the conclusion or performance of a contract concluded in the interest of the data subject between the controller and another natural or legal person; (d) the transfer is necessary for important reasons of public interest; (e) the transfer is necessary for the establishment, exercise or defence of legal claims; (f) the transfer is necessary in order to protect the vital interests of the data subject or of other persons, where the data subject is physically or legally incapable of giving consent; (g) the transfer is made from a register which according to Union or Member State law is intended to provide information to the public and which is open to consultation either by the public in general or by any person who can demonstrate a legitimate interest, but only to the extent that the conditions laid down by Union or Member State law for consultation are fulfilled in the particular case. Where a transfer could not be based on a provision in Article 45",,,,,,,,
audit_027,27,volume_matched,high,q4eu_038,In which court is celebrated the trial in case the employer is domiciled in a Member State?,"[""B""]","[""B Art. 21"", ""B Art. 22"", ""B Art. 23""]","[""B Art. 22"", ""B Art. 21"", ""B Art. 24"", ""B Art. 8"", ""B Rec. 14"", ""B Art. 7"", ""B Art. 62"", ""B Art. 6"", ""B Art. 20"", ""B Art. 18""]",0.6666666666666666,1.0,1.0,False,False,False,,False,1.0,0.6666666666666666,0.8,"[""B Art. 21"", ""B Art. 22""]",[],"[""B Art. 23""]",[],"[""B Art. 21.1: An employer domiciled in a Member State may be sued (a) in the courts of the Member State in which he is domiciled; or (b) in another Member State in courts for the place where the employee habitually carries out work or last place where he did so, or where the business which engaged the employee is or was situated"", ""B Art. 22.1: An employer may bring proceedings only in the courts of the Member State in which the employee is domiciled""]","The answer directly and accurately cites the two relevant provisions from the context. The first part about where an employer domiciled in a Member State may be sued is fully supported by B Art. 21.1, with all three jurisdictional options correctly stated. The second part about where an employer may bring proceedings is fully supported by B Art. 22.1. All substantive claims are directly supported by the supplied context passages with accurate citations.",[],[],"[""B Art. 21 (1)"", ""B Art. 22 (1)""]","The answer perfectly and completely addresses the rules for determining court jurisdiction when the employer is domiciled in a Member State. It correctly distinguishes between when the employer is sued (under Art. 21(1)) and when the employer brings proceedings (under Art. 22(1)), citing all relevant options and requirements listed in the gold texts.","- If the employer is sued: an employer domiciled in a Member State may be sued (a) in the courts of the Member State in which he is domiciled; or (b) in another Member State: (i) in the courts for the place where or from where the employee habitually carries out his work or the courts for the last place where he did so; or (ii) where the employee did not habitually carry out work in any one country, in the courts for the place where the business which engaged the employee is or was situated (B Art. 21).

- If the employer brings proceedings: the employer may bring proceedings only in the courts of the Member State in which the employee is domiciled (B Art. 22).","[1] Reference: B Art. 22.1
Document: B
Answer unit: B Art. 22
1. An employer may bring proceedings only in the courts of the Member State in which the employee is domiciled.

[2] Reference: B Art. 21.1
Document: B
Answer unit: B Art. 21
1. An employer domiciled in a Member State may be sued: (a) in the courts of the Member State in which he is domiciled; or (b) in another Member State: (i) in the courts for the place where or from where the employee habitually carries out his work or in the courts for the last place where he did so; or (ii) if the employee does not or did not habitually carry out his work in any one country, in the courts for the place where the business which engaged the employee is or was situated.

[3] Reference: B Art. 21.2
Document: B
Answer unit: B Art. 21
2. An employer not domiciled in a Member State may be sued in a court of a Member State in accordance with point (b) of paragraph 1 .

[4] Reference: B Art. 24.2
Document: B
Answer unit: B Art. 24
2. However, in proceedings which have as their object tenancies of immovable property concluded for temporary private use for a maximum period of six consecutive months, the courts of the Member State in which the defendant is domiciled shall also have jurisdiction, provided that the tenant is a natural person and that the landlord and the tenant are domiciled in the same Member State;(2) in proceedings which have as their object the validity of the constitution, the nullity or the dissolution of companies or other legal persons or associations of natural or legal persons, or the validity of the decisions of their organs, the courts of the Member State in which the company, legal person or association has its seat. In order to determine that seat, the court shall apply its rules of private international law;(3) in proceedings which have as their object the validity of entries in public registers, the courts of the Member State in which the register is kept;(4) in proceedings concerned with the registration or validity of patents, trade marks, designs, or other similar rights required to be deposited or registered, irrespective of whether the issue is raised by way of an action or as a defence, the courts of the Member State in which the deposit or registration has been applied for, has taken place or is under the terms of an instrument of the Union or an international convention deemed to have taken place.

[5] Reference: B Art. 8.1
Document: B
Answer unit: B Art. 8
1. A person domiciled in a Member State may also be sued:(1) where he is one of a number of defendants, in the courts for the place where any one of them is domiciled, provided the claims are so closely connected that it is expedient to hear and determine them together to avoid the risk of irreconcilable judgments resulting from separate proceedings;(2) as a third party in an action on a warranty or guarantee or in any other third-party proceedings, in the court seised of the original proceedings, unless these were instituted solely with the object of removing him from the jurisdiction of the court which would be competent in his case;(3) on a counter-claim arising from the same contract or facts on which the original claim was based, in the court in which the original claim is pending;(4) in matters relating to a contract, if the action may be combined with an action against the same defendant in matters relating to rights in rem in immovable property, in the court of the Member State in which the property is situated.

[6] Reference: B Rec. 14
Document: B
Answer unit: B Rec. 14
Recital 14. A defendant not domiciled in a Member State should in general be subject to the national rules of jurisdiction applicable in the territory of the Member State of the court seised. However, in order to ensure the protection of consumers and employees, to safeguard the jurisdiction of the courts of the Member States in situations where they have exclusive jurisdiction and to respect the autonomy of the parties, certain rules of jurisdiction in this Regulation should apply regardless of the defendant’s domicile.

[7] Reference: B Art. 7.7
Document: B
Answer unit: B Art. 7
7. A person domiciled in a Member State may be sued in another Member State: (1) (a) in matters relating to a contract, in the courts for the place of performance of the obligation in question; (b) for the purpose of this provision and unless otherwise agreed, the place of performance of the obligation in question shall be: - in the case of the sale of goods, the place in a Member State where, under the contract, the goods were delivered or should have been delivered, - in the case of the provision of services, the place in a Member State where, under the contract, the services were provided or should have been provided; (c) if point (b) does not apply then point (a) applies; (2) in matters relating to tort, delict or quasi-delict, in the courts for the place where the harmful event occurred or may occur; (3) as regards a civil claim for damages or restitution which is based on an act giving rise to criminal proceedings, in the court seised of those proceedings, to the extent that that court has jurisdiction under its own law to entertain civil proceedings; (4) as regards a civil claim for the recovery, based on ownership, of a cultural object as defined in point 1 of Article 1 of Directive 93/7/EEC initiated by the person claiming the right to recover such an object, in the courts for the place where the cultural object is situated at the time when the court is seised; (5) as regards a dispute arising out of the operations of a branch, agency or other establishment, in the courts for the place where the branch, agency or other establishment is situated; (6) as regards a dispute brought against a settlor, trustee or beneficiary of a trust created by the operation of a statute, or by a written instrument, or created orally and evidenced in writing, in the courts of the Member State in which the trust is domiciled; (7) as regards a dispute concerning the payment of remuneration claimed in respect of the salvage of a cargo or freight, in the court under the authority of which the cargo or freight in question:(a) has been arrested to secure such payment; or(b) could have been so arrested, but bail or other security has been given;provided that this provision shall apply only if it is claimed that the defendant has an interest in the cargo or freight or had such an interest at the time of salvage.

[8] Reference: B Art. 62.2
Document: B
Answer unit: B Art. 62
2. If a party is not domiciled in the Member State whose courts are seised of the matter, then, in order to determine whether the party is domiciled in another Member State, the court shall apply the law of that Member State.

[9] Reference: B Art. 6.1
Document: B
Answer unit: B Art. 6
1. If the defendant is not domiciled in a Member State, the jurisdiction of the courts of each Member State shall, subject to Article 1 8 (1), Article 2 1 (2) and Articles 24 and 25, be determined by the law of that Member State.

[10] Reference: B Art. 20.2
Document: B
Answer unit: B Art. 20
2. Where an employee enters into an individual contract of employment with an employer who is not domiciled in a Member State but has a branch, agency or other establishment in one of the Member States, the employer shall, in disputes arising out of the operations of the branch, agency or establishment, be deemed to be domiciled in that Member State.

[11] Reference: B Art. 18.1
Document: B
Answer unit: B Art. 18
1. A consumer may bring proceedings against the other party to a contract either in the courts of the Member State in which that party is domiciled or, regardless of the domicile of the other party, in the courts for the place where the consumer is domiciled.",,,,,,,,
audit_028,28,volume_matched,high,q4eu_046,Where can an employee sue their employer?,"[""B""]","[""B Rec. 14"", ""B Rec. 18"", ""B Art. 21"", ""B Art. 22"", ""B Art. 23""]","[""B Art. 21"", ""B Art. 22"", ""B Art. 23"", ""B Art. 20"", ""B Art. 8"", ""B Art. 11"", ""B Art. 7"", ""RII Art. 9"", ""B Art. 13"", ""RI Art. 8"", ""B Art. 12""]",0.6,1.0,1.0,False,False,False,,False,0.6666666666666666,0.4,0.5,"[""B Art. 21"", ""B Art. 20"", ""B Art. 23""]","[""B Art. 20""]","[""B Art. 22"", ""B Rec. 14"", ""B Rec. 18""]",[],"[""B Art. 21.1(a): employer domiciled in a Member State may be sued in the courts of the Member State in which he is domiciled"", ""B Art. 21.1(b)(i): employer may be sued in courts for the place where or from where the employee habitually carries out his work or in the courts for the last place where he did so"", ""B Art. 21.1(b)(ii): if the employee does not or did not habitually carry out his work in any one country, in the courts for the place where the business which engaged the employee is or was situated"", ""B Art. 21.2: employer not domiciled in a Member State may be sued in a court of a Member State in accordance with point (b) of paragraph 1"", ""B Art. 20.1: jurisdiction in matters relating to individual contracts of employment shall be determined by this Section"", ""B Art. 23.1: provisions may be departed from only by an agreement entered into after the dispute has arisen or which allows the employee to bring proceedings in courts other than those indicated""]","The answer directly and comprehensively restates the substantive provisions of B Art. 21, 20, and 23 regarding where an employee can sue their employer. Every claim is explicitly supported by the cited context passages. The answer accurately identifies the multiple forums available to employees (employer's domicile, place of work, last place of work, or place of business), distinguishes between employers domiciled and not domiciled in Member States, and correctly notes the exceptions and conditions for departing from these rules. No unsupported claims, contradictions, or legal interpretations beyond the context are present.",[],[],"[""Article 21. 1. An employer domiciled in a Member State may be sued: (a) in the courts of the Member State in which he is domiciled; or (b) in another Member State: (i) in the courts for the place where or from where the employee habitually carries out his work... or (ii) ...in the courts for the place where the business which engaged the employee is or was situated."", ""Article 21. 2. An employer not domiciled in a Member State may be sued in a court of a Member State in accordance with point (b) of paragraph 1."", ""Article 23. 1. The provisions of this Section may be departed from only by an agreement: (1) which is entered into after the dispute has arisen; or (2) which allows the employee to bring proceedings in courts other than those indicated in this Section.""]","The answer is exceptionally complete and accurate. It perfectly captures all the jurisdictions where an employee can sue their employer as laid out in Article 21 (for both domiciled and non-domiciled employers), and correctly captures the exception/extension rule in Article 23 enabling agreements that allow the employee to bring proceedings in other courts.","- In the courts of the Member State in which the employer is domiciled. (B Art. 21.1(a))

- In the courts of another Member State:
  - the courts for the place where, or from where, the employee habitually carries out his work, or the courts for the last place where he did so; (B Art. 21.1(b)(i))
  - if the employee does not or did not habitually carry out his work in any one country, the courts for the place where the business which engaged the employee is or was situated. (B Art. 21.1(b)(ii))

- If the employer is not domiciled in a Member State, he may be sued in a Member State court in accordance with point (b) of paragraph 1. (B Art. 21.2)

- Note: jurisdiction in matters relating to individual contracts of employment is governed by this Section (subject to the specific provisions referenced in B Art. 20.1), and the Section’s rules may be departed from only by an agreement entered into after the dispute has arisen or one allowing the employee to bring proceedings in other courts. (B Art. 20.1; B Art. 23.1)","[1] Reference: B Art. 21.1
Document: B
Answer unit: B Art. 21
1. An employer domiciled in a Member State may be sued: (a) in the courts of the Member State in which he is domiciled; or (b) in another Member State: (i) in the courts for the place where or from where the employee habitually carries out his work or in the courts for the last place where he did so; or (ii) if the employee does not or did not habitually carry out his work in any one country, in the courts for the place where the business which engaged the employee is or was situated.

[2] Reference: B Art. 22.1
Document: B
Answer unit: B Art. 22
1. An employer may bring proceedings only in the courts of the Member State in which the employee is domiciled.

[3] Reference: B Art. 21.2
Document: B
Answer unit: B Art. 21
2. An employer not domiciled in a Member State may be sued in a court of a Member State in accordance with point (b) of paragraph 1 .

[4] Reference: B Art. 23.1
Document: B
Answer unit: B Art. 23
1. The provisions of this Section may be departed from only by an agreement:(1) which is entered into after the dispute has arisen; or(2) which allows the employee to bring proceedings in courts other than those indicated in this Section.

[5] Reference: B Art. 20.1
Document: B
Answer unit: B Art. 20
1. In matters relating to individual contracts of employment, jurisdiction shall be determined by this Section, without prejudice to Article 6 , point 5 of Article 7 and, in the case of proceedings brought against an employer, point 1 of Article 8 .

[6] Reference: B Art. 8.1
Document: B
Answer unit: B Art. 8
1. A person domiciled in a Member State may also be sued:(1) where he is one of a number of defendants, in the courts for the place where any one of them is domiciled, provided the claims are so closely connected that it is expedient to hear and determine them together to avoid the risk of irreconcilable judgments resulting from separate proceedings;(2) as a third party in an action on a warranty or guarantee or in any other third-party proceedings, in the court seised of the original proceedings, unless these were instituted solely with the object of removing him from the jurisdiction of the court which would be competent in his case;(3) on a counter-claim arising from the same contract or facts on which the original claim was based, in the court in which the original claim is pending;(4) in matters relating to a contract, if the action may be combined with an action against the same defendant in matters relating to rights in rem in immovable property, in the court of the Member State in which the property is situated.

[7] Reference: B Art. 11.1
Document: B
Answer unit: B Art. 11
1. An insurer domiciled in a Member State may be sued: (a) in the courts of the Member State in which he is domiciled; (b) in another Member State, in the case of actions brought by the policyholder, the insured or a beneficiary, in the courts for the place where the claimant is domiciled; or (c) if he is a co-insurer, in the courts of a Member State in which proceedings are brought against the leading insurer.

[8] Reference: B Art. 7.7
Document: B
Answer unit: B Art. 7
7. A person domiciled in a Member State may be sued in another Member State: (1) (a) in matters relating to a contract, in the courts for the place of performance of the obligation in question; (b) for the purpose of this provision and unless otherwise agreed, the place of performance of the obligation in question shall be: - in the case of the sale of goods, the place in a Member State where, under the contract, the goods were delivered or should have been delivered, - in the case of the provision of services, the place in a Member State where, under the contract, the services were provided or should have been provided; (c) if point (b) does not apply then point (a) applies; (2) in matters relating to tort, delict or quasi-delict, in the courts for the place where the harmful event occurred or may occur; (3) as regards a civil claim for damages or restitution which is based on an act giving rise to criminal proceedings, in the court seised of those proceedings, to the extent that that court has jurisdiction under its own law to entertain civil proceedings; (4) as regards a civil claim for the recovery, based on ownership, of a cultural object as defined in point 1 of Article 1 of Directive 93/7/EEC initiated by the person claiming the right to recover such an object, in the courts for the place where the cultural object is situated at the time when the court is seised; (5) as regards a dispute arising out of the operations of a branch, agency or other establishment, in the courts for the place where the branch, agency or other establishment is situated; (6) as regards a dispute brought against a settlor, trustee or beneficiary of a trust created by the operation of a statute, or by a written instrument, or created orally and evidenced in writing, in the courts of the Member State in which the trust is domiciled; (7) as regards a dispute concerning the payment of remuneration claimed in respect of the salvage of a cargo or freight, in the court under the authority of which the cargo or freight in question:(a) has been arrested to secure such payment; or(b) could have been so arrested, but bail or other security has been given;provided that this provision shall apply only if it is claimed that the defendant has an interest in the cargo or freight or had such an interest at the time of salvage.

[9] Reference: RII Art. 9.9
Document: RII
Answer unit: RII Art. 9
9. Without prejudice to Article 4(2), the law applicable to a non-contractual obligation in respect of the liability of a person in the capacity of a worker or an employer or the organisations representing their professional interests for damages caused by an industrial action, pending or carried out, shall be the law of the country where the action is to be, or has been, taken.

[10] Reference: B Art. 13.1
Document: B
Answer unit: B Art. 13
1. In respect of liability insurance, the insurer may also, if the law of the court permits it, be joined in proceedings which the injured party has brought against the insured.

[11] Reference: RI Art. 8.1
Document: RI
Answer unit: RI Art. 8
1. An individual employment contract shall be governed by the law chosen by the parties in accordance with Article 3. Such a choice of law may not, however, have the result of depriving the employee of the protection afforded to him by provisions that cannot be derogated from by agreement under the law that, in the absence of choice, would have been applicable pursuant to paragraphs 2, 3 and 4 of this Article.

[12] Reference: RI Art. 8.2
Document: RI
Answer unit: RI Art. 8
2. To the extent that the law applicable to the individual employment contract has not been chosen by the parties, the contract shall be governed by the law of the country in which or, failing that, from which the employee habitually carries out his work in performance of the contract. The country where the work is habitually carried out shall not be deemed to have changed if he is temporarily employed in another country.

[13] Reference: RI Art. 8.3
Document: RI
Answer unit: RI Art. 8
3. Where the law applicable cannot be determined pursuant to paragraph 2, the contract shall be governed by the law of the country where the place of business through which the employee was engaged is situated.

[14] Reference: B Art. 12.1
Document: B
Answer unit: B Art. 12
1. In respect of liability insurance or insurance of immovable property, the insurer may in addition be sued in the courts for the place where the harmful event occurred. The same applies if movable and immovable property are covered by the same insurance policy and both are adversely affected by the same contingency.",,,,,,,,
audit_029,29,volume_matched,high,q4eu_057,Can the European arrest warrant be ordered for the execution of a non-custodial sentence?,"[""W""]","[""W Art. 2"", ""W Art. 1"", ""W Rec. 12"", ""W Art. 5""]","[""W Art. 1"", ""W Art. 2"", ""W Art. 4a"", ""W Art. 4"", ""W Art. 5"", ""W Art. 12"", ""W Art. 24"", ""W Art. 16"", ""W Art. 18"", ""W Art. 17"", ""W Rec. 10"", ""W Art. 9"", ""W Art. 26"", ""W Art. 11"", ""W Rec. 8"", ""W Art. 3"", ""W Art. 10"", ""W Art. 28"", ""W Art. 33"", ""W Rec. 6""]",0.75,1.0,1.0,False,False,False,,False,1.0,0.5,0.6666666666666666,"[""W Art. 1"", ""W Art. 2""]",[],"[""W Art. 5"", ""W Rec. 12""]",[],"[""W Art. 1.1: 'The European arrest warrant is a judicial decision issued by a Member State with a view to the arrest and surrender by another Member State of a requested person, for the purposes of conducting a criminal prosecution or executing a custodial sentence or detention order.'"", ""W Art. 2.1: 'A European arrest warrant may be issued for acts punishable by the law of the issuing Member State by a custodial sentence or a detention order for a maximum period of at least 12 months or, where a sentence has been passed or a detention order has been made, for sentences of at least four months.'""]","The answer directly and accurately addresses the question by citing the legal framework. Article 1.1 explicitly limits the purposes of the European arrest warrant to 'conducting a criminal prosecution or executing a custodial sentence or detention order,' which excludes non-custodial sentences. Article 2.1 further confirms that warrants may only be issued for acts punishable by custodial sentences or detention orders. The answer's conclusion that non-custodial sentences are not covered is fully supported by these provisions. No unsupported claims are made.",[],[],"[""W Art. 1(1)"", ""W Art. 2(1)""]","The answer is fully correct. It accurately states that a European arrest warrant cannot be issued for a non-custodial sentence, correctly explaining that it is reserved for the execution of custodial sentences or detention orders, based on Article 1 and Article 2 of the provided text.",No. The European arrest warrant is for conducting a criminal prosecution or for executing a custodial sentence or detention order (W Art. 1). It may be issued only for acts punishable by a custodial sentence or a detention order (W Art. 2).,"[1] Reference: W Art. 1.1
Document: W
Answer unit: W Art. 1
1. The European arrest warrant is a judicial decision issued by a Member State with a view to the arrest and surrender by another Member State of a requested person, for the purposes of conducting a criminal prosecution or executing a custodial sentence or detention order.

[2] Reference: W Art. 2.1
Document: W
Answer unit: W Art. 2
1. A European arrest warrant may be issued for acts punishable by the law of the issuing Member State by a custodial sentence or a detention order for a maximum period of at least 12 months or, where a sentence has been passed or a detention order has been made, for sentences of at least four months.

[3] Reference: W Art. 4a.1
Document: W
Answer unit: W Art. 4a
1. The executing judicial authority may also refuse to execute the European arrest warrant issued for the purpose of executing a custodial sentence or a detention order if the person did not appear in person at the trial resulting in the decision, unless the European arrest warrant states that the person, in accordance with further procedural requirements defined in the national law of the issuing Member State:

[4] Reference: W Art. 4.6
Document: W
Answer unit: W Art. 4
6. if the European arrest warrant has been issued for the purposes of execution of a custodial sentence or detention order, where the requested person is staying in, or is a national or a resident of the executing Member State and that State undertakes to execute the sentence or detention order in accordance with its domestic law;

[5] Reference: W Art. 5.2
Document: W
Answer unit: W Art. 5
2. if the offence on the basis of which the European arrest warrant has been issued is punishable by custodial life sentence or life-time detention order, the execution of the said arrest warrant may be subject to the condition that the issuing Member State has provisions in its legal system for a review of the penalty or measure imposed, on request or at the latest after 20 years, or for the application of measures of clemency to which the person is entitled to apply for under the law or practice of the issuing Member State, aiming at a non-execution of such penalty or measure;

[6] Reference: W Art. 12.1
Document: W
Answer unit: W Art. 12
When a person is arrested on the basis of a European arrest warrant, the executing judicial authority shall take a decision on whether the requested person should remain in detention, in accordance with the law of the executing Member State. The person may be released provisionally at any time in conformity with the domestic law of the executing Member State, provided that the competent authority of the said Member State takes all the measures it deems necessary to prevent the person absconding.

[7] Reference: W Art. 4a.2
Document: W
Answer unit: W Art. 4a
2. In case the European arrest warrant is issued for the purpose of executing a custodial sentence or detention order under the conditions of paragraph 1(d) and the person concerned has not previously received any official information about the existence of the criminal proceedings against him or her, he or she may, when being informed about the content of the European arrest warrant, request to receive a copy of the judgment before being surrendered. Immediately after having been informed about the request, the issuing authority shall provide the copy of the judgment via the executing authority to the person sought. The request of the person sought shall neither delay the surrender procedure nor delay the decision to execute the European arrest warrant. The provision of the judgment to the person concerned is for information purposes only; it shall neither be regarded as a formal service of the judgment nor actuate any time limits applicable for requesting a retrial or appeal.

[8] Reference: W Art. 24.1
Document: W
Answer unit: W Art. 24
1. The executing judicial authority may, after deciding to execute the European arrest warrant, postpone the surrender of the requested person so that he or she may be prosecuted in the executing Member State or, if he or she has already been sentenced, so that he or she may serve, in its territory, a sentence passed for an act other than that referred to in the European arrest warrant.

[9] Reference: W Art. 5.1
Document: W
Answer unit: W Art. 5
The execution of the European arrest warrant by the executing judicial authority may, by the law of the executing Member State, be subject to the following conditions:

[10] Reference: W Art. 5.3
Document: W
Answer unit: W Art. 5
3. where a person who is the subject of a European arrest warrant for the purposes of prosecution is a national or resident of the executing Member State, surrender may be subject to the condition that the person, after being heard, is returned to the executing Member State in order to serve there the custodial sentence or detention order passed against him in the issuing Member State.

[11] Reference: W Art. 16.1
Document: W
Answer unit: W Art. 16
1. If two or more Member States have issued European arrest warrants for the same person, the decision on which of the European arrest warrants shall be executed shall be taken by the executing judicial authority with due consideration of all the circumstances and especially the relative seriousness and place of the offences, the respective dates of the European arrest warrants and whether the warrant has been issued for the purposes of prosecution or for execution of a custodial sentence or detention order.

[12] Reference: W Art. 4.1
Document: W
Answer unit: W Art. 4
The executing judicial authority may refuse to execute the European arrest warrant:

[13] Reference: W Art. 18.1
Document: W
Answer unit: W Art. 18
1. Where the European arrest warrant has been issued for the purpose of conducting a criminal prosecution, the executing judicial authority must:

[14] Reference: W Art. 17.1
Document: W
Answer unit: W Art. 17
1. A European arrest warrant shall be dealt with and executed as a matter of urgency.

[15] Reference: W Art. 17.4
Document: W
Answer unit: W Art. 17
4. Where in specific cases the European arrest warrant cannot be executed within the time limits laid down in paragraphs 2 or 3, the executing judicial authority shall immediately inform the issuing judicial authority thereof, giving the reasons for the delay. In such case, the time limits may be extended by a further 30 days.

[16] Reference: W Rec. 10
Document: W
Answer unit: W Rec. 10
Recital 10. The mechanism of the European arrest warrant is based on a high level of confidence between Member States. Its implementation may be suspended only in the event of a serious and persistent breach by one of the Member States of the principles set out in Article 6(1) of the Treaty on European Union, determined by the Council pursuant to Article 7(1) of the said Treaty with the consequences set out in Article 7(2) thereof.

[17] Reference: W Art. 9.1
Document: W
Answer unit: W Art. 9
1. When the location of the requested person is known, the issuing judicial authority may transmit the European arrest warrant directly to the executing judicial authority.

[18] Reference: W Art. 26.1
Document: W
Answer unit: W Art. 26
1. The issuing Member State shall deduct all periods of detention arising from the execution of a European arrest warrant from the total period of detention to be served in the issuing Member State as a result of a custodial sentence or detention order being passed.

[19] Reference: W Art. 11.1
Document: W
Answer unit: W Art. 11
1. When a requested person is arrested, the executing competent judicial authority shall, in accordance with its national law, inform that person of the European arrest warrant and of its contents, and also of the possibility of consenting to surrender to the issuing judicial authority.

[20] Reference: W Rec. 8
Document: W
Answer unit: W Rec. 8
Recital 8. Decisions on the execution of the European arrest warrant must be subject to sufficient controls, which means that a judicial authority of the Member State where the requested person has been arrested will have to take the decision on his or her surrender.

[21] Reference: W Art. 3.3
Document: W
Answer unit: W Art. 3
3. if the person who is the subject of the European arrest warrant may not, owing to his age, be held criminally responsible for the acts on which the arrest warrant is based under the law of the executing State.

[22] Reference: W Art. 17.5
Document: W
Answer unit: W Art. 17
5. As long as the executing judicial authority has not taken a final decision on the European arrest warrant, it shall ensure that the material conditions necessary for effective surrender of the person remain fulfilled.

[23] Reference: W Art. 17.3
Document: W
Answer unit: W Art. 17
3. In other cases, the final decision on the execution of the European arrest warrant should be taken within a period of 60 days after the arrest of the requested person.

[24] Reference: W Art. 10.4
Document: W
Answer unit: W Art. 10
4. The issuing judicial authority may forward the European arrest warrant by any secure means capable of producing written records under conditions allowing the executing Member State to establish its authenticity.

[25] Reference: W Art. 11.2
Document: W
Answer unit: W Art. 11
2. A requested person who is arrested for the purpose of the execution of a European arrest warrant shall have a right to be assisted by a legal counsel and by an interpreter in accordance with the national law of the executing Member State.

[26] Reference: W Art. 28.2
Document: W
Answer unit: W Art. 28
2. In any case, a person who has been surrendered to the issuing Member State pursuant to a European arrest warrant may, without the consent of the executing Member State, be surrendered to a Member State other than the executing Member State pursuant to a European arrest warrant issued for any offence committed prior to his or her surrender in the following cases:

[27] Reference: W Art. 33.1
Document: W
Answer unit: W Art. 33
1. As long as Austria has not modified Article 12(1) of the ‘Auslieferungs- und Rechtshilfegesetz’ and, at the latest, until 31 December 2008, it may allow its executing judicial authorities to refuse the enforcement of a European arrest warrant if the requested person is an Austrian citizen and if the act for which the European arrest warrant has been issued is not punishable under Austrian law.

[28] Reference: W Art. 17.6
Document: W
Answer unit: W Art. 17
6. Reasons must be given for any refusal to execute a European arrest warrant.

[29] Reference: W Rec. 6
Document: W
Answer unit: W Rec. 6
Recital 6. The European arrest warrant provided for in this Framework Decision is the first concrete measure in the field of criminal law implementing the principle of mutual recognition which the European Council referred to as the ‘cornerstone’ of judicial cooperation.

[30] Reference: W Art. 26.2
Document: W
Answer unit: W Art. 26
2. To that end, all information concerning the duration of the detention of the requested person on the basis of the European arrest warrant shall be transmitted by the executing judicial authority or the central authority designated under Article 7 to the issuing judicial authority at the time of the surrender.

[31] Reference: W Art. 3.1
Document: W
Answer unit: W Art. 3
The judicial authority of the Member State of execution (hereinafter ‘executing judicial authority’) shall refuse to execute the European arrest warrant in the following cases:

[32] Reference: W Art. 4.7
Document: W
Answer unit: W Art. 4
7. where the European arrest warrant relates to offences which:

[33] Reference: W Art. 17.2
Document: W
Answer unit: W Art. 17
2. In cases where the requested person consents to his surrender, the final decision on the execution of the European arrest warrant should be taken within a period of 10 days after consent has been given.",,,,,,,,
audit_030,30,xref_only,high,q4eu_012,How can qualified certificates be temporally limited?,"[""E""]","[""E Rec. 53"", ""E Art. 24"", ""E Art. 28"", ""E Art. 38""]","[""E Art. 38"", ""E Art. 28"", ""E Rec. 53"", ""E Art. 51"", ""E Art. 24""]",1.0,0.8,0.8,False,False,False,,False,0.8,1.0,0.888888888888889,"[""E Art. 28"", ""E Art. 38"", ""E Rec. 53"", ""E Art. 51"", ""E Art. 24""]","[""E Art. 51""]",[],"[""The answer presents expiry as a method of 'temporal limitation' of qualified certificates, but the context does not establish that expiry is a mechanism for temporally limiting certificates in the sense of the question. Article 51.2 merely states that certificates expire naturally; it does not describe expiry as a deliberate temporal limitation mechanism comparable to suspension.""]","[""E Art. 28.5 and E Art. 38.5 establish that Member States may lay down national rules on temporary suspension of qualified certificates, during which they lose validity"", ""E Rec. 53 explains suspension is different from revocation and entails temporary loss of validity"", ""E Art. 28.5(b) and E Art. 38.5(b) require suspension period to be clearly indicated in certificate database and visible from status-information service"", ""E Art. 24.4 requires trust service providers to provide validity/revocation status information""]","The answer is largely faithful regarding temporary suspension, which is clearly supported by the context as a mechanism for temporal limitation of qualified certificates. The first part of the answer accurately reflects Articles 28.5, 38.5, and Recital 53. However, the second part on 'expiry' is problematic. While Article 51.2 mentions certificate expiry, the context does not present expiry as a deliberate temporal limitation mechanism—it is a natural endpoint. The question asks 'how can qualified certificates be temporally limited,' which in context appears to ask about deliberate mechanisms (like suspension), not natural expiry. The answer conflates natural expiry with intentional temporal limitation, which is a minor but material overreach beyond what the context supports. Article 24.4 is cited but does not directly support the expiry discussion. This is a secondary claim that reduces overall faithfulness slightly.",[],"[""Citing Article 51.2 and Directive 1999/93/EC regarding expiration, which are not present in the provided gold texts.""]","[""E Rec. 53"", ""E Art. 24.4"", ""E Art. 28.5"", ""E Art. 38.5""]","The answer correctly and comprehensively explains how qualified certificates are temporally limited through temporary suspension under national rules, supported by Recital 53, Article 28(5), and Article 38(5). It also references the validity period (expiry) using Article 24(4). However, it brings in outside knowledge/citations (Article 51.2 and Directive 1999/93/EC) which are not supported by the provided gold texts.","- By temporary suspension under national rules: Member States may allow temporary suspension of qualified certificates for electronic signatures and for electronic seals; while suspended a certificate ""shall lose its validity for the period of suspension"", and the suspension period must be clearly indicated in the certificate database and be visible from the service providing certificate-status information (E Art. 28.5; E Art. 38.5). Recital 53 explains that suspension is different from revocation, entails temporary loss of validity, and that trust service providers must clearly indicate the suspension status and the precise period when suspension is used (E Rec. 53).

- By expiry: a qualified certificate is limited by its expiry; certificates issued to natural persons under Directive 1999/93/EC are to be treated as qualified under this Regulation until they expire (E Art. 51.2). Trust service providers must make information on validity or revocation status available at least on a per-certificate basis at any time and beyond the certificate’s validity period in an automated, reliable, free-of-charge manner (E Art. 24.4).","[1] Reference: E Art. 38.5
Document: E
Answer unit: E Art. 38
5. Subject to the following conditions, Member States may lay down national rules on temporary suspension of qualified certificates for electronic seals: (a) if a qualified certificate for electronic seal has been temporarily suspended, that certificate shall lose its validity for the period of suspension; (b) the period of suspension shall be clearly indicated in the certificate database and the suspension status shall be visible, during the period of suspension, from the service providing information on the status of the certificate.

[2] Reference: E Art. 28.5
Document: E
Answer unit: E Art. 28
5. Subject to the following conditions, Member States may lay down national rules on temporary suspension of a qualified certificate for electronic signature: (a) if a qualified certificate for electronic signature has been temporarily suspended that certificate shall lose its validity for the period of suspension; (b) the period of suspension shall be clearly indicated in the certificate database and the suspension status shall be visible, during the period of suspension, from the service providing information on the status of the certificate.

[3] Reference: E Rec. 53
Document: E
Answer unit: E Rec. 53
Recital 53. The suspension of qualified certificates is an established operational practice of trust service providers in a number of Member States, which is different from revocation and entails the temporary loss of validity of a certificate. Legal certainty calls for the suspension status of a certificate to always be clearly indicated. To that end, trust service providers should have the responsibility to clearly indicate the status of the certificate and, if suspended, the precise period of time during which the certificate has been suspended. This Regulation should not impose the use of suspension on trust service providers or Member States, but should provide for transparency rules when and where such a practice is available.

[4] Reference: E Art. 51.2
Document: E
Answer unit: E Art. 51
2. Qualified certificates issued to natural persons under Directive 1999/93/EC shall be considered as qualified certificates for electronic signatures under this Regulation until they expire.

[5] Reference: E Art. 24.4
Document: E
Answer unit: E Art. 24
4. With regard to paragraph 3, qualified trust service providers issuing qualified certificates shall provide to any relying party information on the validity or revocation status of qualified certificates issued by them. This information shall be made available at least on a per certificate basis at any time and beyond the validity period of the certificate in an automated manner that is reliable, free of charge and efficient.",,,,,,,,
audit_031,31,xref_only,high,q4eu_013,What are the requirements for website authentication?,"[""E""]","[""E Rec. 67"", ""E Art. 45""]","[""E Art. 45"", ""E Rec. 67"", ""E Rec. 11"", ""E Art. 32"", ""E Art. 48""]",1.0,0.9,0.8,False,False,False,,False,0.5,1.0,0.6666666666666666,"[""E Art. 45"", ""E Art. 48"", ""E Rec. 67"", ""E Rec. 11""]","[""E Art. 48"", ""E Rec. 11""]",[],[],"[""E Art. 45.1: Qualified certificates for website authentication shall meet the requirements laid down in Annex IV"", ""E Art. 45.2: Commission may establish reference numbers of standards; compliance presumed where certificate meets those standards"", ""E Rec. 67: Regulation lays down minimal security and liability obligations for providers and services"", ""E Rec. 67: Provision and use of website authentication services are entirely voluntary"", ""E Rec. 67: Third country provider's services recognised as qualified only if international agreement concluded"", ""E Rec. 11: Authentication should concern only identification data adequate, relevant and not excessive; confidentiality and security requirements under Directive 95/46/EC must be respected""]","The answer is nearly entirely faithful to the context. All substantive claims are directly supported by the provided passages. The answer appropriately acknowledges that Annex IV requirements are not included in the context and therefore cannot be listed. The answer accurately conveys the regulatory framework for website authentication requirements, including the role of the Commission, voluntary nature of services, third-country provider conditions, and data protection obligations. The only minor issue is that the answer could have been slightly more explicit that the 'minimal security and liability obligations' mentioned in Recital 67 are general principles rather than specific enumerated requirements, but this is a very minor framing point that does not constitute a material inaccuracy.",[],"[""Authentication for an online service should concern processing only identification data that are adequate, relevant and not excessive... confidentiality and security requirements under Directive 95/46/EC must be respected... (E Rec. 11)""]","[""Qualified certificates for website authentication shall meet the requirements laid down in Annex IV."", ""The Commission may, by means of implementing acts, establish reference numbers of standards..."", ""this Regulation should lay down minimal security and liability obligations for the providers and their services."", ""The provision and the use of website authentication services are entirely voluntary."", ""a third country provider should only have its website authentication services recognised as qualified... if an international agreement... has been concluded.""]","The answer covers all the legally relevant requirements mentioned in gold texts [G1] and [G2], including reference to Annex IV, standards, voluntary nature, minimal obligations, and third-country rules. However, it includes an extra claim regarding Directive 95/46/EC and 'E Rec. 11' which is not supported by the provided gold texts.","- Qualified certificates for website authentication must meet the requirements laid down in Annex IV (E Art. 45).  
  - The specific requirements from Annex IV are not included in the provided context, so they cannot be listed here (E Art. 45).

- The Commission may establish reference numbers of standards for such qualified certificates; compliance with those standards is presumed to satisfy the Annex IV requirements. Those implementing acts are to be adopted in accordance with the examination procedure referred to in Article 48(2) (E Art. 45; E Art. 48).

- The Regulation provides for minimal security and liability obligations for website-authentication providers and their services to build trust (E Rec. 67).

- Provision and use of website authentication services are voluntary; the Regulation should not prevent use of other authentication means outside its scope (E Rec. 67).

- A third-country provider’s website-authentication services may only be recognised as qualified under the Regulation if an international agreement between the Union and the provider’s country of establishment has been concluded (E Rec. 67).

- Authentication for an online service should concern processing only identification data that are adequate, relevant and not excessive for granting access; confidentiality and security requirements under Directive 95/46/EC must be respected by trust service providers and supervisory bodies (E Rec. 11).","[1] Reference: E Art. 45.1
Document: E
Answer unit: E Art. 45
1. Qualified certificates for website authentication shall meet the requirements laid down in Annex IV.

[2] Reference: E Rec. 67
Document: E
Answer unit: E Rec. 67
Recital 67. Website authentication services provide a means by which a visitor to a website can be assured that there is a genuine and legitimate entity standing behind the website. Those services contribute to the building of trust and confidence in conducting business online, as users will have confidence in a website that has been authenticated. The provision and the use of website authentication services are entirely voluntary. However, in order for website authentication to become a means to boosting trust, providing a better experience for the user and furthering growth in the internal market, this Regulation should lay down minimal security and liability obligations for the providers and their services. To that end, the results of existing industry-led initiatives, for example the Certification Authorities/Browsers Forum — CA/B Forum, have been taken into account. In addition, this Regulation should not impede the use of other means or methods to authenticate a website not falling under this Regulation nor should it prevent third country providers of website authentication services from providing their services to customers in the Union. However, a third country provider should only have its website authentication services recognised as qualified in accordance with this Regulation, if an international agreement between the Union and the country of establishment of the provider has been concluded.

[3] Reference: E Art. 45.2
Document: E
Answer unit: E Art. 45
2. The Commission may, by means of implementing acts, establish reference numbers of standards for qualified certificates for website authentication. Compliance with the requirements laid down in Annex IV shall be presumed where a qualified certificate for website authentication meets those standards. Those implementing acts shall be adopted in accordance with the examination procedure referred to in Article 48(2).

[4] Reference: E Rec. 11
Document: E
Answer unit: E Rec. 11
Recital 11. This Regulation should be applied in full compliance with the principles relating to the protection of personal data provided for in Directive 95/46/EC of the European Parliament and of the Council Directive 95/46/EC of the European Parliament and of the Council of 24 October 1995 on the protection of individuals with regard to the processing of personal data and on the free movement of such data ( OJ L 281, 23.11.1995, p. 31 ). . In this respect, having regard to the principle of mutual recognition established by this Regulation, authentication for an online service should concern processing of only those identification data that are adequate, relevant and not excessive to grant access to that service online. Furthermore, requirements under Directive 95/46/EC concerning confidentiality and security of processing should be respected by trust service providers and supervisory bodies.

[5] Reference: E Art. 32.2
Document: E
Answer unit: E Art. 32
2. The system used for validating the qualified electronic signature shall provide to the relying party the correct result of the validation process and shall allow the relying party to detect any security relevant issues.

[6] Reference: E Art. 48
Document: E
Answer unit: E Art. 48
Article 48. Committee procedure

1. The Commission shall be assisted by a committee. That committee shall be a committee within the meaning of Regulation (EU) No 182/2011.

2. Where reference is made to this paragraph, Article 5 of Regulation (EU) No 182/2011 shall apply.",,,,,,,,
audit_032,32,xref_only,high,q4eu_014,"When do electronic signatures qualify as ""advanced electronic signatures""?","[""E""]","[""E Art. 3"", ""E Art. 26""]","[""E Art. 26"", ""E Art. 27"", ""E Rec. 50"", ""E Art. 48""]",0.5,1.0,0.9,False,False,False,,False,0.5,0.5,0.5,"[""E Art. 26"", ""E Art. 27""]","[""E Art. 27""]","[""E Art. 3""]",[],"[""E Art. 26 states four requirements: (a) uniquely linked to signatory, (b) capable of identifying signatory, (c) created using signature creation data under sole control with high confidence, (d) linked to signed data so changes are detectable"", ""E Art. 27.4 confirms that compliance with Art. 26 requirements is presumed when signature meets standards in Commission implementing acts""]","The answer directly and completely restates the four requirements from E Art. 26 with proper citations. It also accurately conveys the presumption rule from E Art. 27.4 regarding compliance with standards. Every substantive claim is fully supported by the supplied context passages. The answer is precise, well-cited, and contains no contradictions or unsupported interpretations.",[],"[""Compliance with those requirements is presumed where the advanced electronic signature meets standards referenced in implementing acts established by the Commission (E Art. 27.4).""]","[""An advanced electronic signature shall meet the following requirements: (a) it is uniquely linked to the signatory; (b) it is capable of identifying the signatory; (c) it is created using electronic signature creation data that the signatory can, with a high level of confidence, use under his sole control; and (d) it is linked to the data signed therewith in such a way that any subsequent change in the data is detectable.""]","The answer perfectly lists the requirements for an advanced electronic signature as set out in Article 26. However, it includes an extra claim and citation regarding Article 27.4 and implementing acts which is not supported by the provided gold texts.","An electronic signature qualifies as an ""advanced electronic signature"" when it meets all of the following requirements (E Art. 26):
- it is uniquely linked to the signatory (E Art. 26);  
- it is capable of identifying the signatory (E Art. 26);  
- it is created using electronic signature creation data that the signatory can, with a high level of confidence, use under his sole control (E Art. 26); and  
- it is linked to the data signed therewith in such a way that any subsequent change in the data is detectable (E Art. 26).

Compliance with those requirements is presumed where the advanced electronic signature meets standards referenced in implementing acts established by the Commission (E Art. 27.4).","[1] Reference: E Art. 26.26
Document: E
Answer unit: E Art. 26
26. An advanced electronic signature shall meet the following requirements: (a) it is uniquely linked to the signatory; (b) it is capable of identifying the signatory; (c) it is created using electronic signature creation data that the signatory can, with a high level of confidence, use under his sole control; and (d) it is linked to the data signed therewith in such a way that any subsequent change in the data is detectable.

[2] Reference: E Art. 27.1
Document: E
Answer unit: E Art. 27
1. If a Member State requires an advanced electronic signature to use an online service offered by, or on behalf of, a public sector body, that Member State shall recognise advanced electronic signatures, advanced electronic signatures based on a qualified certificate for electronic signatures, and qualified electronic signatures in at least the formats or using methods defined in the implementing acts referred to in paragraph 5.

[3] Reference: E Rec. 50
Document: E
Answer unit: E Rec. 50
Recital 50. As competent authorities in the Member States currently use different formats of advanced electronic signatures to sign their documents electronically, it is necessary to ensure that at least a number of advanced electronic signature formats can be technically supported by Member States when they receive documents signed electronically. Similarly, when competent authorities in the Member States use advanced electronic seals, it would be necessary to ensure that they support at least a number of advanced electronic seal formats.

[4] Reference: E Art. 27.4
Document: E
Answer unit: E Art. 27
4. The Commission may, by means of implementing acts, establish reference numbers of standards for advanced electronic signatures. Compliance with the requirements for advanced electronic signatures referred to in paragraphs 1 and 2 of this Article and in Article 26 shall be presumed when an advanced electronic signature meets those standards. Those implementing acts shall be adopted in accordance with the examination procedure referred to in Article 48(2).

[5] Reference: E Art. 27.2
Document: E
Answer unit: E Art. 27
2. If a Member State requires an advanced electronic signature based on a qualified certificate to use an online service offered by, or on behalf of, a public sector body, that Member State shall recognise advanced electronic signatures based on a qualified certificate and qualified electronic signatures in at least the formats or using methods defined in the implementing acts referred to in paragraph 5.

[6] Reference: E Art. 26
Document: E
Answer unit: E Art. 26
Article 26. Requirements for advanced electronic signatures

26. An advanced electronic signature shall meet the following requirements: (a) it is uniquely linked to the signatory; (b) it is capable of identifying the signatory; (c) it is created using electronic signature creation data that the signatory can, with a high level of confidence, use under his sole control; and (d) it is linked to the data signed therewith in such a way that any subsequent change in the data is detectable.

[7] Reference: E Art. 48
Document: E
Answer unit: E Art. 48
Article 48. Committee procedure

1. The Commission shall be assisted by a committee. That committee shall be a committee within the meaning of Regulation (EU) No 182/2011.

2. Where reference is made to this paragraph, Article 5 of Regulation (EU) No 182/2011 shall apply.",,,,,,,,
audit_033,33,xref_only,high,q4eu_044,What is the applicable law to determine the validity of consent?,"[""RI""]","[""RI Art. 3"", ""RI Art. 10"", ""RI Art. 11"", ""RI Art. 13""]","[""RI Art. 3"", ""RI Art. 10"", ""RII Rec. 12"", ""RII Art. 12"", ""RI Art. 11"", ""RI Art. 13""]",1.0,1.0,1.0,False,False,False,,False,1.0,1.0,1.0,"[""RI Art. 10"", ""RI Art. 11"", ""RI Art. 13"", ""RI Art. 3""]",[],[],[],"[""RI Art. 10.1: 'The existence and validity of a contract, or of any term of a contract, shall be determined by the law which would govern it under this Regulation if the contract or term were valid.'"", ""RI Art. 10.2: 'Nevertheless, a party, in order to establish that he did not consent, may rely upon the law of the country in which he has his habitual residence if it appears from the circumstances that it would not be reasonable to determine the effect of his conduct in accordance with the law specified in paragraph 1.'"", ""RI Art. 3.5: 'The existence and validity of the consent of the parties as to the choice of the applicable law shall be determined in accordance with the provisions of Articles 10, 11 and 13.'""]","The answer directly and accurately restates the three key provisions from the context. The primary rule is faithfully drawn from RI Art. 10.1, the exception from RI Art. 10.2, and the note about consent to choice of law from RI Art. 3.5. All substantive claims are explicitly supported by the supplied passages with no contradictions, overstatements, or unsupported legal interpretations.",[],[],"[""RI Art. 10.1"", ""RI Art. 10.2"", ""RI Art. 3.5""]","The answer is fully correct. It accurately describes the primary rule for determining consent and material validity under Article 10(1), the exception under Article 10(2), and the specific rule for consent regarding the choice of applicable law under Article 3(5), referencing the correct articles (10, 11, and 13).","- Primary rule: the existence and validity of consent (and of a contract or any term) is determined by the law which would govern the contract or term under this Regulation if the contract or term were valid (RI Art. 10.1).

- Exception: to establish that he did not consent, a party may rely on the law of the country of his habitual residence where circumstances show it would be unreasonable to determine the effect of his conduct according to the law in paragraph 1 (RI Art. 10.2).

- Note: the existence and validity of consent as to the choice of the applicable law is to be determined in accordance with Articles 10, 11 and 13 (RI Art. 3.5).","[1] Reference: RI Art. 3.5
Document: RI
Answer unit: RI Art. 3
5. The existence and validity of the consent of the parties as to the choice of the applicable law shall be determined in accordance with the provisions of Articles 10, 11 and 13.

[2] Reference: RI Art. 10.1
Document: RI
Answer unit: RI Art. 10
1. The existence and validity of a contract, or of any term of a contract, shall be determined by the law which would govern it under this Regulation if the contract or term were valid.

[3] Reference: RII Rec. 12
Document: RII
Answer unit: RII Rec. 12
Recital 12. The law applicable should also govern the question of the capacity to incur liability in tort/delict.

[4] Reference: RI Art. 10.2
Document: RI
Answer unit: RI Art. 10
2. Nevertheless, a party, in order to establish that he did not consent, may rely upon the law of the country in which he has his habitual residence if it appears from the circumstances that it would not be reasonable to determine the effect of his conduct in accordance with the law specified in paragraph 1.

[5] Reference: RII Art. 12.1
Document: RII
Answer unit: RII Art. 12
1. The law applicable to a non-contractual obligation arising out of dealings prior to the conclusion of a contract, regardless of whether the contract was actually concluded or not, shall be the law that applies to the contract or that would have been applicable to it had it been entered into.

[6] Reference: RI Art. 10
Document: RI
Answer unit: RI Art. 10
Article 10. Consent and material validity

1. The existence and validity of a contract, or of any term of a contract, shall be determined by the law which would govern it under this Regulation if the contract or term were valid.

2. Nevertheless, a party, in order to establish that he did not consent, may rely upon the law of the country in which he has his habitual residence if it appears from the circumstances that it would not be reasonable to determine the effect of his conduct in accordance with the law specified in paragraph 1.

[7] Reference: RI Art. 11
Document: RI
Answer unit: RI Art. 11
Article 11. Formal validity

1. A contract concluded between persons who, or whose agents, are in the same country at the time of its conclusion is

2. A contract concluded between persons who, or whose agents, are in different countries at the time of its conclusion is formally valid if it satisfies the formal requirements of the law which governs it in substance under this Regulation, or of the law of either of the countries where either of the parties or their agent is present at the time of conclusion, or of the law of the country where either of the parties had his habitual residence at that time.

3. A unilateral act intended to have legal effect relating to an existing or contemplated contract is formally valid if it satisfies the formal requirements of the law which governs or would govern the contract in substance under this Regulation, or of the law of the country where the act was done, or of the law of the country where the person by whom it was done had his habitual residence at that time.

4. Paragraphs 1, 2 and 3 of this Article shall not apply to contracts that fall within the scope of Article 6. The form of such contracts shall be governed by the law of the country where the consumer has his habitual residence.

5. Notwithstanding paragraphs 1 to 4, a contract the subject matter of which is a right in rem in immovable property or a tenancy of immovable property shall be subject to the requirements of form of the law of the country where the property is situated if by that law: (a) those requirements are imposed irrespective of the country where the contract is concluded and irrespective of the law governing the contract; and (b) those requirements cannot be derogated from by agreement.

[8] Reference: RI Art. 13
Document: RI
Answer unit: RI Art. 13
Article 13. Incapacity

13. In a contract concluded between persons who are in the same country, a natural person who would have capacity under the law of that country may invoke his incapacity resulting from the law of another country, only if the other party to the contract was aware of that incapacity at the time of the conclusion of the contract or was not aware thereof as a result of negligence.",,,,,,,,
audit_034,34,xref_only,high,q4eu_049,Who decides precedence in the event of a conflict between a European arrest warrant and a request for extradition from a third country?,"[""W""]","[""W Art. 16"", ""W Rec. 8"", ""W Art. 10""]","[""W Art. 16"", ""W Rec. 11"", ""W Art. 1"", ""W Art. 21"", ""W Art. 17""]",0.3333333333333333,1.0,1.0,False,False,False,,False,1.0,0.3333333333333333,0.5,"[""W Art. 16""]",[],"[""W Art. 10"", ""W Rec. 8""]",[],"[""W Art. 16.3: 'the decision on whether the European arrest warrant or the extradition request takes precedence shall be taken by the competent authority of the executing Member State with due consideration of all the circumstances, in particular those referred to in paragraph 1 and those mentioned in the applicable convention.'""]","The answer directly and accurately quotes the relevant provision from the context (W Art. 16.3), correctly identifying that the competent authority of the executing Member State makes the decision on precedence and specifying the considerations required. Every substantive claim in the answer is fully supported by the supplied context with no contradiction or unsupported interpretation.",[],[],"[""W Art. 16.3: In the event of a conflict between a European arrest warrant and a request for extradition presented by a third country, the decision on whether the European arrest warrant or the extradition request takes precedence shall be taken by the competent authority of the executing Member State...""]","The answer is fully correct and directly supported by Article 16.3 of the gold text, accurately naming the competent authority of the executing Member State and the conditions they must consider.","The competent authority of the executing Member State decides which takes precedence, taking into account all the circumstances, in particular those referred to in paragraph 1 and those in the applicable convention (W Art. 16.3).","[1] Reference: W Art. 16.3
Document: W
Answer unit: W Art. 16
3. In the event of a conflict between a European arrest warrant and a request for extradition presented by a third country, the decision on whether the European arrest warrant or the extradition request takes precedence shall be taken by the competent authority of the executing Member State with due consideration of all the circumstances, in particular those referred to in paragraph 1 and those mentioned in the applicable convention.

[2] Reference: W Art. 16.1
Document: W
Answer unit: W Art. 16
1. If two or more Member States have issued European arrest warrants for the same person, the decision on which of the European arrest warrants shall be executed shall be taken by the executing judicial authority with due consideration of all the circumstances and especially the relative seriousness and place of the offences, the respective dates of the European arrest warrants and whether the warrant has been issued for the purposes of prosecution or for execution of a custodial sentence or detention order.

[3] Reference: W Rec. 11
Document: W
Answer unit: W Rec. 11
Recital 11. In relations between Member States, the European arrest warrant should replace all the previous instruments concerning extradition, including the provisions of Title III of the Convention implementing the Schengen Agreement which concern extradition.

[4] Reference: W Art. 1.1
Document: W
Answer unit: W Art. 1
1. The European arrest warrant is a judicial decision issued by a Member State with a view to the arrest and surrender by another Member State of a requested person, for the purposes of conducting a criminal prosecution or executing a custodial sentence or detention order.

[5] Reference: W Art. 21.1
Document: W
Answer unit: W Art. 21
This Framework Decision shall not prejudice the obligations of the executing Member State where the requested person has been extradited to that Member State from a third State and where that person is protected by provisions of the arrangement under which he or she was extradited concerning speciality. The executing Member State shall take all necessary measures for requesting forthwith the consent of the State from which the requested person was extradited so that he or she can be surrendered to the Member State which issued the European arrest warrant. The time limits referred to in Article 17 shall not start running until the day on which these speciality rules cease to apply. Pending the decision of the State from which the requested person was extradited, the executing Member State will ensure that the material conditions necessary for effective surrender remain fulfilled.

[6] Reference: W Art. 17
Document: W
Answer unit: W Art. 17
Article 17. 1. A European arrest warrant shall be dealt with and executed as a matter of urgency. 2. In cases where the requested person consents to his surrender, the final decision on the execution of the European arrest warrant should be taken within a period of 10 days after consent has been given. 3. In other cases, the final decision on the execution of the European arrest warrant should be taken within a period of 60 days after the arrest of the requested person. 4. Where in specific cases the European arrest warrant cannot be executed within the time limits laid down in paragraphs 2 or 3, the executing judicial authority shall immediately inform the issuing judicial authority thereof, giving the reasons for the delay. In such case, the time limits may be extended by a further 30 days. 5. As long as the executing judicial authority has not taken a final decision on the European arrest warrant, it shall ensure that the material conditions necessary for effective surrender of the person remain fulfilled. 6. Reasons must be given for any refusal to execute a European arrest warrant. 7. Where in exceptional circumstances a Member State cannot observe the time limits provided for in this Article, it shall inform Eurojust, giving the reasons for the delay. In addition, a Member State which has experienced repeated delays on the part of another Member State in the execution of European arrest warrants shall inform the Council with a view to evaluating the implementation of this Framework Decision at Member State level.",,,,,,,,
audit_035,35,xref_only,mid,q4eu_067,What claims can be made to the judicial authority by the interested party who has not previously received any official information on the existence of the criminal proceedings against him/her?,"[""W""]","[""W Art. 4a"", ""W Rec. 12"", ""W Art. 11""]","[""W Art. 4a"", ""W Art. 3"", ""G Art. 81"", ""B Rec. 29"", ""W Art. 4""]",0.3333333333333333,0.6,0.8,False,False,False,,False,0.5,0.3333333333333333,0.4,"[""W Art. 4a"", ""B Rec. 29""]","[""B Rec. 29""]","[""W Art. 11"", ""W Rec. 12""]","[""The second claim about applying for refusal of recognition/enforcement is not supported by the context as a claim available to an interested party who has not received official information about criminal proceedings. Recital 29 discusses grounds for refusal in civil actions linked to criminal proceedings, but does not establish this as a remedy specifically for parties uninformed of proceedings.""]","[""W Art. 4a.2: Person who has not received official information about criminal proceedings may request a copy of the judgment when informed about the European arrest warrant content"", ""W Art. 4a.2: Issuing authority must provide the copy immediately via executing authority; request does not delay surrender or warrant execution"", ""W Art. 4a.2: Copy is for information purposes only and does not constitute formal service or start time-limits for retrial/appeal""]","The first claim about requesting a copy of the judgment is fully supported by W Art. 4a.2 and accurately describes the procedure and limitations. However, the second claim about applying for refusal of recognition/enforcement is problematic. While B Rec. 29 does mention grounds for refusal including lack of opportunity to arrange defense, it does not establish this as a specific remedy available to parties uninformed of proceedings. The recital discusses civil actions linked to criminal proceedings in the context of direct enforcement without declaration of enforceability, but does not connect this to the specific situation of an interested party uninformed of criminal proceedings. The answer conflates two separate legal contexts without clear support from the context passages.",[],"[""Apply for refusal of recognition or enforcement of the judgment if he or she considers one of the grounds for refusal to be present — this includes the ground that the person had not had the opportunity to arrange for his or her defence where the judgment was given in default of appearance in a civil action linked to criminal proceedings (B Rec. 29).""]","[""W Art. 4a, paragraph 2""]","The answer correctly points out that under Article 4a(2), the interested party who has not received previous official information can request to receive a copy of the judgment before being surrendered. However, it also includes a claim based on 'B Rec. 29' related to civil actions, which is not present in the supplied gold texts and is therefore unsupported.","- Request to receive a copy of the judgment before being surrendered (when informed about the content of the European arrest warrant). The issuing authority must provide the copy via the executing authority immediately after being informed of the request; the request must not delay surrender or the decision to execute the warrant; the copy is for information only and does not constitute formal service nor start any time-limits for retrial or appeal (W Art. 4a).  

- Apply for refusal of recognition or enforcement of the judgment if he or she considers one of the grounds for refusal to be present — this includes the ground that the person had not had the opportunity to arrange for his or her defence where the judgment was given in default of appearance in a civil action linked to criminal proceedings (B Rec. 29).","[1] Reference: W Art. 4a.2
Document: W
Answer unit: W Art. 4a
2. In case the European arrest warrant is issued for the purpose of executing a custodial sentence or detention order under the conditions of paragraph 1(d) and the person concerned has not previously received any official information about the existence of the criminal proceedings against him or her, he or she may, when being informed about the content of the European arrest warrant, request to receive a copy of the judgment before being surrendered. Immediately after having been informed about the request, the issuing authority shall provide the copy of the judgment via the executing authority to the person sought. The request of the person sought shall neither delay the surrender procedure nor delay the decision to execute the European arrest warrant. The provision of the judgment to the person concerned is for information purposes only; it shall neither be regarded as a formal service of the judgment nor actuate any time limits applicable for requesting a retrial or appeal.

[2] Reference: W Art. 3.2
Document: W
Answer unit: W Art. 3
2. if the executing judicial authority is informed that the requested person has been finally judged by a Member State in respect of the same acts provided that, where there has been sentence, the sentence has been served or is currently being served or may no longer be executed under the law of the sentencing Member State;

[3] Reference: G Art. 81.1
Document: G
Answer unit: G Art. 81
1. Where a competent court of a Member State has information on proceedings, concerning the same subject matter as regards processing by the same controller or processor, that are pending in a court in another Member State, it shall contact that court in the other Member State to confirm the existence of such proceedings.

[4] Reference: B Rec. 29
Document: B
Answer unit: B Rec. 29
Recital 29. The direct enforcement in the Member State addressed of a judgment given in another Member State without a declaration of enforceability should not jeopardise respect for the rights of the defence. Therefore, the person against whom enforcement is sought should be able to apply for refusal of the recognition or enforcement of a judgment if he considers one of the grounds for refusal of recognition to be present. This should include the ground that he had not had the opportunity to arrange for his defence where the judgment was given in default of appearance in a civil action linked to criminal proceedings. It should also include the grounds which could be invoked on the basis of an agreement between the Member State addressed and a third State concluded pursuant to Article 59 of the 1968 Brussels Convention.

[5] Reference: W Art. 4.3
Document: W
Answer unit: W Art. 4
3. where the judicial authorities of the executing Member State have decided either not to prosecute for the offence on which the European arrest warrant is based or to halt proceedings, or where a final judgment has been passed upon the requested person in a Member State, in respect of the same acts, which prevents further proceedings;",,,,,,,,
audit_036,36,xref_only,low,q4eu_070,What non-contractual obligations fall into the scope of Regulation Rome II?,"[""RII""]","[""RII Rec. 10"", ""RII Rec. 11"", ""RII Art. 1"", ""RII Art. 2""]","[""RII Art. 1"", ""RII Rec. 11"", ""RI Rec. 10"", ""RII Art. 2"", ""B Rec. 10"", ""RI Art. 12""]",0.75,0.4,0.6,False,False,False,,False,0.75,0.75,0.75,"[""RII Rec. 11"", ""RII Art. 2"", ""RII Art. 1"", ""B Rec. 10""]","[""B Rec. 10""]","[""RII Rec. 10""]","[""The answer presents exclusions as if they define what falls within scope, when the question asks what non-contractual obligations DO fall within scope"", ""The answer does not affirmatively identify what non-contractual obligations ARE included in Rome II's scope—it only lists exclusions"", ""The answer implies Rome II has a positive scope by listing only exclusions, but provides no concrete examples of obligations that actually fall within the Regulation""]","[""RII Rec. 11: 'non-contractual obligation should be understood as an autonomous concept' and 'should also cover non-contractual obligations arising out of strict liability'"", ""RII Art. 2.2: 'This Regulation shall apply also to non-contractual obligations that are likely to arise'"", ""RII Art. 1.2: Lists seven categories of exclusions from scope""]","The answer is materially incomplete and misdirected. The question asks what non-contractual obligations FALL INTO the scope of Rome II (i.e., what is included). The answer instead focuses almost entirely on exclusions, which tells us what is NOT covered. While the answer correctly cites that Rome II covers non-contractual obligations as an autonomous concept and includes strict liability obligations, it fails to affirmatively answer the question by providing concrete examples or categories of non-contractual obligations that ARE within scope. The context passages do not explicitly enumerate positive categories of included obligations (beyond the general principle and strict liability), but the answer's structure—presenting only exclusions as the substantive answer—misrepresents the scope by omission. The answer would be faithful if framed as 'Rome II covers non-contractual obligations generally (as an autonomous concept, including strict liability), except for the following exclusions...' but instead it presents exclusions as the primary content, leaving the affirmative scope undefined.","[""Application to situations involving a conflict of laws in civil and commercial matters (Article 1(1))"", ""Exclusion of revenue, customs or administrative matters, and State liability for acts and omissions in the exercise of State authority (acta iure imperii) (Article 1(1))"", ""Under Article 2(1), damage covers (and thus scope includes) consequences arising out of tort/delict, unjust enrichment, negotiorum gestio, or culpa in contrahendo""]",[],"[""Recital 11"", ""Article 1(1)"", ""Article 1(2)"", ""Article 2""]","The answer accurately lists the specific exclusions from Article 1(2) and notes that the regulation covers strict liability and obligations likely to arise. However, it fails to mention the fundamental affirmative definition of the scope: that it applies to 'civil and commercial matters' (excluding revenue, customs, administrative, and acta iure imperii), and that it specifically covers obligations arising out of tort/delict, unjust enrichment, negotiorum gestio, or culpa in contrahendo (Article 2(1)).","- General rule: The Regulation covers non‑contractual obligations as an autonomous concept and expressly covers non‑contractual obligations arising out of strict liability; it also applies to non‑contractual obligations that are likely to arise (RII Rec. 11; RII Art. 2).  

- Main exclusions (i.e. non‑contractual obligations that do NOT fall within the Regulation’s scope):  
  - Non‑contractual obligations arising out of family relationships and relationships deemed by the law applicable to such relationships to have comparable effects, including maintenance obligations (RII Art. 1; B Rec. 10).  
  - Non‑contractual obligations arising out of matrimonial property regimes, property regimes of relationships deemed comparable to marriage, and wills and succession (RII Art. 1).  
  - Non‑contractual obligations arising under bills of exchange, cheques and promissory notes and other negotiable instruments to the extent that the obligations arise out of their negotiable character (RII Art. 1).  
  - Non‑contractual obligations arising out of the law of companies and other bodies corporate or unincorporated concerning creation, legal capacity, internal organisation, winding‑up, personal liability of officers/members for company obligations, and auditors’ personal liability in statutory audits of accounting documents (RII Art. 1).  
  - Non‑contractual obligations arising out of relations between settlors, trustees and beneficiaries of a trust created voluntarily (RII Art. 1).  
  - Non‑contractual obligations arising out of nuclear damage (RII Art. 1).  
  - Non‑contractual obligations arising out of violations of privacy and rights relating to personality, including defamation (RII Art. 1).","[1] Reference: RII Art. 1.2
Document: RII
Answer unit: RII Art. 1
2. The following shall be excluded from the scope of this Regulation: (a) non-contractual obligations arising out of family relationships and relationships deemed by the law applicable to such relationships to have comparable effects including maintenance obligations; (b) non-contractual obligations arising out of matrimonial property regimes, property regimes of relationships deemed by the law applicable to such relationships to have comparable effects to marriage, and wills and succession; (c) non-contractual obligations arising under bills of exchange, cheques and promissory notes and other negotiable instruments to the extent that the obligations under such other negotiable instruments arise out of their negotiable character; (d) non-contractual obligations arising out of the law of companies and other bodies corporate or unincorporated regarding matters such as the creation, by registration or otherwise, legal capacity, internal organisation or winding-up of companies and other bodies corporate or unincorporated, the personal liability of officers and members as such for the obligations of the company or body and the personal liability of auditors to a company or to its members in the statutory audits of accounting documents; (e) non-contractual obligations arising out of the relations between the settlors, trustees and beneficiaries of a trust created voluntarily; (f) non-contractual obligations arising out of nuclear damage; (g) non-contractual obligations arising out of violations of privacy and rights relating to personality, including defamation.

[2] Reference: RII Rec. 11
Document: RII
Answer unit: RII Rec. 11
Recital 11. The concept of a non-contractual obligation varies from one Member State to another. Therefore for the purposes of this Regulation non-contractual obligation should be understood as an autonomous concept. The conflict-of-law rules set out in this Regulation should also cover non-contractual obligations arising out of strict liability.

[3] Reference: RI Rec. 10
Document: RI
Answer unit: RI Rec. 10
Recital 10. Obligations arising out of dealings prior to the conclusion of the contract are covered by Article 12 of Regulation (EC) No 864/2007. Such obligations should therefore be excluded from the scope of this Regulation.

[4] Reference: RII Art. 2.2
Document: RII
Answer unit: RII Art. 2
2. This Regulation shall apply also to non-contractual obligations that are likely to arise.

[5] Reference: B Rec. 10
Document: B
Answer unit: B Rec. 10
Recital 10. The scope of this Regulation should cover all the main civil and commercial matters apart from certain well-defined matters, in particular maintenance obligations, which should be excluded from the scope of this Regulation following the adoption of Council Regulation (EC) No 4/2009 of 18 December 2008 on jurisdiction, applicable law, recognition and enforcement of decisions and cooperation in matters relating to maintenance obligations (9).

[6] Reference: RI Art. 12
Document: RI
Answer unit: RI Art. 12
Article 12. Scope of the law applicable

1. The law applicable to a contract by virtue of this Regulation shall govern in particular: (a) interpretation; (b) performance; (c) within the limits of the powers conferred on the court by its procedural law, the consequences of a total or partial breach of obligations, including the assessment of damages in so far as it is governed by rules of law; (d) the various ways of extinguishing obligations, and prescription and limitation of actions; (e) the consequences of nullity of the contract.

2. In relation to the manner of performance and the steps to be taken in the event of defective performance, regard shall be had to the law of the country in which performance takes place.",,,,,,,,
